url,page_type,http_status,final_url,redirect_chain,fetch_error,content_type,title,h1,h1_count,meta_robots,canonical,canonical_matches_url,word_count_main,viewport,header_menu_version,offcanvas_menu_version,footer_version,cf_cache_status,nocache_http_status,nocache_vs_normal,cache_note,discovered_via,first_seen_from,linked_from_menu,inbound_links_count,flags
https://new.soilfoodweb.com/,page,200,https://new.soilfoodweb.com/,,,text/html,Soil Food Web Foundation,Join a global community of Soil Regenerators,1,"noindex, nofollow",https://new.soilfoodweb.com/,yes,1433,"width=device-width, initial-scale=1, maximum-scale=1, user-scalable=0",menu-v1,ocm-v1,footer-v1,DYNAMIC,200,identical,,"REST,crawl",start,yes,412,VIEWPORT-BLOCKS-ZOOM
https://new.soilfoodweb.com/2022/07/,date archive,200,https://new.soilfoodweb.com/2022/07/,,,text/html,July 2022 – Soil Food Web Foundation,July 2022,1,"noindex, nofollow",,,80,"width=device-width, initial-scale=1, maximum-scale=1, user-scalable=0",menu-v1,ocm-v1,footer-v1,DYNAMIC,200,identical,,crawl,/?attachment_id=1229,no,18,VIEWPORT-BLOCKS-ZOOM
https://new.soilfoodweb.com/2022/11/,date archive,200,https://new.soilfoodweb.com/2022/11/,,,text/html,November 2022 – Soil Food Web Foundation,November 2022,1,"noindex, nofollow",,,84,"width=device-width, initial-scale=1, maximum-scale=1, user-scalable=0",menu-v1,ocm-v1,footer-v1,DYNAMIC,200,identical,,crawl,/?attachment_id=1229,no,18,VIEWPORT-BLOCKS-ZOOM
https://new.soilfoodweb.com/2023/07/,date archive,200,https://new.soilfoodweb.com/2023/07/,,,text/html,July 2023 – Soil Food Web Foundation,July 2023,1,"noindex, nofollow",,,84,"width=device-width, initial-scale=1, maximum-scale=1, user-scalable=0",menu-v1,ocm-v1,footer-v1,DYNAMIC,200,identical,,crawl,/?attachment_id=1229,no,18,VIEWPORT-BLOCKS-ZOOM
https://new.soilfoodweb.com/2024/03/,date archive,200,https://new.soilfoodweb.com/2024/03/,,,text/html,March 2024 – Soil Food Web Foundation,March 2024,1,"noindex, nofollow",,,96,"width=device-width, initial-scale=1, maximum-scale=1, user-scalable=0",menu-v1,ocm-v1,footer-v1,DYNAMIC,200,identical,,crawl,/?attachment_id=1229,no,18,VIEWPORT-BLOCKS-ZOOM
https://new.soilfoodweb.com/2024/12/,date archive,200,https://new.soilfoodweb.com/2024/12/,,,text/html,December 2024 – Soil Food Web Foundation,December 2024,1,"noindex, nofollow",,,78,"width=device-width, initial-scale=1, maximum-scale=1, user-scalable=0",menu-v1,ocm-v1,footer-v1,DYNAMIC,200,identical,,crawl,/?attachment_id=1229,no,18,VIEWPORT-BLOCKS-ZOOM
https://new.soilfoodweb.com/2025-in-review-a-time-of-transition-honoring-our-founder-and-guiding-spirit-building-stronger-community-and-preparing-for-a-bright-future/,post,200,https://new.soilfoodweb.com/2025-in-review-a-time-of-transition-honoring-our-founder-and-guiding-spirit-building-stronger-community-and-preparing-for-a-bright-future/,,,text/html,"2025 in Review: A time of transition – honoring our founder and guiding spirit, building stronger community, and preparing for a bright future – Soil Food Web Foundation","2025 in Review: A time of transition – honoring our founder and guiding spirit, building stronger community, and preparing for a bright future",1,"noindex, nofollow",https://new.soilfoodweb.com/2025-in-review-a-time-of-transition-honoring-our-founder-and-guiding-spirit-building-stronger-community-and-preparing-for-a-bright-future/,yes,1650,"width=device-width, initial-scale=1, maximum-scale=1, user-scalable=0",menu-v1,ocm-v1,footer-v1,DYNAMIC,200,identical,,"REST,crawl",rest:post,no,20,VIEWPORT-BLOCKS-ZOOM
https://new.soilfoodweb.com/2025/02/,date archive,200,https://new.soilfoodweb.com/2025/02/,,,text/html,February 2025 – Soil Food Web Foundation,February 2025,1,"noindex, nofollow",,,78,"width=device-width, initial-scale=1, maximum-scale=1, user-scalable=0",menu-v1,ocm-v1,footer-v1,DYNAMIC,200,identical,,crawl,/?attachment_id=1229,no,18,VIEWPORT-BLOCKS-ZOOM
https://new.soilfoodweb.com/2025/09/,date archive,200,https://new.soilfoodweb.com/2025/09/,,,text/html,September 2025 – Soil Food Web Foundation,September 2025,1,"noindex, nofollow",,,90,"width=device-width, initial-scale=1, maximum-scale=1, user-scalable=0",menu-v1,ocm-v1,footer-v1,DYNAMIC,200,identical,,crawl,/?attachment_id=1229,no,18,VIEWPORT-BLOCKS-ZOOM
https://new.soilfoodweb.com/2025/10/,date archive,200,https://new.soilfoodweb.com/2025/10/,,,text/html,October 2025 – Soil Food Web Foundation,October 2025,1,"noindex, nofollow",,,154,"width=device-width, initial-scale=1, maximum-scale=1, user-scalable=0",menu-v1,ocm-v1,footer-v1,DYNAMIC,200,identical,,crawl,/?attachment_id=1229,no,18,VIEWPORT-BLOCKS-ZOOM
https://new.soilfoodweb.com/2025/11/,date archive,200,https://new.soilfoodweb.com/2025/11/,,,text/html,November 2025 – Soil Food Web Foundation,November 2025,1,"noindex, nofollow",,,102,"width=device-width, initial-scale=1, maximum-scale=1, user-scalable=0",menu-v1,ocm-v1,footer-v1,DYNAMIC,200,identical,,crawl,/?attachment_id=1229,no,18,VIEWPORT-BLOCKS-ZOOM
https://new.soilfoodweb.com/2025/12/,date archive,200,https://new.soilfoodweb.com/2025/12/,,,text/html,December 2025 – Soil Food Web Foundation,December 2025,1,"noindex, nofollow",,,115,"width=device-width, initial-scale=1, maximum-scale=1, user-scalable=0",menu-v1,ocm-v1,footer-v1,DYNAMIC,200,identical,,crawl,/?attachment_id=1229,no,18,VIEWPORT-BLOCKS-ZOOM
https://new.soilfoodweb.com/2026/02/,date archive,200,https://new.soilfoodweb.com/2026/02/,,,text/html,February 2026 – Soil Food Web Foundation,February 2026,1,"noindex, nofollow",,,123,"width=device-width, initial-scale=1, maximum-scale=1, user-scalable=0",menu-v1,ocm-v1,footer-v1,DYNAMIC,200,identical,,crawl,/?attachment_id=1229,no,18,VIEWPORT-BLOCKS-ZOOM
https://new.soilfoodweb.com/2026/04/,date archive,200,https://new.soilfoodweb.com/2026/04/,,,text/html,April 2026 – Soil Food Web Foundation,April 2026,1,"noindex, nofollow",,,108,"width=device-width, initial-scale=1, maximum-scale=1, user-scalable=0",menu-v1,ocm-v1,footer-v1,DYNAMIC,200,identical,,crawl,/?attachment_id=1229,no,18,VIEWPORT-BLOCKS-ZOOM
https://new.soilfoodweb.com/2026/05/,date archive,200,https://new.soilfoodweb.com/2026/05/,,,text/html,May 2026 – Soil Food Web Foundation,May 2026,1,"noindex, nofollow",,,117,"width=device-width, initial-scale=1, maximum-scale=1, user-scalable=0",menu-v1,ocm-v1,footer-v1,DYNAMIC,200,identical,,crawl,/?attachment_id=1229,no,18,VIEWPORT-BLOCKS-ZOOM
https://new.soilfoodweb.com/?attachment_id=1179,attachment (query),200,https://new.soilfoodweb.com/?attachment_id=1179,,,text/html,Foundation Courses – Soil Food Web Foundation,Foundation Courses,1,"noindex, nofollow",https://new.soilfoodweb.com/?attachment_id=1179,yes,120,"width=device-width, initial-scale=1, maximum-scale=1, user-scalable=0",menu-v1,ocm-v1,footer-v1,DYNAMIC,200,identical,,"REST,crawl",rest:attachment,no,1,VIEWPORT-BLOCKS-ZOOM
https://new.soilfoodweb.com/?attachment_id=1181,attachment (query),200,https://new.soilfoodweb.com/?attachment_id=1181,,,text/html,Advanced Programs – Soil Food Web Foundation,Advanced Programs,1,"noindex, nofollow",https://new.soilfoodweb.com/?attachment_id=1181,yes,120,"width=device-width, initial-scale=1, maximum-scale=1, user-scalable=0",menu-v1,ocm-v1,footer-v1,DYNAMIC,200,identical,,"REST,crawl",rest:attachment,no,1,VIEWPORT-BLOCKS-ZOOM
https://new.soilfoodweb.com/?attachment_id=1183,attachment (query),200,https://new.soilfoodweb.com/?attachment_id=1183,,,text/html,Permaculture Design Certification – Soil Food Web Foundation,Permaculture Design Certification,1,"noindex, nofollow",https://new.soilfoodweb.com/?attachment_id=1183,yes,121,"width=device-width, initial-scale=1, maximum-scale=1, user-scalable=0",menu-v1,ocm-v1,footer-v1,DYNAMIC,200,identical,,"REST,crawl",rest:attachment,no,1,VIEWPORT-BLOCKS-ZOOM
https://new.soilfoodweb.com/?attachment_id=1185,attachment (query),200,https://new.soilfoodweb.com/?attachment_id=1185,,,text/html,Ecosystem Restoration Courses – Soil Food Web Foundation,Ecosystem Restoration Courses,1,"noindex, nofollow",https://new.soilfoodweb.com/?attachment_id=1185,yes,121,"width=device-width, initial-scale=1, maximum-scale=1, user-scalable=0",menu-v1,ocm-v1,footer-v1,DYNAMIC,200,identical,,"REST,crawl",rest:attachment,no,1,VIEWPORT-BLOCKS-ZOOM
https://new.soilfoodweb.com/?attachment_id=1187,attachment (query),200,https://new.soilfoodweb.com/?attachment_id=1187,,,text/html,Workshops – Soil Food Web Foundation,Workshops,1,"noindex, nofollow",https://new.soilfoodweb.com/?attachment_id=1187,yes,119,"width=device-width, initial-scale=1, maximum-scale=1, user-scalable=0",menu-v1,ocm-v1,footer-v1,DYNAMIC,200,identical,,"REST,crawl",rest:attachment,no,1,VIEWPORT-BLOCKS-ZOOM
https://new.soilfoodweb.com/?attachment_id=1226,attachment (query),200,https://new.soilfoodweb.com/?attachment_id=1226,,,text/html,1181504_custom_site_themes_id_o0QkYPRBTyujGFmi9M6p_thinkific images (5) – Soil Food Web Foundation,1181504_custom_site_themes_id_o0QkYPRBTyujGFmi9M6p_thinkific images (5),1,"noindex, nofollow",https://new.soilfoodweb.com/?attachment_id=1226,yes,121,"width=device-width, initial-scale=1, maximum-scale=1, user-scalable=0",menu-v1,ocm-v1,footer-v1,DYNAMIC,200,identical,,"REST,crawl",rest:attachment,no,1,VIEWPORT-BLOCKS-ZOOM
https://new.soilfoodweb.com/?attachment_id=1227,attachment (query),200,https://new.soilfoodweb.com/?attachment_id=1227,,,text/html,1181504_custom_site_themes_id_bzIUE4jRKy3PIhzujoI7_6 – Soil Food Web Foundation,1181504_custom_site_themes_id_bzIUE4jRKy3PIhzujoI7_6,1,"noindex, nofollow",https://new.soilfoodweb.com/?attachment_id=1227,yes,119,"width=device-width, initial-scale=1, maximum-scale=1, user-scalable=0",menu-v1,ocm-v1,footer-v1,DYNAMIC,200,identical,,"REST,crawl",rest:attachment,no,1,VIEWPORT-BLOCKS-ZOOM
https://new.soilfoodweb.com/?attachment_id=1229,attachment (query),200,https://new.soilfoodweb.com/?attachment_id=1229,,,text/html,actively-aerated-compost-tea-brew-vessels – Soil Food Web Foundation,actively-aerated-compost-tea-brew-vessels,1,"noindex, nofollow",https://new.soilfoodweb.com/?attachment_id=1229,yes,119,"width=device-width, initial-scale=1, maximum-scale=1, user-scalable=0",menu-v1,ocm-v1,footer-v1,DYNAMIC,200,identical,,"REST,crawl",rest:attachment,no,1,VIEWPORT-BLOCKS-ZOOM
https://new.soilfoodweb.com/?post_type=sfw_program&p=1178,non-public CPT item (query),404,https://new.soilfoodweb.com/?post_type=sfw_program&p=1178,,,text/html,Page not found – Soil Food Web Foundation,404,1,"noindex, nofollow",,,6,"width=device-width, initial-scale=1, maximum-scale=1, user-scalable=0",menu-v1,ocm-v1,footer-v1,DYNAMIC,404,identical,,REST,rest:sfw_program,no,0,VIEWPORT-BLOCKS-ZOOM
https://new.soilfoodweb.com/?post_type=sfw_program&p=1180,non-public CPT item (query),404,https://new.soilfoodweb.com/?post_type=sfw_program&p=1180,,,text/html,Page not found – Soil Food Web Foundation,404,1,"noindex, nofollow",,,6,"width=device-width, initial-scale=1, maximum-scale=1, user-scalable=0",menu-v1,ocm-v1,footer-v1,DYNAMIC,404,identical,,REST,rest:sfw_program,no,0,VIEWPORT-BLOCKS-ZOOM
https://new.soilfoodweb.com/?post_type=sfw_program&p=1182,non-public CPT item (query),404,https://new.soilfoodweb.com/?post_type=sfw_program&p=1182,,,text/html,Page not found – Soil Food Web Foundation,404,1,"noindex, nofollow",,,6,"width=device-width, initial-scale=1, maximum-scale=1, user-scalable=0",menu-v1,ocm-v1,footer-v1,DYNAMIC,404,identical,,REST,rest:sfw_program,no,0,VIEWPORT-BLOCKS-ZOOM
https://new.soilfoodweb.com/?post_type=sfw_program&p=1184,non-public CPT item (query),404,https://new.soilfoodweb.com/?post_type=sfw_program&p=1184,,,text/html,Page not found – Soil Food Web Foundation,404,1,"noindex, nofollow",,,6,"width=device-width, initial-scale=1, maximum-scale=1, user-scalable=0",menu-v1,ocm-v1,footer-v1,DYNAMIC,404,identical,,REST,rest:sfw_program,no,0,VIEWPORT-BLOCKS-ZOOM
https://new.soilfoodweb.com/?post_type=sfw_program&p=1186,non-public CPT item (query),404,https://new.soilfoodweb.com/?post_type=sfw_program&p=1186,,,text/html,Page not found – Soil Food Web Foundation,404,1,"noindex, nofollow",,,6,"width=device-width, initial-scale=1, maximum-scale=1, user-scalable=0",menu-v1,ocm-v1,footer-v1,DYNAMIC,404,identical,,REST,rest:sfw_program,no,0,VIEWPORT-BLOCKS-ZOOM
https://new.soilfoodweb.com/?post_type=sfw_program&p=1220,non-public CPT item (query),404,https://new.soilfoodweb.com/?post_type=sfw_program&p=1220,,,text/html,Page not found – Soil Food Web Foundation,404,1,"noindex, nofollow",,,6,"width=device-width, initial-scale=1, maximum-scale=1, user-scalable=0",menu-v1,ocm-v1,footer-v1,DYNAMIC,404,identical,,REST,rest:sfw_program,no,0,VIEWPORT-BLOCKS-ZOOM
https://new.soilfoodweb.com/?post_type=sfw_program&p=1221,non-public CPT item (query),404,https://new.soilfoodweb.com/?post_type=sfw_program&p=1221,,,text/html,Page not found – Soil Food Web Foundation,404,1,"noindex, nofollow",,,6,"width=device-width, initial-scale=1, maximum-scale=1, user-scalable=0",menu-v1,ocm-v1,footer-v1,DYNAMIC,404,identical,,REST,rest:sfw_program,no,0,VIEWPORT-BLOCKS-ZOOM
https://new.soilfoodweb.com/?post_type=sfw_program&p=1222,non-public CPT item (query),404,https://new.soilfoodweb.com/?post_type=sfw_program&p=1222,,,text/html,Page not found – Soil Food Web Foundation,404,1,"noindex, nofollow",,,6,"width=device-width, initial-scale=1, maximum-scale=1, user-scalable=0",menu-v1,ocm-v1,footer-v1,DYNAMIC,404,identical,,REST,rest:sfw_program,no,0,VIEWPORT-BLOCKS-ZOOM
https://new.soilfoodweb.com/?post_type=sfw_program&p=1225,non-public CPT item (query),404,https://new.soilfoodweb.com/?post_type=sfw_program&p=1225,,,text/html,Page not found – Soil Food Web Foundation,404,1,"noindex, nofollow",,,6,"width=device-width, initial-scale=1, maximum-scale=1, user-scalable=0",menu-v1,ocm-v1,footer-v1,DYNAMIC,404,identical,,REST,rest:sfw_program,no,0,VIEWPORT-BLOCKS-ZOOM
https://new.soilfoodweb.com/?post_type=sfw_program&p=1228,non-public CPT item (query),404,https://new.soilfoodweb.com/?post_type=sfw_program&p=1228,,,text/html,Page not found – Soil Food Web Foundation,404,1,"noindex, nofollow",,,6,"width=device-width, initial-scale=1, maximum-scale=1, user-scalable=0",menu-v1,ocm-v1,footer-v1,DYNAMIC,404,identical,,REST,rest:sfw_program,no,0,VIEWPORT-BLOCKS-ZOOM
https://new.soilfoodweb.com/?post_type=sfw_program&p=1230,non-public CPT item (query),404,https://new.soilfoodweb.com/?post_type=sfw_program&p=1230,,,text/html,Page not found – Soil Food Web Foundation,404,1,"noindex, nofollow",,,6,"width=device-width, initial-scale=1, maximum-scale=1, user-scalable=0",menu-v1,ocm-v1,footer-v1,DYNAMIC,404,identical,,REST,rest:sfw_program,no,0,VIEWPORT-BLOCKS-ZOOM
https://new.soilfoodweb.com/?post_type=sfw_program&p=1231,non-public CPT item (query),404,https://new.soilfoodweb.com/?post_type=sfw_program&p=1231,,,text/html,Page not found – Soil Food Web Foundation,404,1,"noindex, nofollow",,,6,"width=device-width, initial-scale=1, maximum-scale=1, user-scalable=0",menu-v1,ocm-v1,footer-v1,DYNAMIC,404,identical,,REST,rest:sfw_program,no,0,VIEWPORT-BLOCKS-ZOOM
https://new.soilfoodweb.com/?post_type=sfw_program&p=1234,non-public CPT item (query),404,https://new.soilfoodweb.com/?post_type=sfw_program&p=1234,,,text/html,Page not found – Soil Food Web Foundation,404,1,"noindex, nofollow",,,6,"width=device-width, initial-scale=1, maximum-scale=1, user-scalable=0",menu-v1,ocm-v1,footer-v1,DYNAMIC,404,identical,,REST,rest:sfw_program,no,0,VIEWPORT-BLOCKS-ZOOM
https://new.soilfoodweb.com/?post_type=sfw_program&p=1235,non-public CPT item (query),404,https://new.soilfoodweb.com/?post_type=sfw_program&p=1235,,,text/html,Page not found – Soil Food Web Foundation,404,1,"noindex, nofollow",,,6,"width=device-width, initial-scale=1, maximum-scale=1, user-scalable=0",menu-v1,ocm-v1,footer-v1,DYNAMIC,404,identical,,REST,rest:sfw_program,no,0,VIEWPORT-BLOCKS-ZOOM
https://new.soilfoodweb.com/?post_type=sfw_program&p=1236,non-public CPT item (query),404,https://new.soilfoodweb.com/?post_type=sfw_program&p=1236,,,text/html,Page not found – Soil Food Web Foundation,404,1,"noindex, nofollow",,,6,"width=device-width, initial-scale=1, maximum-scale=1, user-scalable=0",menu-v1,ocm-v1,footer-v1,DYNAMIC,404,identical,,REST,rest:sfw_program,no,0,VIEWPORT-BLOCKS-ZOOM
https://new.soilfoodweb.com/?post_type=sfw_timeline&p=1201,non-public CPT item (query),404,https://new.soilfoodweb.com/?post_type=sfw_timeline&p=1201,,,text/html,Page not found – Soil Food Web Foundation,404,1,"noindex, nofollow",,,6,"width=device-width, initial-scale=1, maximum-scale=1, user-scalable=0",menu-v1,ocm-v1,footer-v1,DYNAMIC,404,identical,,REST,rest:sfw_timeline,no,0,VIEWPORT-BLOCKS-ZOOM
https://new.soilfoodweb.com/?post_type=sfw_timeline&p=1202,non-public CPT item (query),404,https://new.soilfoodweb.com/?post_type=sfw_timeline&p=1202,,,text/html,Page not found – Soil Food Web Foundation,404,1,"noindex, nofollow",,,6,"width=device-width, initial-scale=1, maximum-scale=1, user-scalable=0",menu-v1,ocm-v1,footer-v1,DYNAMIC,404,identical,,REST,rest:sfw_timeline,no,0,VIEWPORT-BLOCKS-ZOOM
https://new.soilfoodweb.com/?post_type=sfw_timeline&p=1203,non-public CPT item (query),404,https://new.soilfoodweb.com/?post_type=sfw_timeline&p=1203,,,text/html,Page not found – Soil Food Web Foundation,404,1,"noindex, nofollow",,,6,"width=device-width, initial-scale=1, maximum-scale=1, user-scalable=0",menu-v1,ocm-v1,footer-v1,DYNAMIC,404,identical,,REST,rest:sfw_timeline,no,0,VIEWPORT-BLOCKS-ZOOM
https://new.soilfoodweb.com/?post_type=sfw_timeline&p=1204,non-public CPT item (query),404,https://new.soilfoodweb.com/?post_type=sfw_timeline&p=1204,,,text/html,Page not found – Soil Food Web Foundation,404,1,"noindex, nofollow",,,6,"width=device-width, initial-scale=1, maximum-scale=1, user-scalable=0",menu-v1,ocm-v1,footer-v1,DYNAMIC,404,identical,,REST,rest:sfw_timeline,no,0,VIEWPORT-BLOCKS-ZOOM
https://new.soilfoodweb.com/?post_type=sfw_timeline&p=1205,non-public CPT item (query),404,https://new.soilfoodweb.com/?post_type=sfw_timeline&p=1205,,,text/html,Page not found – Soil Food Web Foundation,404,1,"noindex, nofollow",,,6,"width=device-width, initial-scale=1, maximum-scale=1, user-scalable=0",menu-v1,ocm-v1,footer-v1,DYNAMIC,404,identical,,REST,rest:sfw_timeline,no,0,VIEWPORT-BLOCKS-ZOOM
https://new.soilfoodweb.com/?post_type=sfw_timeline&p=1208,non-public CPT item (query),404,https://new.soilfoodweb.com/?post_type=sfw_timeline&p=1208,,,text/html,Page not found – Soil Food Web Foundation,404,1,"noindex, nofollow",,,6,"width=device-width, initial-scale=1, maximum-scale=1, user-scalable=0",menu-v1,ocm-v1,footer-v1,DYNAMIC,404,identical,,REST,rest:sfw_timeline,no,0,VIEWPORT-BLOCKS-ZOOM
https://new.soilfoodweb.com/?post_type=sfw_timeline&p=1209,non-public CPT item (query),404,https://new.soilfoodweb.com/?post_type=sfw_timeline&p=1209,,,text/html,Page not found – Soil Food Web Foundation,404,1,"noindex, nofollow",,,6,"width=device-width, initial-scale=1, maximum-scale=1, user-scalable=0",menu-v1,ocm-v1,footer-v1,DYNAMIC,404,identical,,REST,rest:sfw_timeline,no,0,VIEWPORT-BLOCKS-ZOOM
https://new.soilfoodweb.com/?post_type=sfw_timeline&p=1210,non-public CPT item (query),404,https://new.soilfoodweb.com/?post_type=sfw_timeline&p=1210,,,text/html,Page not found – Soil Food Web Foundation,404,1,"noindex, nofollow",,,6,"width=device-width, initial-scale=1, maximum-scale=1, user-scalable=0",menu-v1,ocm-v1,footer-v1,DYNAMIC,404,identical,,REST,rest:sfw_timeline,no,0,VIEWPORT-BLOCKS-ZOOM
https://new.soilfoodweb.com/?post_type=sfw_timeline&p=1211,non-public CPT item (query),404,https://new.soilfoodweb.com/?post_type=sfw_timeline&p=1211,,,text/html,Page not found – Soil Food Web Foundation,404,1,"noindex, nofollow",,,6,"width=device-width, initial-scale=1, maximum-scale=1, user-scalable=0",menu-v1,ocm-v1,footer-v1,DYNAMIC,404,identical,,REST,rest:sfw_timeline,no,0,VIEWPORT-BLOCKS-ZOOM
https://new.soilfoodweb.com/a-blueprint-to-return-to-the-garden-of-eden/,post,200,https://new.soilfoodweb.com/a-blueprint-to-return-to-the-garden-of-eden/,,,text/html,Harnessing Ernst Gotch’s Agroecological Wisdom: A Blueprint to Return to The Garden of Eden – Soil Food Web Foundation,"Harnessing Ernst Gotch’s Agroecological Wisdom: A Blueprint to Return to The Garden of Eden | A Blueprint to Return to the Garden Of Eden: Part 1, Setting the Stage",2,"noindex, nofollow",https://new.soilfoodweb.com/a-blueprint-to-return-to-the-garden-of-eden/,yes,948,"width=device-width, initial-scale=1, maximum-scale=1, user-scalable=0",menu-v1,ocm-v1,footer-v1,DYNAMIC,200,identical,,"REST,crawl",rest:post,no,17,VIEWPORT-BLOCKS-ZOOM; H1x2
https://new.soilfoodweb.com/about-us/,page,200,https://new.soilfoodweb.com/about-us/,,,text/html,About Us – Soil Food Web Foundation,In service to the soil that sustains us all,1,"noindex, nofollow",https://new.soilfoodweb.com/about-us/,yes,880,"width=device-width, initial-scale=1, maximum-scale=1, user-scalable=0",menu-v1,ocm-v1,footer-v1,DYNAMIC,200,identical,,"REST,crawl",rest:page,yes,410,VIEWPORT-BLOCKS-ZOOM
https://new.soilfoodweb.com/about-us/carla-nicks-son-nick-eri-wild-soils-event-11-2024/,attachment page,200,https://new.soilfoodweb.com/wp-content/uploads/2026/09/carla-nicks-son-nick-eri-wild-soils-event-11-2024.jpg,301->https://new.soilfoodweb.com/wp-content/uploads/2026/09/carla-nicks-son-nick-eri-wild-soils-event-11-2024.jpg,,image/jpeg,,,,,,,,,none,none,none,MISS,200,identical,,REST,rest:attachment,no,0,
https://new.soilfoodweb.com/about-us/ctpfw-student-squeezing-compost-1/,attachment page,200,https://new.soilfoodweb.com/wp-content/uploads/2026/09/ctpfw-student-squeezing-compost-1-1.jpg,301->https://new.soilfoodweb.com/wp-content/uploads/2026/09/ctpfw-student-squeezing-compost-1-1.jpg,,image/jpeg,,,,,,,,,none,none,none,MISS,200,identical,,REST,rest:attachment,no,0,
https://new.soilfoodweb.com/about-us/erc-panchmana-treeplanting-fb-img-1666270907385/,attachment page,200,https://new.soilfoodweb.com/wp-content/uploads/2026/09/erc-panchmana-treeplanting-fb-img-1666270907385.jpg,301->https://new.soilfoodweb.com/wp-content/uploads/2026/09/erc-panchmana-treeplanting-fb-img-1666270907385.jpg,,image/jpeg,,,,,,,,,none,none,none,MISS,200,identical,,REST,rest:attachment,no,0,
https://new.soilfoodweb.com/about-us/handling-loose-soil/,attachment page,200,https://new.soilfoodweb.com/wp-content/uploads/2026/09/handling-loose-soil.jpg,301->https://new.soilfoodweb.com/wp-content/uploads/2026/09/handling-loose-soil.jpg,,image/jpeg,,,,,,,,,none,none,none,HIT,200,identical,,REST,rest:attachment,no,0,
https://new.soilfoodweb.com/about-us/screenshot-2026-09-17-171937/,attachment page,200,https://new.soilfoodweb.com/wp-content/uploads/2026/09/Screenshot-2026-09-17-171937.png,301->https://new.soilfoodweb.com/wp-content/uploads/2026/09/Screenshot-2026-09-17-171937.png,,image/png,,,,,,,,,none,none,none,REVALIDATED,200,identical,,REST,rest:attachment,no,0,
https://new.soilfoodweb.com/about-us/screenshot-2026-09-17-171946/,attachment page,200,https://new.soilfoodweb.com/wp-content/uploads/2026/09/Screenshot-2026-09-17-171946.png,301->https://new.soilfoodweb.com/wp-content/uploads/2026/09/Screenshot-2026-09-17-171946.png,,image/png,,,,,,,,,none,none,none,REVALIDATED,200,identical,,REST,rest:attachment,no,0,
https://new.soilfoodweb.com/about-us/screenshot-2026-09-17-171953/,attachment page,200,https://new.soilfoodweb.com/wp-content/uploads/2026/09/Screenshot-2026-09-17-171953.png,301->https://new.soilfoodweb.com/wp-content/uploads/2026/09/Screenshot-2026-09-17-171953.png,,image/png,,,,,,,,,none,none,none,REVALIDATED,200,identical,,REST,rest:attachment,no,0,
https://new.soilfoodweb.com/about-us/screenshot-2026-09-17-172024/,attachment page,200,https://new.soilfoodweb.com/wp-content/uploads/2026/09/Screenshot-2026-09-17-172024.png,301->https://new.soilfoodweb.com/wp-content/uploads/2026/09/Screenshot-2026-09-17-172024.png,,image/png,,,,,,,,,none,none,none,REVALIDATED,200,identical,,REST,rest:attachment,no,0,
https://new.soilfoodweb.com/about-us/soil-sample-close-up-test-tube/,attachment page,200,https://new.soilfoodweb.com/wp-content/uploads/2026/09/soil-sample-close-up-test-tube.jpg,301->https://new.soilfoodweb.com/wp-content/uploads/2026/09/soil-sample-close-up-test-tube.jpg,,image/jpeg,,,,,,,,,none,none,none,MISS,200,identical,,REST,rest:attachment,no,0,
https://new.soilfoodweb.com/accessibility/,page/post,404,https://new.soilfoodweb.com/accessibility/,,,text/html,Page not found – Soil Food Web Foundation,404,1,"noindex, nofollow",,,6,"width=device-width, initial-scale=1, maximum-scale=1, user-scalable=0",menu-v1,ocm-v1,footer-v1,DYNAMIC,404,identical,,crawl,/,yes,410,VIEWPORT-BLOCKS-ZOOM
https://new.soilfoodweb.com/author/admin/,author archive,200,https://new.soilfoodweb.com/author/admin/,,,text/html,admin – Soil Food Web Foundation,admin,1,"noindex, nofollow",,,377,"width=device-width, initial-scale=1, maximum-scale=1, user-scalable=0",menu-v1,ocm-v1,footer-v1,DYNAMIC,200,identical,,crawl,/obituary-for-dr-elaine-ingham/,no,20,VIEWPORT-BLOCKS-ZOOM
https://new.soilfoodweb.com/author/admin/page/1/,author archive,200,https://new.soilfoodweb.com/author/admin/,301->https://new.soilfoodweb.com/author/admin/,,text/html,admin – Soil Food Web Foundation,admin,1,"noindex, nofollow",,,377,"width=device-width, initial-scale=1, maximum-scale=1, user-scalable=0",menu-v1,ocm-v1,footer-v1,DYNAMIC,200,identical,,crawl,/author/admin/page/2/,no,1,VIEWPORT-BLOCKS-ZOOM
https://new.soilfoodweb.com/author/admin/page/2/,author archive,200,https://new.soilfoodweb.com/author/admin/page/2/,,,text/html,admin – Page 2 – Soil Food Web Foundation,admin,1,"noindex, nofollow",,,201,"width=device-width, initial-scale=1, maximum-scale=1, user-scalable=0",menu-v1,ocm-v1,footer-v1,DYNAMIC,200,identical,,crawl,/author/admin/,no,2,VIEWPORT-BLOCKS-ZOOM
https://new.soilfoodweb.com/calendar-event/aw-costa-rica-2027/,calendar-event,200,https://new.soilfoodweb.com/calendar-event/aw-costa-rica-2027/,,,text/html,Accelerator Workshop | Costa Rica – Soil Food Web Foundation,Accelerator Workshop | Costa Rica,1,"noindex, nofollow",https://new.soilfoodweb.com/calendar-event/aw-costa-rica-2027/,yes,191,"width=device-width, initial-scale=1, maximum-scale=1, user-scalable=0",menu-v1,ocm-v1,footer-v1,DYNAMIC,200,identical,,"REST,crawl",rest:sfw_calendar_event,no,3,VIEWPORT-BLOCKS-ZOOM
https://new.soilfoodweb.com/calendar-event/aw-costa-rica-2027/pile-turning-wes-8/,attachment page,200,https://new.soilfoodweb.com/wp-content/uploads/2026/08/pile-turning-wes-8-scaled.jpg,301->https://new.soilfoodweb.com/wp-content/uploads/2026/08/pile-turning-wes-8-scaled.jpg,,image/jpeg,,,,,,,,,none,none,none,REVALIDATED,200,identical,,REST,rest:attachment,no,0,
https://new.soilfoodweb.com/calendar-event/aw-new-mexico-usa-2027/,calendar-event,200,https://new.soilfoodweb.com/calendar-event/aw-new-mexico-usa-2027/,,,text/html,Accelerator Workshop | New Mexico USA – Soil Food Web Foundation,Accelerator Workshop | New Mexico USA,1,"noindex, nofollow",https://new.soilfoodweb.com/calendar-event/aw-new-mexico-usa-2027/,yes,229,"width=device-width, initial-scale=1, maximum-scale=1, user-scalable=0",menu-v1,ocm-v1,footer-v1,DYNAMIC,200,identical,,"REST,crawl",rest:sfw_calendar_event,no,3,VIEWPORT-BLOCKS-ZOOM
https://new.soilfoodweb.com/calendar-event/aw-new-mexico-usa-2027/img_3426-1/,attachment page,200,https://new.soilfoodweb.com/wp-content/uploads/2026/08/IMG_3426-1-scaled.jpg,301->https://new.soilfoodweb.com/wp-content/uploads/2026/08/IMG_3426-1-scaled.jpg,,image/jpeg,,,,,,,,,none,none,none,REVALIDATED,200,identical,,REST,rest:attachment,no,0,
https://new.soilfoodweb.com/calendar-event/aw-uk-2027/,calendar-event,200,https://new.soilfoodweb.com/calendar-event/aw-uk-2027/,,,text/html,Accelerator Workshop | UK – Soil Food Web Foundation,Accelerator Workshop | UK,1,"noindex, nofollow",https://new.soilfoodweb.com/calendar-event/aw-uk-2027/,yes,106,"width=device-width, initial-scale=1, maximum-scale=1, user-scalable=0",menu-v1,ocm-v1,footer-v1,DYNAMIC,200,identical,,"REST,crawl",rest:sfw_calendar_event,no,2,VIEWPORT-BLOCKS-ZOOM
https://new.soilfoodweb.com/calendar-event/aw-uk-2027/img_1942/,attachment page,200,https://new.soilfoodweb.com/wp-content/uploads/2026/09/IMG_1942-scaled.jpg,301->https://new.soilfoodweb.com/wp-content/uploads/2026/09/IMG_1942-scaled.jpg,,image/jpeg,,,,,,,,,none,none,none,MISS,200,identical,,REST,rest:attachment,no,0,
https://new.soilfoodweb.com/calendar-event/biological-liquid-amendments-intensive-course/,calendar-event,200,https://new.soilfoodweb.com/calendar-event/biological-liquid-amendments-intensive-course/,,,text/html,Biological Liquid Amendments Intensive Course – Soil Food Web Foundation,Biological Liquid Amendments Intensive Course,1,"noindex, nofollow",https://new.soilfoodweb.com/calendar-event/biological-liquid-amendments-intensive-course/,yes,116,"width=device-width, initial-scale=1, maximum-scale=1, user-scalable=0",menu-v1,ocm-v1,footer-v1,DYNAMIC,200,identical,,"REST,crawl",rest:sfw_calendar_event,no,3,VIEWPORT-BLOCKS-ZOOM
https://new.soilfoodweb.com/calendar-event/compost-intensive-course-2027-cohort-1/,calendar-event,200,https://new.soilfoodweb.com/calendar-event/compost-intensive-course-2027-cohort-1/,,,text/html,Compost Intensive Course | 2027 Cohort #1 – Soil Food Web Foundation,Compost Intensive Course | 2027 Cohort #1,1,"noindex, nofollow",https://new.soilfoodweb.com/calendar-event/compost-intensive-course-2027-cohort-1/,yes,334,"width=device-width, initial-scale=1, maximum-scale=1, user-scalable=0",menu-v1,ocm-v1,footer-v1,DYNAMIC,200,identical,,"REST,crawl",rest:sfw_calendar_event,no,3,VIEWPORT-BLOCKS-ZOOM
https://new.soilfoodweb.com/calendar-event/compost-intensive-course-2027-cohort-1/cic-4/,attachment page,200,https://new.soilfoodweb.com/wp-content/uploads/2026/09/CIC-4.png,301->https://new.soilfoodweb.com/wp-content/uploads/2026/09/CIC-4.png,,image/png,,,,,,,,,none,none,none,REVALIDATED,200,identical,,REST,rest:attachment,no,0,
https://new.soilfoodweb.com/calendar-event/compost-intensive-course-2027-cohort-2/,calendar-event,200,https://new.soilfoodweb.com/calendar-event/compost-intensive-course-2027-cohort-2/,,,text/html,Compost Intensive Course | 2027 Cohort #2 – Soil Food Web Foundation,Compost Intensive Course | 2027 Cohort #2,1,"noindex, nofollow",https://new.soilfoodweb.com/calendar-event/compost-intensive-course-2027-cohort-2/,yes,334,"width=device-width, initial-scale=1, maximum-scale=1, user-scalable=0",menu-v1,ocm-v1,footer-v1,DYNAMIC,200,identical,,"REST,crawl",rest:sfw_calendar_event,no,3,VIEWPORT-BLOCKS-ZOOM
https://new.soilfoodweb.com/calendar-event/permaculture-design-certificate-2026-cohort-3/,calendar-event,200,https://new.soilfoodweb.com/calendar-event/permaculture-design-certificate-2026-cohort-3/,,,text/html,Permaculture Design Certificate | 2026 Cohort #3 – Soil Food Web Foundation,Permaculture Design Certificate | 2026 Cohort #3,1,"noindex, nofollow",https://new.soilfoodweb.com/calendar-event/permaculture-design-certificate-2026-cohort-3/,yes,350,"width=device-width, initial-scale=1, maximum-scale=1, user-scalable=0",menu-v1,ocm-v1,footer-v1,DYNAMIC,200,identical,,"REST,crawl",rest:sfw_calendar_event,yes,410,VIEWPORT-BLOCKS-ZOOM
https://new.soilfoodweb.com/calendar-event/permaculture-design-certificate-2027-cohort-1/,calendar-event,200,https://new.soilfoodweb.com/calendar-event/permaculture-design-certificate-2027-cohort-1/,,,text/html,Permaculture Design Certificate | 2027 Cohort #1 – Soil Food Web Foundation,Permaculture Design Certificate | 2027 Cohort #1,1,"noindex, nofollow",https://new.soilfoodweb.com/calendar-event/permaculture-design-certificate-2027-cohort-1/,yes,351,"width=device-width, initial-scale=1, maximum-scale=1, user-scalable=0",menu-v1,ocm-v1,footer-v1,DYNAMIC,200,identical,,"REST,crawl",rest:sfw_calendar_event,no,2,VIEWPORT-BLOCKS-ZOOM
https://new.soilfoodweb.com/calendar-event/permaculture-design-certificate-2027-cohort-2/,calendar-event,200,https://new.soilfoodweb.com/calendar-event/permaculture-design-certificate-2027-cohort-2/,,,text/html,Permaculture Design Certificate | 2027 Cohort #2 – Soil Food Web Foundation,Permaculture Design Certificate | 2027 Cohort #2,1,"noindex, nofollow",https://new.soilfoodweb.com/calendar-event/permaculture-design-certificate-2027-cohort-2/,yes,353,"width=device-width, initial-scale=1, maximum-scale=1, user-scalable=0",menu-v1,ocm-v1,footer-v1,DYNAMIC,200,identical,,"REST,crawl",rest:sfw_calendar_event,no,2,VIEWPORT-BLOCKS-ZOOM
https://new.soilfoodweb.com/calendar-event/permaculture-design-certificate-2027-cohort-2/pdc-community-3/,attachment page,200,https://new.soilfoodweb.com/wp-content/uploads/2026/09/PDC-Community-3.png,301->https://new.soilfoodweb.com/wp-content/uploads/2026/09/PDC-Community-3.png,,image/png,,,,,,,,,none,none,none,REVALIDATED,200,identical,,REST,rest:attachment,no,0,
https://new.soilfoodweb.com/calendar-event/sfw-turns-one/,calendar-event,200,https://new.soilfoodweb.com/calendar-event/sfw-turns-one/,,,text/html,Community Event | Celebrating Our First Year as a Foundation! – Soil Food Web Foundation,Community Event | Celebrating Our First Year as a Foundation!,1,"noindex, nofollow",https://new.soilfoodweb.com/calendar-event/sfw-turns-one/,yes,411,"width=device-width, initial-scale=1, maximum-scale=1, user-scalable=0",menu-v1,ocm-v1,footer-v1,DYNAMIC,200,identical,,"REST,crawl",rest:sfw_calendar_event,yes,410,VIEWPORT-BLOCKS-ZOOM
https://new.soilfoodweb.com/calendar/,page,200,https://new.soilfoodweb.com/calendar/,,,text/html,Calendar – Soil Food Web Foundation,Get Your Hands Dirty,1,"noindex, nofollow",https://new.soilfoodweb.com/calendar/,yes,286,"width=device-width, initial-scale=1, maximum-scale=1, user-scalable=0",menu-v1,ocm-v1,footer-v1,DYNAMIC,200,identical,,"REST,crawl",rest:page,yes,410,THIN; VIEWPORT-BLOCKS-ZOOM
https://new.soilfoodweb.com/calendar/ctpfw-student-moving-compost-1/,attachment page,200,https://new.soilfoodweb.com/wp-content/uploads/2026/09/ctpfw-student-moving-compost-1.jpg,301->https://new.soilfoodweb.com/wp-content/uploads/2026/09/ctpfw-student-moving-compost-1.jpg,,image/jpeg,,,,,,,,,none,none,none,REVALIDATED,200,identical,,REST,rest:attachment,no,0,
https://new.soilfoodweb.com/category/blogposts/,category archive,200,https://new.soilfoodweb.com/category/blogposts/,,,text/html,Blog – Soil Food Web Foundation,Dispatches from the living soil,1,"noindex, nofollow",,,211,"width=device-width, initial-scale=1, maximum-scale=1, user-scalable=0",menu-v1,ocm-v1,footer-v1,DYNAMIC,200,identical,,"REST,crawl",rest:category,no,90,VIEWPORT-BLOCKS-ZOOM
https://new.soilfoodweb.com/category/events/,category archive,200,https://new.soilfoodweb.com/category/events/,,,text/html,Events – Soil Food Web Foundation,Dispatches from the living soil,1,"noindex, nofollow",,,140,"width=device-width, initial-scale=1, maximum-scale=1, user-scalable=0",menu-v1,ocm-v1,footer-v1,DYNAMIC,200,identical,,"REST,crawl",rest:category,no,88,VIEWPORT-BLOCKS-ZOOM
https://new.soilfoodweb.com/category/features/,category archive,200,https://new.soilfoodweb.com/category/features/,,,text/html,Features – Soil Food Web Foundation,Dispatches from the living soil,1,"noindex, nofollow",,,88,"width=device-width, initial-scale=1, maximum-scale=1, user-scalable=0",menu-v1,ocm-v1,footer-v1,DYNAMIC,200,identical,,"REST,crawl",rest:category,no,75,VIEWPORT-BLOCKS-ZOOM
https://new.soilfoodweb.com/category/foundation-update/,category archive,200,https://new.soilfoodweb.com/category/foundation-update/,,,text/html,Foundation Update – Soil Food Web Foundation,Dispatches from the living soil,1,"noindex, nofollow",,,88,"width=device-width, initial-scale=1, maximum-scale=1, user-scalable=0",menu-v1,ocm-v1,footer-v1,DYNAMIC,200,identical,,"REST,crawl",rest:category,yes,410,VIEWPORT-BLOCKS-ZOOM
https://new.soilfoodweb.com/category/microscopy/,category archive,200,https://new.soilfoodweb.com/category/microscopy/,,,text/html,Microscopy – Soil Food Web Foundation,Dispatches from the living soil,1,"noindex, nofollow",,,88,"width=device-width, initial-scale=1, maximum-scale=1, user-scalable=0",menu-v1,ocm-v1,footer-v1,DYNAMIC,200,identical,,"REST,crawl",rest:category,no,76,VIEWPORT-BLOCKS-ZOOM
https://new.soilfoodweb.com/category/newsletter/,category archive,200,https://new.soilfoodweb.com/category/newsletter/,,,text/html,Newsletter – Soil Food Web Foundation,Dispatches from the living soil,1,"noindex, nofollow",,,69,"width=device-width, initial-scale=1, maximum-scale=1, user-scalable=0",menu-v1,ocm-v1,footer-v1,DYNAMIC,200,identical,,"REST,crawl",rest:category,no,73,VIEWPORT-BLOCKS-ZOOM
https://new.soilfoodweb.com/category/school-update/,category archive,200,https://new.soilfoodweb.com/category/school-update/,,,text/html,School Update – Soil Food Web Foundation,Dispatches from the living soil,1,"noindex, nofollow",,,66,"width=device-width, initial-scale=1, maximum-scale=1, user-scalable=0",menu-v1,ocm-v1,footer-v1,DYNAMIC,200,identical,,REST,rest:category,no,0,VIEWPORT-BLOCKS-ZOOM
https://new.soilfoodweb.com/category/school-updates/,category archive,200,https://new.soilfoodweb.com/category/school-updates/,,,text/html,School Updates – Soil Food Web Foundation,Dispatches from the living soil,1,"noindex, nofollow",,,126,"width=device-width, initial-scale=1, maximum-scale=1, user-scalable=0",menu-v1,ocm-v1,footer-v1,DYNAMIC,200,identical,,"REST,crawl",rest:category,no,90,VIEWPORT-BLOCKS-ZOOM
https://new.soilfoodweb.com/category/science-education/,category archive,200,https://new.soilfoodweb.com/category/science-education/,,,text/html,Science & Education – Soil Food Web Foundation,Dispatches from the living soil,1,"noindex, nofollow",,,88,"width=device-width, initial-scale=1, maximum-scale=1, user-scalable=0",menu-v1,ocm-v1,footer-v1,DYNAMIC,200,identical,,"REST,crawl",rest:category,no,90,VIEWPORT-BLOCKS-ZOOM
https://new.soilfoodweb.com/category/spanish/,category archive,200,https://new.soilfoodweb.com/category/spanish/,,,text/html,Spanish – Soil Food Web Foundation,Dispatches from the living soil,1,"noindex, nofollow",,,66,"width=device-width, initial-scale=1, maximum-scale=1, user-scalable=0",menu-v1,ocm-v1,footer-v1,DYNAMIC,200,identical,,REST,rest:category,no,0,VIEWPORT-BLOCKS-ZOOM
https://new.soilfoodweb.com/category/uncategorized/,category archive,200,https://new.soilfoodweb.com/category/uncategorized/,,,text/html,Uncategorized – Soil Food Web Foundation,Dispatches from the living soil,1,"noindex, nofollow",,,66,"width=device-width, initial-scale=1, maximum-scale=1, user-scalable=0",menu-v1,ocm-v1,footer-v1,DYNAMIC,200,identical,,REST,rest:category,no,0,VIEWPORT-BLOCKS-ZOOM
https://new.soilfoodweb.com/category/webinars/,category archive,200,https://new.soilfoodweb.com/category/webinars/,,,text/html,Webinars – Soil Food Web Foundation,Dispatches from the living soil,1,"noindex, nofollow",,,66,"width=device-width, initial-scale=1, maximum-scale=1, user-scalable=0",menu-v1,ocm-v1,footer-v1,DYNAMIC,200,identical,,REST,rest:category,no,0,VIEWPORT-BLOCKS-ZOOM
https://new.soilfoodweb.com/cdn-cgi/l/email-protection,system,404,https://new.soilfoodweb.com/cdn-cgi/l/email-protection,,,text/html,Email Protection | Cloudflare,Email Protection,1,"noindex, nofollow",,,116,"width=device-width,initial-scale=1",none,none,none,,404,identical (see note),Cloudflare email-protection page; token differs per request,crawl,/,yes,410,
https://new.soilfoodweb.com/celebrating-world-soil-day-2024/,post,200,https://new.soilfoodweb.com/celebrating-world-soil-day-2024/,,,text/html,Celebrating World Soil Day 2024 – Soil Food Web Foundation,Celebrating World Soil Day 2024 | Nurturing Our Earth’s Lifeline: Steps We Can Take to Improve Soil Health,2,"noindex, nofollow",https://new.soilfoodweb.com/celebrating-world-soil-day-2024/,yes,663,"width=device-width, initial-scale=1, maximum-scale=1, user-scalable=0",menu-v1,ocm-v1,footer-v1,DYNAMIC,200,identical,,"REST,crawl",rest:post,no,9,VIEWPORT-BLOCKS-ZOOM; H1x2
https://new.soilfoodweb.com/ciliates-soil-health-microscope-watermelon-crop/,post,200,https://new.soilfoodweb.com/ciliates-soil-health-microscope-watermelon-crop/,,,text/html,"How A Rare Microscope Sighting Helps Deduce The Problem With Unhealthy Soil: Ciliates, Cysts, and the Clues Hiding in a Struggling Watermelon Crop – Soil Food Web Foundation","How A Rare Microscope Sighting Helps Deduce The Problem With Unhealthy Soil: Ciliates, Cysts, and the Clues Hiding in a Struggling Watermelon Crop",1,"noindex, nofollow",https://new.soilfoodweb.com/ciliates-soil-health-microscope-watermelon-crop/,yes,1015,"width=device-width, initial-scale=1, maximum-scale=1, user-scalable=0",menu-v1,ocm-v1,footer-v1,DYNAMIC,200,identical (see note),main content differs only in randomised 'related posts' block (not a cache issue),"REST,crawl",rest:post,no,12,VIEWPORT-BLOCKS-ZOOM
https://new.soilfoodweb.com/ciliates-soil-health-microscope-watermelon-crop/how-a-rare-microscope-sighting-1400x1400/,attachment page,200,https://new.soilfoodweb.com/wp-content/uploads/2026/05/How-A-Rare-Microscope-Sighting-1400x1400-1-scaled.png,301->https://new.soilfoodweb.com/wp-content/uploads/2026/05/How-A-Rare-Microscope-Sighting-1400x1400-1-scaled.png,,image/png,,,,,,,,,none,none,none,REVALIDATED,200,identical,,REST,rest:attachment,no,0,
https://new.soilfoodweb.com/ciliates-soil-health-microscope-watermelon-crop/how-a-rare-microscope-sighting-desktop-header-1920x720/,attachment page,200,https://new.soilfoodweb.com/wp-content/uploads/2026/05/How-A-Rare-Microscope-Sighting-Desktop-Header-1920%C3%97720-scaled.png,301->https://new.soilfoodweb.com/wp-content/uploads/2026/05/How-A-Rare-Microscope-Sighting-Desktop-Header-1920%C3%97720-scaled.png,,image/png,,,,,,,,,none,none,none,REVALIDATED,200,identical,,REST,rest:attachment,no,0,
https://new.soilfoodweb.com/ciliates-soil-health-microscope-watermelon-crop/how-a-rare-microscope-sighting-mobile-header-750x1000/,attachment page,200,https://new.soilfoodweb.com/wp-content/uploads/2026/05/How-A-Rare-Microscope-Sighting-Mobile-Header-750%C3%971000-scaled.png,301->https://new.soilfoodweb.com/wp-content/uploads/2026/05/How-A-Rare-Microscope-Sighting-Mobile-Header-750%C3%971000-scaled.png,,image/png,,,,,,,,,none,none,none,REVALIDATED,200,identical,,REST,rest:attachment,no,0,
https://new.soilfoodweb.com/ciliates-soil-health-microscope-watermelon-crop/how-a-rare-microscope-sighting-tablet-header-1024x768/,attachment page,200,https://new.soilfoodweb.com/wp-content/uploads/2026/05/How-A-Rare-Microscope-Sighting-Tablet-Header-1024%C3%97768-scaled.png,301->https://new.soilfoodweb.com/wp-content/uploads/2026/05/How-A-Rare-Microscope-Sighting-Tablet-Header-1024%C3%97768-scaled.png,,image/png,,,,,,,,,none,none,none,REVALIDATED,200,identical,,REST,rest:attachment,no,0,
https://new.soilfoodweb.com/comments/feed/,system,200,https://new.soilfoodweb.com/comments/feed/,,,application/rss+xml,,,,,,,,,none,none,none,DYNAMIC,200,identical,,crawl,/?attachment_id=1229,no,18,
https://new.soilfoodweb.com/community/,page,200,https://new.soilfoodweb.com/community/,,,text/html,Community – Soil Food Web Foundation,Welcome to our global community,1,"noindex, nofollow",https://new.soilfoodweb.com/community/,yes,71,"width=device-width, initial-scale=1, maximum-scale=1, user-scalable=0",menu-v1,ocm-v1,footer-v1,DYNAMIC,200,identical,,"REST,crawl",rest:page,yes,410,THIN; VIEWPORT-BLOCKS-ZOOM
https://new.soilfoodweb.com/community/mar-group-photo-2/,attachment page,200,https://new.soilfoodweb.com/wp-content/uploads/2026/09/mar-group-photo-2.jpg,301->https://new.soilfoodweb.com/wp-content/uploads/2026/09/mar-group-photo-2.jpg,,image/jpeg,,,,,,,,,none,none,none,REVALIDATED,200,identical,,REST,rest:attachment,no,0,
https://new.soilfoodweb.com/community/mar25-group-photo/,attachment page,200,https://new.soilfoodweb.com/wp-content/uploads/2026/09/mar25-group-photo-rotated.jpg,301->https://new.soilfoodweb.com/wp-content/uploads/2026/09/mar25-group-photo-rotated.jpg,,image/jpeg,,,,,,,,,none,none,none,REVALIDATED,200,identical,,REST,rest:attachment,no,0,
https://new.soilfoodweb.com/community/screenshot-2026-08-28-105615/,attachment page,200,https://new.soilfoodweb.com/wp-content/uploads/2026/08/Screenshot-2026-08-28-105615.png,301->https://new.soilfoodweb.com/wp-content/uploads/2026/08/Screenshot-2026-08-28-105615.png,,image/png,,,,,,,,,none,none,none,MISS,200,identical,,REST,rest:attachment,no,0,
https://new.soilfoodweb.com/contact-info/,page,200,https://new.soilfoodweb.com/contact-info/,,,text/html,Contact Info – Soil Food Web Foundation,,0,"noindex, nofollow",https://new.soilfoodweb.com/contact-info/,yes,0,"width=device-width, initial-scale=1, maximum-scale=1, user-scalable=0",menu-v1,ocm-v1,footer-v1,DYNAMIC,200,identical,,REST,rest:page,no,0,EMPTY; VIEWPORT-BLOCKS-ZOOM; NO-H1
https://new.soilfoodweb.com/contact/,page/post,200,https://new.soilfoodweb.com/contact-info/,301->https://new.soilfoodweb.com/contact-info/,,text/html,Contact Info – Soil Food Web Foundation,,0,"noindex, nofollow",https://new.soilfoodweb.com/contact-info/,no,0,"width=device-width, initial-scale=1, maximum-scale=1, user-scalable=0",menu-v1,ocm-v1,footer-v1,DYNAMIC,200,identical,,crawl,/,yes,410,EMPTY; VIEWPORT-BLOCKS-ZOOM; NO-H1
https://new.soilfoodweb.com/directory-member/adam-rasner/,directory-member,200,https://new.soilfoodweb.com/directory-member/adam-rasner/,,,text/html,Adam Rasner – Soil Food Web Foundation,Adam Rasner,1,"noindex, nofollow",https://new.soilfoodweb.com/directory-member/adam-rasner/,yes,50,"width=device-width, initial-scale=1, maximum-scale=1, user-scalable=0",menu-v1,ocm-v1,footer-v1,DYNAMIC,200,identical,,REST,rest:directory_member,no,0,VIEWPORT-BLOCKS-ZOOM
https://new.soilfoodweb.com/directory-member/alex-goemans/,directory-member,200,https://new.soilfoodweb.com/directory-member/alex-goemans/,,,text/html,Alex Goemans – Soil Food Web Foundation,Alex Goemans,1,"noindex, nofollow",https://new.soilfoodweb.com/directory-member/alex-goemans/,yes,111,"width=device-width, initial-scale=1, maximum-scale=1, user-scalable=0",menu-v1,ocm-v1,footer-v1,DYNAMIC,200,identical,,REST,rest:directory_member,no,0,VIEWPORT-BLOCKS-ZOOM
https://new.soilfoodweb.com/directory-member/alex-kellett/,directory-member,200,https://new.soilfoodweb.com/directory-member/alex-kellett/,,,text/html,Norman Higgins – Soil Food Web Foundation,Norman Higgins,1,"noindex, nofollow",https://new.soilfoodweb.com/directory-member/alex-kellett/,yes,75,"width=device-width, initial-scale=1, maximum-scale=1, user-scalable=0",menu-v1,ocm-v1,footer-v1,DYNAMIC,200,identical,,REST,rest:directory_member,no,0,VIEWPORT-BLOCKS-ZOOM
https://new.soilfoodweb.com/directory-member/alex-yakaumo/,directory-member,200,https://new.soilfoodweb.com/directory-member/alex-yakaumo/,,,text/html,Alex Yakaumo – Soil Food Web Foundation,Alex Yakaumo,1,"noindex, nofollow",https://new.soilfoodweb.com/directory-member/alex-yakaumo/,yes,97,"width=device-width, initial-scale=1, maximum-scale=1, user-scalable=0",menu-v1,ocm-v1,footer-v1,DYNAMIC,200,identical,,REST,rest:directory_member,no,0,VIEWPORT-BLOCKS-ZOOM
https://new.soilfoodweb.com/directory-member/alinani/,directory-member,200,https://new.soilfoodweb.com/directory-member/alinani/,,,text/html,Alinani – Soil Food Web Foundation,Alinani,1,"noindex, nofollow",https://new.soilfoodweb.com/directory-member/alinani/,yes,104,"width=device-width, initial-scale=1, maximum-scale=1, user-scalable=0",menu-v1,ocm-v1,footer-v1,DYNAMIC,200,identical,,REST,rest:directory_member,no,0,VIEWPORT-BLOCKS-ZOOM
https://new.soilfoodweb.com/directory-member/allen-skinner/,directory-member,200,https://new.soilfoodweb.com/directory-member/allen-skinner/,,,text/html,Allen Skinner – Soil Food Web Foundation,Allen Skinner,1,"noindex, nofollow",https://new.soilfoodweb.com/directory-member/allen-skinner/,yes,123,"width=device-width, initial-scale=1, maximum-scale=1, user-scalable=0",menu-v1,ocm-v1,footer-v1,DYNAMIC,200,identical,,REST,rest:directory_member,no,0,VIEWPORT-BLOCKS-ZOOM
https://new.soilfoodweb.com/directory-member/amanda-currie/,directory-member,200,https://new.soilfoodweb.com/directory-member/amanda-currie/,,,text/html,Amanda Currie – Soil Food Web Foundation,Amanda Currie,1,"noindex, nofollow",https://new.soilfoodweb.com/directory-member/amanda-currie/,yes,48,"width=device-width, initial-scale=1, maximum-scale=1, user-scalable=0",menu-v1,ocm-v1,footer-v1,DYNAMIC,200,identical,,"REST,crawl",rest:directory_member,no,1,VIEWPORT-BLOCKS-ZOOM
https://new.soilfoodweb.com/directory-member/amy-luck-macgregor/,directory-member,200,https://new.soilfoodweb.com/directory-member/amy-luck-macgregor/,,,text/html,Amy Luck-MacGregor – Soil Food Web Foundation,Amy Luck-MacGregor,1,"noindex, nofollow",https://new.soilfoodweb.com/directory-member/amy-luck-macgregor/,yes,132,"width=device-width, initial-scale=1, maximum-scale=1, user-scalable=0",menu-v1,ocm-v1,footer-v1,DYNAMIC,200,identical,,"REST,crawl",rest:directory_member,no,0,VIEWPORT-BLOCKS-ZOOM
https://new.soilfoodweb.com/directory-member/anja-fonseka/,directory-member,200,https://new.soilfoodweb.com/directory-member/anja-fonseka/,,,text/html,Anja Fonseka – Soil Food Web Foundation,Anja Fonseka,1,"noindex, nofollow",https://new.soilfoodweb.com/directory-member/anja-fonseka/,yes,132,"width=device-width, initial-scale=1, maximum-scale=1, user-scalable=0",menu-v1,ocm-v1,footer-v1,DYNAMIC,200,identical,,REST,rest:directory_member,no,0,VIEWPORT-BLOCKS-ZOOM
https://new.soilfoodweb.com/directory-member/anton-de-jager/,directory-member,200,https://new.soilfoodweb.com/directory-member/anton-de-jager/,,,text/html,Anton de Jager – Soil Food Web Foundation,Anton de Jager,1,"noindex, nofollow",https://new.soilfoodweb.com/directory-member/anton-de-jager/,yes,96,"width=device-width, initial-scale=1, maximum-scale=1, user-scalable=0",menu-v1,ocm-v1,footer-v1,DYNAMIC,200,identical,,"REST,crawl",rest:directory_member,no,0,VIEWPORT-BLOCKS-ZOOM
https://new.soilfoodweb.com/directory-member/arjuna-aucone-cordaro/,directory-member,200,https://new.soilfoodweb.com/directory-member/arjuna-aucone-cordaro/,,,text/html,Arjuna Aucone Cordaro – Soil Food Web Foundation,Arjuna Aucone Cordaro,1,"noindex, nofollow",https://new.soilfoodweb.com/directory-member/arjuna-aucone-cordaro/,yes,80,"width=device-width, initial-scale=1, maximum-scale=1, user-scalable=0",menu-v1,ocm-v1,footer-v1,DYNAMIC,200,identical,,REST,rest:directory_member,no,0,VIEWPORT-BLOCKS-ZOOM
https://new.soilfoodweb.com/directory-member/asha-sundararajan/,directory-member,200,https://new.soilfoodweb.com/directory-member/asha-sundararajan/,,,text/html,Asha Sundararajan – Soil Food Web Foundation,Asha Sundararajan,1,"noindex, nofollow",https://new.soilfoodweb.com/directory-member/asha-sundararajan/,yes,115,"width=device-width, initial-scale=1, maximum-scale=1, user-scalable=0",menu-v1,ocm-v1,footer-v1,DYNAMIC,200,identical,,REST,rest:directory_member,no,0,VIEWPORT-BLOCKS-ZOOM
https://new.soilfoodweb.com/directory-member/astrid-harris/,directory-member,200,https://new.soilfoodweb.com/directory-member/astrid-harris/,,,text/html,Astrid Harris – Soil Food Web Foundation,Astrid Harris,1,"noindex, nofollow",https://new.soilfoodweb.com/directory-member/astrid-harris/,yes,84,"width=device-width, initial-scale=1, maximum-scale=1, user-scalable=0",menu-v1,ocm-v1,footer-v1,DYNAMIC,200,identical,,"REST,crawl",rest:directory_member,no,1,VIEWPORT-BLOCKS-ZOOM
https://new.soilfoodweb.com/directory-member/aysen-ustunay/,directory-member,200,https://new.soilfoodweb.com/directory-member/aysen-ustunay/,,,text/html,Aysen Ustunay – Soil Food Web Foundation,Aysen Ustunay,1,"noindex, nofollow",https://new.soilfoodweb.com/directory-member/aysen-ustunay/,yes,123,"width=device-width, initial-scale=1, maximum-scale=1, user-scalable=0",menu-v1,ocm-v1,footer-v1,DYNAMIC,200,identical,,REST,rest:directory_member,no,0,VIEWPORT-BLOCKS-ZOOM
https://new.soilfoodweb.com/directory-member/barry-mckenna/,directory-member,200,https://new.soilfoodweb.com/directory-member/barry-mckenna/,,,text/html,Barry McKenna – Soil Food Web Foundation,Barry McKenna,1,"noindex, nofollow",https://new.soilfoodweb.com/directory-member/barry-mckenna/,yes,105,"width=device-width, initial-scale=1, maximum-scale=1, user-scalable=0",menu-v1,ocm-v1,footer-v1,DYNAMIC,200,identical,,REST,rest:directory_member,no,0,VIEWPORT-BLOCKS-ZOOM
https://new.soilfoodweb.com/directory-member/bellbrae-garlic/,directory-member,200,https://new.soilfoodweb.com/directory-member/bellbrae-garlic/,,,text/html,Bellbrae Garlic – Soil Food Web Foundation,Bellbrae Garlic,1,"noindex, nofollow",https://new.soilfoodweb.com/directory-member/bellbrae-garlic/,yes,61,"width=device-width, initial-scale=1, maximum-scale=1, user-scalable=0",menu-v1,ocm-v1,footer-v1,DYNAMIC,200,identical,,"REST,crawl",rest:directory_member,no,1,VIEWPORT-BLOCKS-ZOOM
https://new.soilfoodweb.com/directory-member/ben-padwick/,directory-member,200,https://new.soilfoodweb.com/directory-member/ben-padwick/,,,text/html,Ben Padwick – Soil Food Web Foundation,Ben Padwick,1,"noindex, nofollow",https://new.soilfoodweb.com/directory-member/ben-padwick/,yes,122,"width=device-width, initial-scale=1, maximum-scale=1, user-scalable=0",menu-v1,ocm-v1,footer-v1,DYNAMIC,200,identical,,REST,rest:directory_member,no,0,VIEWPORT-BLOCKS-ZOOM
https://new.soilfoodweb.com/directory-member/birgit-albertsmeier/,directory-member,200,https://new.soilfoodweb.com/directory-member/birgit-albertsmeier/,,,text/html,Birgit Albertsmeier – Soil Food Web Foundation,Birgit Albertsmeier,1,"noindex, nofollow",https://new.soilfoodweb.com/directory-member/birgit-albertsmeier/,yes,114,"width=device-width, initial-scale=1, maximum-scale=1, user-scalable=0",menu-v1,ocm-v1,footer-v1,DYNAMIC,200,identical,,"REST,crawl",rest:directory_member,no,0,VIEWPORT-BLOCKS-ZOOM
https://new.soilfoodweb.com/directory-member/bonnie/,directory-member,200,https://new.soilfoodweb.com/directory-member/bonnie/,,,text/html,Bonnie – Soil Food Web Foundation,Bonnie,1,"noindex, nofollow",https://new.soilfoodweb.com/directory-member/bonnie/,yes,120,"width=device-width, initial-scale=1, maximum-scale=1, user-scalable=0",menu-v1,ocm-v1,footer-v1,DYNAMIC,200,identical,,REST,rest:directory_member,no,0,VIEWPORT-BLOCKS-ZOOM
https://new.soilfoodweb.com/directory-member/brandi-mccoy/,directory-member,200,https://new.soilfoodweb.com/directory-member/brandi-mccoy/,,,text/html,Brandi McCoy – Soil Food Web Foundation,Brandi McCoy,1,"noindex, nofollow",https://new.soilfoodweb.com/directory-member/brandi-mccoy/,yes,98,"width=device-width, initial-scale=1, maximum-scale=1, user-scalable=0",menu-v1,ocm-v1,footer-v1,DYNAMIC,200,identical,,REST,rest:directory_member,no,0,VIEWPORT-BLOCKS-ZOOM
https://new.soilfoodweb.com/directory-member/brenda-grate/,directory-member,200,https://new.soilfoodweb.com/directory-member/brenda-grate/,,,text/html,Brenda Grate – Soil Food Web Foundation,Brenda Grate,1,"noindex, nofollow",https://new.soilfoodweb.com/directory-member/brenda-grate/,yes,106,"width=device-width, initial-scale=1, maximum-scale=1, user-scalable=0",menu-v1,ocm-v1,footer-v1,DYNAMIC,200,identical,,"REST,crawl",rest:directory_member,no,0,VIEWPORT-BLOCKS-ZOOM
https://new.soilfoodweb.com/directory-member/brian-daubenspeck/,directory-member,200,https://new.soilfoodweb.com/directory-member/brian-daubenspeck/,,,text/html,Brian Daubenspeck – Soil Food Web Foundation,Brian Daubenspeck,1,"noindex, nofollow",https://new.soilfoodweb.com/directory-member/brian-daubenspeck/,yes,34,"width=device-width, initial-scale=1, maximum-scale=1, user-scalable=0",menu-v1,ocm-v1,footer-v1,DYNAMIC,200,identical,,REST,rest:directory_member,no,0,VIEWPORT-BLOCKS-ZOOM
https://new.soilfoodweb.com/directory-member/brian-vagg/,directory-member,200,https://new.soilfoodweb.com/directory-member/brian-vagg/,,,text/html,Brian Vagg – Soil Food Web Foundation,Brian Vagg,1,"noindex, nofollow",https://new.soilfoodweb.com/directory-member/brian-vagg/,yes,99,"width=device-width, initial-scale=1, maximum-scale=1, user-scalable=0",menu-v1,ocm-v1,footer-v1,DYNAMIC,200,identical,,REST,rest:directory_member,no,0,VIEWPORT-BLOCKS-ZOOM
https://new.soilfoodweb.com/directory-member/brianna-dennison/,directory-member,200,https://new.soilfoodweb.com/directory-member/brianna-dennison/,,,text/html,Brianna Dennison – Soil Food Web Foundation,Brianna Dennison,1,"noindex, nofollow",https://new.soilfoodweb.com/directory-member/brianna-dennison/,yes,121,"width=device-width, initial-scale=1, maximum-scale=1, user-scalable=0",menu-v1,ocm-v1,footer-v1,DYNAMIC,200,identical,,REST,rest:directory_member,no,0,VIEWPORT-BLOCKS-ZOOM
https://new.soilfoodweb.com/directory-member/caroline-bustillos/,directory-member,200,https://new.soilfoodweb.com/directory-member/caroline-bustillos/,,,text/html,Caroline Bustillos – Soil Food Web Foundation,Caroline Bustillos,1,"noindex, nofollow",https://new.soilfoodweb.com/directory-member/caroline-bustillos/,yes,53,"width=device-width, initial-scale=1, maximum-scale=1, user-scalable=0",menu-v1,ocm-v1,footer-v1,DYNAMIC,200,identical,,REST,rest:directory_member,no,0,VIEWPORT-BLOCKS-ZOOM
https://new.soilfoodweb.com/directory-member/casey-ernst/,directory-member,200,https://new.soilfoodweb.com/directory-member/casey-ernst/,,,text/html,Keisha Wheeler – Soil Food Web Foundation,Keisha Wheeler,1,"noindex, nofollow",https://new.soilfoodweb.com/directory-member/casey-ernst/,yes,116,"width=device-width, initial-scale=1, maximum-scale=1, user-scalable=0",menu-v1,ocm-v1,footer-v1,DYNAMIC,200,identical,,REST,rest:directory_member,no,0,VIEWPORT-BLOCKS-ZOOM
https://new.soilfoodweb.com/directory-member/casey-williams/,directory-member,200,https://new.soilfoodweb.com/directory-member/casey-williams/,,,text/html,Gael Mion – Soil Food Web Foundation,Gael Mion,1,"noindex, nofollow",https://new.soilfoodweb.com/directory-member/casey-williams/,yes,39,"width=device-width, initial-scale=1, maximum-scale=1, user-scalable=0",menu-v1,ocm-v1,footer-v1,DYNAMIC,200,identical,,REST,rest:directory_member,no,0,VIEWPORT-BLOCKS-ZOOM
https://new.soilfoodweb.com/directory-member/catheirne-mac-rae/,directory-member,200,https://new.soilfoodweb.com/directory-member/catheirne-mac-rae/,,,text/html,Catheirne Mac Rae – Soil Food Web Foundation,Catheirne Mac Rae,1,"noindex, nofollow",https://new.soilfoodweb.com/directory-member/catheirne-mac-rae/,yes,102,"width=device-width, initial-scale=1, maximum-scale=1, user-scalable=0",menu-v1,ocm-v1,footer-v1,DYNAMIC,200,identical,,"REST,crawl",rest:directory_member,no,0,VIEWPORT-BLOCKS-ZOOM
https://new.soilfoodweb.com/directory-member/charles-desmarais/,directory-member,200,https://new.soilfoodweb.com/directory-member/charles-desmarais/,,,text/html,Charles Desmarais – Soil Food Web Foundation,Charles Desmarais,1,"noindex, nofollow",https://new.soilfoodweb.com/directory-member/charles-desmarais/,yes,44,"width=device-width, initial-scale=1, maximum-scale=1, user-scalable=0",menu-v1,ocm-v1,footer-v1,DYNAMIC,200,identical,,REST,rest:directory_member,no,0,VIEWPORT-BLOCKS-ZOOM
https://new.soilfoodweb.com/directory-member/charlotte-huber/,directory-member,200,https://new.soilfoodweb.com/directory-member/charlotte-huber/,,,text/html,Charlotte Huber – Soil Food Web Foundation,Charlotte Huber,1,"noindex, nofollow",https://new.soilfoodweb.com/directory-member/charlotte-huber/,yes,99,"width=device-width, initial-scale=1, maximum-scale=1, user-scalable=0",menu-v1,ocm-v1,footer-v1,DYNAMIC,200,identical,,REST,rest:directory_member,no,0,VIEWPORT-BLOCKS-ZOOM
https://new.soilfoodweb.com/directory-member/chase-jones/,directory-member,200,https://new.soilfoodweb.com/directory-member/chase-jones/,,,text/html,Chase Jones – Soil Food Web Foundation,Chase Jones,1,"noindex, nofollow",https://new.soilfoodweb.com/directory-member/chase-jones/,yes,97,"width=device-width, initial-scale=1, maximum-scale=1, user-scalable=0",menu-v1,ocm-v1,footer-v1,DYNAMIC,200,identical,,REST,rest:directory_member,no,0,VIEWPORT-BLOCKS-ZOOM
https://new.soilfoodweb.com/directory-member/christine-gust/,directory-member,200,https://new.soilfoodweb.com/directory-member/christine-gust/,,,text/html,Christine Gust – Soil Food Web Foundation,Christine Gust,1,"noindex, nofollow",https://new.soilfoodweb.com/directory-member/christine-gust/,yes,124,"width=device-width, initial-scale=1, maximum-scale=1, user-scalable=0",menu-v1,ocm-v1,footer-v1,DYNAMIC,200,identical,,REST,rest:directory_member,no,0,VIEWPORT-BLOCKS-ZOOM
https://new.soilfoodweb.com/directory-member/christine-lenches-hinkel/,directory-member,200,https://new.soilfoodweb.com/directory-member/christine-lenches-hinkel/,,,text/html,Christine Lenches-HInkel – Soil Food Web Foundation,Christine Lenches-HInkel,1,"noindex, nofollow",https://new.soilfoodweb.com/directory-member/christine-lenches-hinkel/,yes,97,"width=device-width, initial-scale=1, maximum-scale=1, user-scalable=0",menu-v1,ocm-v1,footer-v1,DYNAMIC,200,identical,,REST,rest:directory_member,no,0,VIEWPORT-BLOCKS-ZOOM
https://new.soilfoodweb.com/directory-member/christopher-carlislle/,directory-member,200,https://new.soilfoodweb.com/directory-member/christopher-carlislle/,,,text/html,Christopher Carlislle – Soil Food Web Foundation,Christopher Carlislle,1,"noindex, nofollow",https://new.soilfoodweb.com/directory-member/christopher-carlislle/,yes,127,"width=device-width, initial-scale=1, maximum-scale=1, user-scalable=0",menu-v1,ocm-v1,footer-v1,DYNAMIC,200,identical,,REST,rest:directory_member,no,0,VIEWPORT-BLOCKS-ZOOM
https://new.soilfoodweb.com/directory-member/colleen-dempster/,directory-member,200,https://new.soilfoodweb.com/directory-member/colleen-dempster/,,,text/html,Colleen Dempster – Soil Food Web Foundation,Colleen Dempster,1,"noindex, nofollow",https://new.soilfoodweb.com/directory-member/colleen-dempster/,yes,121,"width=device-width, initial-scale=1, maximum-scale=1, user-scalable=0",menu-v1,ocm-v1,footer-v1,DYNAMIC,200,identical,,REST,rest:directory_member,no,0,VIEWPORT-BLOCKS-ZOOM
https://new.soilfoodweb.com/directory-member/corinne-gwyther/,directory-member,200,https://new.soilfoodweb.com/directory-member/corinne-gwyther/,,,text/html,"Leisha, Living Ground, – Soil Food Web Foundation","Leisha, Living Ground,",1,"noindex, nofollow",https://new.soilfoodweb.com/directory-member/corinne-gwyther/,yes,125,"width=device-width, initial-scale=1, maximum-scale=1, user-scalable=0",menu-v1,ocm-v1,footer-v1,DYNAMIC,200,identical,,"REST,crawl",rest:directory_member,no,0,VIEWPORT-BLOCKS-ZOOM
https://new.soilfoodweb.com/directory-member/daisy-fair/,directory-member,200,https://new.soilfoodweb.com/directory-member/daisy-fair/,,,text/html,Rosa Pertierra Lazo – Soil Food Web Foundation,Rosa Pertierra Lazo,1,"noindex, nofollow",https://new.soilfoodweb.com/directory-member/daisy-fair/,yes,80,"width=device-width, initial-scale=1, maximum-scale=1, user-scalable=0",menu-v1,ocm-v1,footer-v1,DYNAMIC,200,identical,,REST,rest:directory_member,no,0,VIEWPORT-BLOCKS-ZOOM
https://new.soilfoodweb.com/directory-member/daisy-fair/rp-2025/,attachment page,200,https://new.soilfoodweb.com/wp-content/uploads/2026/08/RP-2025.jpg,301->https://new.soilfoodweb.com/wp-content/uploads/2026/08/RP-2025.jpg,,image/jpeg,,,,,,,,,none,none,none,REVALIDATED,200,identical,,REST,rest:attachment,no,0,
https://new.soilfoodweb.com/directory-member/dan-shazar/,directory-member,200,https://new.soilfoodweb.com/directory-member/dan-shazar/,,,text/html,Dan Shazar – Soil Food Web Foundation,Dan Shazar,1,"noindex, nofollow",https://new.soilfoodweb.com/directory-member/dan-shazar/,yes,118,"width=device-width, initial-scale=1, maximum-scale=1, user-scalable=0",menu-v1,ocm-v1,footer-v1,DYNAMIC,200,identical,,"REST,crawl",rest:directory_member,no,0,VIEWPORT-BLOCKS-ZOOM
https://new.soilfoodweb.com/directory-member/dani-vargas/,directory-member,200,https://new.soilfoodweb.com/directory-member/dani-vargas/,,,text/html,Dani Vargas – Soil Food Web Foundation,Dani Vargas,1,"noindex, nofollow",https://new.soilfoodweb.com/directory-member/dani-vargas/,yes,131,"width=device-width, initial-scale=1, maximum-scale=1, user-scalable=0",menu-v1,ocm-v1,footer-v1,DYNAMIC,200,identical,,REST,rest:directory_member,no,0,VIEWPORT-BLOCKS-ZOOM
https://new.soilfoodweb.com/directory-member/david-acuna/,directory-member,200,https://new.soilfoodweb.com/directory-member/david-acuna/,,,text/html,David Acuña – Soil Food Web Foundation,David Acuña,1,"noindex, nofollow",https://new.soilfoodweb.com/directory-member/david-acuna/,yes,44,"width=device-width, initial-scale=1, maximum-scale=1, user-scalable=0",menu-v1,ocm-v1,footer-v1,DYNAMIC,200,identical,,REST,rest:directory_member,no,0,VIEWPORT-BLOCKS-ZOOM
https://new.soilfoodweb.com/directory-member/davis-limbach/,directory-member,200,https://new.soilfoodweb.com/directory-member/davis-limbach/,,,text/html,Davis Limbach – Soil Food Web Foundation,Davis Limbach,1,"noindex, nofollow",https://new.soilfoodweb.com/directory-member/davis-limbach/,yes,138,"width=device-width, initial-scale=1, maximum-scale=1, user-scalable=0",menu-v1,ocm-v1,footer-v1,DYNAMIC,200,identical,,REST,rest:directory_member,no,0,VIEWPORT-BLOCKS-ZOOM
https://new.soilfoodweb.com/directory-member/debbie-naera/,directory-member,200,https://new.soilfoodweb.com/directory-member/debbie-naera/,,,text/html,Debbie Naera – Soil Food Web Foundation,Debbie Naera,1,"noindex, nofollow",https://new.soilfoodweb.com/directory-member/debbie-naera/,yes,44,"width=device-width, initial-scale=1, maximum-scale=1, user-scalable=0",menu-v1,ocm-v1,footer-v1,DYNAMIC,200,identical,,REST,rest:directory_member,no,0,VIEWPORT-BLOCKS-ZOOM
https://new.soilfoodweb.com/directory-member/debbie-van-till/,directory-member,200,https://new.soilfoodweb.com/directory-member/debbie-van-till/,,,text/html,Debbie Van Till – Soil Food Web Foundation,Debbie Van Till,1,"noindex, nofollow",https://new.soilfoodweb.com/directory-member/debbie-van-till/,yes,60,"width=device-width, initial-scale=1, maximum-scale=1, user-scalable=0",menu-v1,ocm-v1,footer-v1,DYNAMIC,200,identical,,REST,rest:directory_member,no,0,VIEWPORT-BLOCKS-ZOOM
https://new.soilfoodweb.com/directory-member/derek-barbe/,directory-member,200,https://new.soilfoodweb.com/directory-member/derek-barbe/,,,text/html,Derek Barbe – Soil Food Web Foundation,Derek Barbe,1,"noindex, nofollow",https://new.soilfoodweb.com/directory-member/derek-barbe/,yes,39,"width=device-width, initial-scale=1, maximum-scale=1, user-scalable=0",menu-v1,ocm-v1,footer-v1,DYNAMIC,200,identical,,REST,rest:directory_member,no,0,VIEWPORT-BLOCKS-ZOOM
https://new.soilfoodweb.com/directory-member/dominique-lainez/,directory-member,200,https://new.soilfoodweb.com/directory-member/dominique-lainez/,,,text/html,Dominique Laínez – Soil Food Web Foundation,Dominique Laínez,1,"noindex, nofollow",https://new.soilfoodweb.com/directory-member/dominique-lainez/,yes,106,"width=device-width, initial-scale=1, maximum-scale=1, user-scalable=0",menu-v1,ocm-v1,footer-v1,DYNAMIC,200,identical,,REST,rest:directory_member,no,0,VIEWPORT-BLOCKS-ZOOM
https://new.soilfoodweb.com/directory-member/dora-tkalec/,directory-member,200,https://new.soilfoodweb.com/directory-member/dora-tkalec/,,,text/html,Dora Tkalec – Soil Food Web Foundation,Dora Tkalec,1,"noindex, nofollow",https://new.soilfoodweb.com/directory-member/dora-tkalec/,yes,130,"width=device-width, initial-scale=1, maximum-scale=1, user-scalable=0",menu-v1,ocm-v1,footer-v1,DYNAMIC,200,identical,,REST,rest:directory_member,no,0,VIEWPORT-BLOCKS-ZOOM
https://new.soilfoodweb.com/directory-member/doug-ayers/,directory-member,200,https://new.soilfoodweb.com/directory-member/doug-ayers/,,,text/html,Doug Ayers – Soil Food Web Foundation,Doug Ayers,1,"noindex, nofollow",https://new.soilfoodweb.com/directory-member/doug-ayers/,yes,51,"width=device-width, initial-scale=1, maximum-scale=1, user-scalable=0",menu-v1,ocm-v1,footer-v1,DYNAMIC,200,identical,,"REST,crawl",rest:directory_member,no,1,VIEWPORT-BLOCKS-ZOOM
https://new.soilfoodweb.com/directory-member/dr-carla-portugal/,directory-member,200,https://new.soilfoodweb.com/directory-member/dr-carla-portugal/,,,text/html,Dr Carla Portugal – Soil Food Web Foundation,Dr Carla Portugal,1,"noindex, nofollow",https://new.soilfoodweb.com/directory-member/dr-carla-portugal/,yes,120,"width=device-width, initial-scale=1, maximum-scale=1, user-scalable=0",menu-v1,ocm-v1,footer-v1,DYNAMIC,200,identical,,REST,rest:directory_member,no,0,VIEWPORT-BLOCKS-ZOOM
https://new.soilfoodweb.com/directory-member/duncan-pepper/,directory-member,200,https://new.soilfoodweb.com/directory-member/duncan-pepper/,,,text/html,Duncan Pepper – Soil Food Web Foundation,Duncan Pepper,1,"noindex, nofollow",https://new.soilfoodweb.com/directory-member/duncan-pepper/,yes,34,"width=device-width, initial-scale=1, maximum-scale=1, user-scalable=0",menu-v1,ocm-v1,footer-v1,DYNAMIC,200,identical,,REST,rest:directory_member,no,0,VIEWPORT-BLOCKS-ZOOM
https://new.soilfoodweb.com/directory-member/elias-bajalia/,directory-member,200,https://new.soilfoodweb.com/directory-member/elias-bajalia/,,,text/html,Elias Bajalia – Soil Food Web Foundation,Elias Bajalia,1,"noindex, nofollow",https://new.soilfoodweb.com/directory-member/elias-bajalia/,yes,118,"width=device-width, initial-scale=1, maximum-scale=1, user-scalable=0",menu-v1,ocm-v1,footer-v1,DYNAMIC,200,identical,,REST,rest:directory_member,no,0,VIEWPORT-BLOCKS-ZOOM
https://new.soilfoodweb.com/directory-member/elizabeth-romo-rabago/,directory-member,200,https://new.soilfoodweb.com/directory-member/elizabeth-romo-rabago/,,,text/html,Elizabeth Romo-Rabago – Soil Food Web Foundation,Elizabeth Romo-Rabago,1,"noindex, nofollow",https://new.soilfoodweb.com/directory-member/elizabeth-romo-rabago/,yes,118,"width=device-width, initial-scale=1, maximum-scale=1, user-scalable=0",menu-v1,ocm-v1,footer-v1,DYNAMIC,200,identical,,"REST,crawl",rest:directory_member,no,0,VIEWPORT-BLOCKS-ZOOM
https://new.soilfoodweb.com/directory-member/eric-feiler/,directory-member,200,https://new.soilfoodweb.com/directory-member/eric-feiler/,,,text/html,Eric Feiler – Soil Food Web Foundation,Eric Feiler,1,"noindex, nofollow",https://new.soilfoodweb.com/directory-member/eric-feiler/,yes,134,"width=device-width, initial-scale=1, maximum-scale=1, user-scalable=0",menu-v1,ocm-v1,footer-v1,DYNAMIC,200,identical,,"REST,crawl",rest:directory_member,no,1,VIEWPORT-BLOCKS-ZOOM
https://new.soilfoodweb.com/directory-member/eric-johnson/,directory-member,200,https://new.soilfoodweb.com/directory-member/eric-johnson/,,,text/html,Eric Johnson – Soil Food Web Foundation,Eric Johnson,1,"noindex, nofollow",https://new.soilfoodweb.com/directory-member/eric-johnson/,yes,52,"width=device-width, initial-scale=1, maximum-scale=1, user-scalable=0",menu-v1,ocm-v1,footer-v1,DYNAMIC,200,identical,,REST,rest:directory_member,no,0,VIEWPORT-BLOCKS-ZOOM
https://new.soilfoodweb.com/directory-member/fahri-ulucay/,directory-member,200,https://new.soilfoodweb.com/directory-member/fahri-ulucay/,,,text/html,Fahri Ulucay – Soil Food Web Foundation,Fahri Ulucay,1,"noindex, nofollow",https://new.soilfoodweb.com/directory-member/fahri-ulucay/,yes,117,"width=device-width, initial-scale=1, maximum-scale=1, user-scalable=0",menu-v1,ocm-v1,footer-v1,DYNAMIC,200,identical,,REST,rest:directory_member,no,0,VIEWPORT-BLOCKS-ZOOM
https://new.soilfoodweb.com/directory-member/faith-moeser/,directory-member,200,https://new.soilfoodweb.com/directory-member/faith-moeser/,,,text/html,Faith Moeser – Soil Food Web Foundation,Faith Moeser,1,"noindex, nofollow",https://new.soilfoodweb.com/directory-member/faith-moeser/,yes,107,"width=device-width, initial-scale=1, maximum-scale=1, user-scalable=0",menu-v1,ocm-v1,footer-v1,DYNAMIC,200,identical,,REST,rest:directory_member,no,0,VIEWPORT-BLOCKS-ZOOM
https://new.soilfoodweb.com/directory-member/fatma-kamai/,directory-member,200,https://new.soilfoodweb.com/directory-member/fatma-kamai/,,,text/html,Fatma Kamai – Soil Food Web Foundation,Fatma Kamai,1,"noindex, nofollow",https://new.soilfoodweb.com/directory-member/fatma-kamai/,yes,110,"width=device-width, initial-scale=1, maximum-scale=1, user-scalable=0",menu-v1,ocm-v1,footer-v1,DYNAMIC,200,identical,,"REST,crawl",rest:directory_member,no,1,VIEWPORT-BLOCKS-ZOOM
https://new.soilfoodweb.com/directory-member/felipe-lupusella/,directory-member,200,https://new.soilfoodweb.com/directory-member/felipe-lupusella/,,,text/html,FELIPE LUPUSELLA – Soil Food Web Foundation,FELIPE LUPUSELLA,1,"noindex, nofollow",https://new.soilfoodweb.com/directory-member/felipe-lupusella/,yes,87,"width=device-width, initial-scale=1, maximum-scale=1, user-scalable=0",menu-v1,ocm-v1,footer-v1,DYNAMIC,200,identical,,"REST,crawl",rest:directory_member,no,1,VIEWPORT-BLOCKS-ZOOM
https://new.soilfoodweb.com/directory-member/fernando-gutierrez/,directory-member,200,https://new.soilfoodweb.com/directory-member/fernando-gutierrez/,,,text/html,Fernando Gutiérrez – Soil Food Web Foundation,Fernando Gutiérrez,1,"noindex, nofollow",https://new.soilfoodweb.com/directory-member/fernando-gutierrez/,yes,104,"width=device-width, initial-scale=1, maximum-scale=1, user-scalable=0",menu-v1,ocm-v1,footer-v1,DYNAMIC,200,identical,,REST,rest:directory_member,no,0,VIEWPORT-BLOCKS-ZOOM
https://new.soilfoodweb.com/directory-member/filip-golebiewski/,directory-member,200,https://new.soilfoodweb.com/directory-member/filip-golebiewski/,,,text/html,Filip Golebiewski – Soil Food Web Foundation,Filip Golebiewski,1,"noindex, nofollow",https://new.soilfoodweb.com/directory-member/filip-golebiewski/,yes,41,"width=device-width, initial-scale=1, maximum-scale=1, user-scalable=0",menu-v1,ocm-v1,footer-v1,DYNAMIC,200,identical,,"REST,crawl",rest:directory_member,no,0,VIEWPORT-BLOCKS-ZOOM
https://new.soilfoodweb.com/directory-member/hanneke-hietink/,directory-member,200,https://new.soilfoodweb.com/directory-member/hanneke-hietink/,,,text/html,Joshua Weybright – Soil Food Web Foundation,Joshua Weybright,1,"noindex, nofollow",https://new.soilfoodweb.com/directory-member/hanneke-hietink/,yes,118,"width=device-width, initial-scale=1, maximum-scale=1, user-scalable=0",menu-v1,ocm-v1,footer-v1,DYNAMIC,200,identical,,REST,rest:directory_member,no,0,VIEWPORT-BLOCKS-ZOOM
https://new.soilfoodweb.com/directory-member/henk-breugem/,directory-member,200,https://new.soilfoodweb.com/directory-member/henk-breugem/,,,text/html,Sofya Brown – Soil Food Web Foundation,Sofya Brown,1,"noindex, nofollow",https://new.soilfoodweb.com/directory-member/henk-breugem/,yes,98,"width=device-width, initial-scale=1, maximum-scale=1, user-scalable=0",menu-v1,ocm-v1,footer-v1,DYNAMIC,200,identical,,REST,rest:directory_member,no,0,VIEWPORT-BLOCKS-ZOOM
https://new.soilfoodweb.com/directory-member/henk-breugem/sofya-brown/,attachment page,200,https://new.soilfoodweb.com/wp-content/uploads/2026/08/Sofya-Brown-scaled.jpg,301->https://new.soilfoodweb.com/wp-content/uploads/2026/08/Sofya-Brown-scaled.jpg,,image/jpeg,,,,,,,,,none,none,none,MISS,200,identical,,REST,rest:attachment,no,0,
https://new.soilfoodweb.com/directory-member/holly-headrick/,directory-member,200,https://new.soilfoodweb.com/directory-member/holly-headrick/,,,text/html,Holly Headrick – Soil Food Web Foundation,Holly Headrick,1,"noindex, nofollow",https://new.soilfoodweb.com/directory-member/holly-headrick/,yes,49,"width=device-width, initial-scale=1, maximum-scale=1, user-scalable=0",menu-v1,ocm-v1,footer-v1,DYNAMIC,200,identical,,"REST,crawl",rest:directory_member,no,1,VIEWPORT-BLOCKS-ZOOM
https://new.soilfoodweb.com/directory-member/ilona-angelova/,directory-member,200,https://new.soilfoodweb.com/directory-member/ilona-angelova/,,,text/html,Ilona Angelova – Soil Food Web Foundation,Ilona Angelova,1,"noindex, nofollow",https://new.soilfoodweb.com/directory-member/ilona-angelova/,yes,95,"width=device-width, initial-scale=1, maximum-scale=1, user-scalable=0",menu-v1,ocm-v1,footer-v1,DYNAMIC,200,identical,,REST,rest:directory_member,no,0,VIEWPORT-BLOCKS-ZOOM
https://new.soilfoodweb.com/directory-member/ireth-garcia/,directory-member,200,https://new.soilfoodweb.com/directory-member/ireth-garcia/,,,text/html,Ireth Garcia – Soil Food Web Foundation,Ireth Garcia,1,"noindex, nofollow",https://new.soilfoodweb.com/directory-member/ireth-garcia/,yes,124,"width=device-width, initial-scale=1, maximum-scale=1, user-scalable=0",menu-v1,ocm-v1,footer-v1,DYNAMIC,200,identical,,"REST,crawl",rest:directory_member,no,1,VIEWPORT-BLOCKS-ZOOM
https://new.soilfoodweb.com/directory-member/isadora-schmidt/,directory-member,200,https://new.soilfoodweb.com/directory-member/isadora-schmidt/,,,text/html,Isadora Schmidt – Soil Food Web Foundation,Isadora Schmidt,1,"noindex, nofollow",https://new.soilfoodweb.com/directory-member/isadora-schmidt/,yes,74,"width=device-width, initial-scale=1, maximum-scale=1, user-scalable=0",menu-v1,ocm-v1,footer-v1,DYNAMIC,200,identical,,REST,rest:directory_member,no,0,VIEWPORT-BLOCKS-ZOOM
https://new.soilfoodweb.com/directory-member/jacopo-orazi/,directory-member,200,https://new.soilfoodweb.com/directory-member/jacopo-orazi/,,,text/html,Jacopo Orazi – Soil Food Web Foundation,Jacopo Orazi,1,"noindex, nofollow",https://new.soilfoodweb.com/directory-member/jacopo-orazi/,yes,111,"width=device-width, initial-scale=1, maximum-scale=1, user-scalable=0",menu-v1,ocm-v1,footer-v1,DYNAMIC,200,identical,,REST,rest:directory_member,no,0,VIEWPORT-BLOCKS-ZOOM
https://new.soilfoodweb.com/directory-member/jamie-dickinson/,directory-member,200,https://new.soilfoodweb.com/directory-member/jamie-dickinson/,,,text/html,Jamie Dickinson – Soil Food Web Foundation,Jamie Dickinson,1,"noindex, nofollow",https://new.soilfoodweb.com/directory-member/jamie-dickinson/,yes,123,"width=device-width, initial-scale=1, maximum-scale=1, user-scalable=0",menu-v1,ocm-v1,footer-v1,DYNAMIC,200,identical,,REST,rest:directory_member,no,0,VIEWPORT-BLOCKS-ZOOM
https://new.soilfoodweb.com/directory-member/janet-moore/,directory-member,200,https://new.soilfoodweb.com/directory-member/janet-moore/,,,text/html,Janét Moore – Soil Food Web Foundation,Janét Moore,1,"noindex, nofollow",https://new.soilfoodweb.com/directory-member/janet-moore/,yes,138,"width=device-width, initial-scale=1, maximum-scale=1, user-scalable=0",menu-v1,ocm-v1,footer-v1,DYNAMIC,200,identical,,"REST,crawl",rest:directory_member,no,1,VIEWPORT-BLOCKS-ZOOM
https://new.soilfoodweb.com/directory-member/jason-gearheart/,directory-member,200,https://new.soilfoodweb.com/directory-member/jason-gearheart/,,,text/html,Jason Gearheart – Soil Food Web Foundation,Jason Gearheart,1,"noindex, nofollow",https://new.soilfoodweb.com/directory-member/jason-gearheart/,yes,103,"width=device-width, initial-scale=1, maximum-scale=1, user-scalable=0",menu-v1,ocm-v1,footer-v1,DYNAMIC,200,identical,,"REST,crawl",rest:directory_member,no,0,VIEWPORT-BLOCKS-ZOOM
https://new.soilfoodweb.com/directory-member/jayden-fmf/,directory-member,200,https://new.soilfoodweb.com/directory-member/jayden-fmf/,,,text/html,Kyle Babcock – Soil Food Web Foundation,Kyle Babcock,1,"noindex, nofollow",https://new.soilfoodweb.com/directory-member/jayden-fmf/,yes,126,"width=device-width, initial-scale=1, maximum-scale=1, user-scalable=0",menu-v1,ocm-v1,footer-v1,DYNAMIC,200,identical,,REST,rest:directory_member,no,0,VIEWPORT-BLOCKS-ZOOM
https://new.soilfoodweb.com/directory-member/jean-baptiste-nazarie/,directory-member,200,https://new.soilfoodweb.com/directory-member/jean-baptiste-nazarie/,,,text/html,Jean-Baptiste Nazarie – Soil Food Web Foundation,Jean-Baptiste Nazarie,1,"noindex, nofollow",https://new.soilfoodweb.com/directory-member/jean-baptiste-nazarie/,yes,73,"width=device-width, initial-scale=1, maximum-scale=1, user-scalable=0",menu-v1,ocm-v1,footer-v1,DYNAMIC,200,identical,,"REST,crawl",rest:directory_member,no,0,VIEWPORT-BLOCKS-ZOOM
https://new.soilfoodweb.com/directory-member/jennifer-neufeld/,directory-member,200,https://new.soilfoodweb.com/directory-member/jennifer-neufeld/,,,text/html,Jennifer Neufeld – Soil Food Web Foundation,Jennifer Neufeld,1,"noindex, nofollow",https://new.soilfoodweb.com/directory-member/jennifer-neufeld/,yes,103,"width=device-width, initial-scale=1, maximum-scale=1, user-scalable=0",menu-v1,ocm-v1,footer-v1,DYNAMIC,200,identical,,REST,rest:directory_member,no,0,VIEWPORT-BLOCKS-ZOOM
https://new.soilfoodweb.com/directory-member/jenny-sanderson/,directory-member,200,https://new.soilfoodweb.com/directory-member/jenny-sanderson/,,,text/html,Jenny Sanderson – Soil Food Web Foundation,Jenny Sanderson,1,"noindex, nofollow",https://new.soilfoodweb.com/directory-member/jenny-sanderson/,yes,129,"width=device-width, initial-scale=1, maximum-scale=1, user-scalable=0",menu-v1,ocm-v1,footer-v1,DYNAMIC,200,identical,,"REST,crawl",rest:directory_member,no,1,VIEWPORT-BLOCKS-ZOOM
https://new.soilfoodweb.com/directory-member/jeroen-boss/,directory-member,200,https://new.soilfoodweb.com/directory-member/jeroen-boss/,,,text/html,Jeroen Boss – Soil Food Web Foundation,Jeroen Boss,1,"noindex, nofollow",https://new.soilfoodweb.com/directory-member/jeroen-boss/,yes,116,"width=device-width, initial-scale=1, maximum-scale=1, user-scalable=0",menu-v1,ocm-v1,footer-v1,DYNAMIC,200,identical,,REST,rest:directory_member,no,0,VIEWPORT-BLOCKS-ZOOM
https://new.soilfoodweb.com/directory-member/jerry-field/,directory-member,200,https://new.soilfoodweb.com/directory-member/jerry-field/,,,text/html,Jerry Field – Soil Food Web Foundation,Jerry Field,1,"noindex, nofollow",https://new.soilfoodweb.com/directory-member/jerry-field/,yes,81,"width=device-width, initial-scale=1, maximum-scale=1, user-scalable=0",menu-v1,ocm-v1,footer-v1,DYNAMIC,200,identical,,REST,rest:directory_member,no,0,VIEWPORT-BLOCKS-ZOOM
https://new.soilfoodweb.com/directory-member/jesper-andersson/,directory-member,200,https://new.soilfoodweb.com/directory-member/jesper-andersson/,,,text/html,Jesper Andersson – Soil Food Web Foundation,Jesper Andersson,1,"noindex, nofollow",https://new.soilfoodweb.com/directory-member/jesper-andersson/,yes,66,"width=device-width, initial-scale=1, maximum-scale=1, user-scalable=0",menu-v1,ocm-v1,footer-v1,DYNAMIC,200,identical,,"REST,crawl",rest:directory_member,no,1,VIEWPORT-BLOCKS-ZOOM
https://new.soilfoodweb.com/directory-member/joaquin-perez/,directory-member,200,https://new.soilfoodweb.com/directory-member/joaquin-perez/,,,text/html,Joaquin Perez – Soil Food Web Foundation,Joaquin Perez,1,"noindex, nofollow",https://new.soilfoodweb.com/directory-member/joaquin-perez/,yes,106,"width=device-width, initial-scale=1, maximum-scale=1, user-scalable=0",menu-v1,ocm-v1,footer-v1,DYNAMIC,200,identical,,REST,rest:directory_member,no,0,VIEWPORT-BLOCKS-ZOOM
https://new.soilfoodweb.com/directory-member/joe-zanotelli/,directory-member,200,https://new.soilfoodweb.com/directory-member/joe-zanotelli/,,,text/html,Joe Zanotelli – Soil Food Web Foundation,Joe Zanotelli,1,"noindex, nofollow",https://new.soilfoodweb.com/directory-member/joe-zanotelli/,yes,108,"width=device-width, initial-scale=1, maximum-scale=1, user-scalable=0",menu-v1,ocm-v1,footer-v1,DYNAMIC,200,identical,,"REST,crawl",rest:directory_member,no,1,VIEWPORT-BLOCKS-ZOOM
https://new.soilfoodweb.com/directory-member/jose-santa-cruz/,directory-member,200,https://new.soilfoodweb.com/directory-member/jose-santa-cruz/,,,text/html,José Santa Cruz – Soil Food Web Foundation,José Santa Cruz,1,"noindex, nofollow",https://new.soilfoodweb.com/directory-member/jose-santa-cruz/,yes,88,"width=device-width, initial-scale=1, maximum-scale=1, user-scalable=0",menu-v1,ocm-v1,footer-v1,DYNAMIC,200,identical,,REST,rest:directory_member,no,0,VIEWPORT-BLOCKS-ZOOM
https://new.soilfoodweb.com/directory-member/josefina-bergsten/,directory-member,200,https://new.soilfoodweb.com/directory-member/josefina-bergsten/,,,text/html,josefina bergsten – Soil Food Web Foundation,josefina bergsten,1,"noindex, nofollow",https://new.soilfoodweb.com/directory-member/josefina-bergsten/,yes,124,"width=device-width, initial-scale=1, maximum-scale=1, user-scalable=0",menu-v1,ocm-v1,footer-v1,DYNAMIC,200,identical,,"REST,crawl",rest:directory_member,no,1,VIEWPORT-BLOCKS-ZOOM
https://new.soilfoodweb.com/directory-member/josefina-bergsten/josefinabergsten/,attachment page,200,https://new.soilfoodweb.com/wp-content/uploads/2026/08/JosefinaBergsten-scaled.jpg,301->https://new.soilfoodweb.com/wp-content/uploads/2026/08/JosefinaBergsten-scaled.jpg,,image/jpeg,,,,,,,,,none,none,none,MISS,200,identical,,REST,rest:attachment,no,0,
https://new.soilfoodweb.com/directory-member/josh-cheng/,directory-member,200,https://new.soilfoodweb.com/directory-member/josh-cheng/,,,text/html,Wesley Soule – Soil Food Web Foundation,Wesley Soule,1,"noindex, nofollow",https://new.soilfoodweb.com/directory-member/josh-cheng/,yes,138,"width=device-width, initial-scale=1, maximum-scale=1, user-scalable=0",menu-v1,ocm-v1,footer-v1,DYNAMIC,200,identical,,REST,rest:directory_member,no,0,VIEWPORT-BLOCKS-ZOOM
https://new.soilfoodweb.com/directory-member/josh-cheng/whatsapp-image-2026-02-23-at-16-06-55/,attachment page,200,https://new.soilfoodweb.com/wp-content/uploads/2026/08/WhatsApp-Image-2026-02-23-at-16.06.55.jpeg,301->https://new.soilfoodweb.com/wp-content/uploads/2026/08/WhatsApp-Image-2026-02-23-at-16.06.55.jpeg,,image/jpeg,,,,,,,,,none,none,none,REVALIDATED,200,identical,,REST,rest:attachment,no,0,
https://new.soilfoodweb.com/directory-member/judith-green/,directory-member,200,https://new.soilfoodweb.com/directory-member/judith-green/,,,text/html,Judith Green – Soil Food Web Foundation,Judith Green,1,"noindex, nofollow",https://new.soilfoodweb.com/directory-member/judith-green/,yes,64,"width=device-width, initial-scale=1, maximum-scale=1, user-scalable=0",menu-v1,ocm-v1,footer-v1,DYNAMIC,200,identical,,"REST,crawl",rest:directory_member,no,1,VIEWPORT-BLOCKS-ZOOM
https://new.soilfoodweb.com/directory-member/julia-dupuis/,directory-member,200,https://new.soilfoodweb.com/directory-member/julia-dupuis/,,,text/html,Julia Dupuis – Soil Food Web Foundation,Julia Dupuis,1,"noindex, nofollow",https://new.soilfoodweb.com/directory-member/julia-dupuis/,yes,118,"width=device-width, initial-scale=1, maximum-scale=1, user-scalable=0",menu-v1,ocm-v1,footer-v1,DYNAMIC,200,identical,,REST,rest:directory_member,no,0,VIEWPORT-BLOCKS-ZOOM
https://new.soilfoodweb.com/directory-member/julian-ravenscroft/,directory-member,200,https://new.soilfoodweb.com/directory-member/julian-ravenscroft/,,,text/html,Julian Ravenscroft – Soil Food Web Foundation,Julian Ravenscroft,1,"noindex, nofollow",https://new.soilfoodweb.com/directory-member/julian-ravenscroft/,yes,130,"width=device-width, initial-scale=1, maximum-scale=1, user-scalable=0",menu-v1,ocm-v1,footer-v1,DYNAMIC,200,identical,,REST,rest:directory_member,no,0,VIEWPORT-BLOCKS-ZOOM
https://new.soilfoodweb.com/directory-member/julie-shedko/,directory-member,200,https://new.soilfoodweb.com/directory-member/julie-shedko/,,,text/html,Julie Shedko – Soil Food Web Foundation,Julie Shedko,1,"noindex, nofollow",https://new.soilfoodweb.com/directory-member/julie-shedko/,yes,122,"width=device-width, initial-scale=1, maximum-scale=1, user-scalable=0",menu-v1,ocm-v1,footer-v1,DYNAMIC,200,identical,,REST,rest:directory_member,no,0,VIEWPORT-BLOCKS-ZOOM
https://new.soilfoodweb.com/directory-member/justin-whittaker/,directory-member,200,https://new.soilfoodweb.com/directory-member/justin-whittaker/,,,text/html,Justin Whittaker – Soil Food Web Foundation,Justin Whittaker,1,"noindex, nofollow",https://new.soilfoodweb.com/directory-member/justin-whittaker/,yes,106,"width=device-width, initial-scale=1, maximum-scale=1, user-scalable=0",menu-v1,ocm-v1,footer-v1,DYNAMIC,200,identical,,REST,rest:directory_member,no,0,VIEWPORT-BLOCKS-ZOOM
https://new.soilfoodweb.com/directory-member/kathy-schreiber/,directory-member,200,https://new.soilfoodweb.com/directory-member/kathy-schreiber/,,,text/html,Kathy SCHREIBER – Soil Food Web Foundation,Kathy SCHREIBER,1,"noindex, nofollow",https://new.soilfoodweb.com/directory-member/kathy-schreiber/,yes,144,"width=device-width, initial-scale=1, maximum-scale=1, user-scalable=0",menu-v1,ocm-v1,footer-v1,DYNAMIC,200,identical,,REST,rest:directory_member,no,0,VIEWPORT-BLOCKS-ZOOM
https://new.soilfoodweb.com/directory-member/kent-holle/,directory-member,200,https://new.soilfoodweb.com/directory-member/kent-holle/,,,text/html,Kent Holle – Soil Food Web Foundation,Kent Holle,1,"noindex, nofollow",https://new.soilfoodweb.com/directory-member/kent-holle/,yes,117,"width=device-width, initial-scale=1, maximum-scale=1, user-scalable=0",menu-v1,ocm-v1,footer-v1,DYNAMIC,200,identical,,REST,rest:directory_member,no,0,VIEWPORT-BLOCKS-ZOOM
https://new.soilfoodweb.com/directory-member/kevin-fretz/,directory-member,200,https://new.soilfoodweb.com/directory-member/kevin-fretz/,,,text/html,Kevin Fretz – Soil Food Web Foundation,Kevin Fretz,1,"noindex, nofollow",https://new.soilfoodweb.com/directory-member/kevin-fretz/,yes,73,"width=device-width, initial-scale=1, maximum-scale=1, user-scalable=0",menu-v1,ocm-v1,footer-v1,DYNAMIC,200,identical,,REST,rest:directory_member,no,0,VIEWPORT-BLOCKS-ZOOM
https://new.soilfoodweb.com/directory-member/kevin-krause/,directory-member,200,https://new.soilfoodweb.com/directory-member/kevin-krause/,,,text/html,Kevin Krause – Soil Food Web Foundation,Kevin Krause,1,"noindex, nofollow",https://new.soilfoodweb.com/directory-member/kevin-krause/,yes,132,"width=device-width, initial-scale=1, maximum-scale=1, user-scalable=0",menu-v1,ocm-v1,footer-v1,DYNAMIC,200,identical,,REST,rest:directory_member,no,0,VIEWPORT-BLOCKS-ZOOM
https://new.soilfoodweb.com/directory-member/krisi-olivero/,directory-member,200,https://new.soilfoodweb.com/directory-member/krisi-olivero/,,,text/html,Krisi Olivero – Soil Food Web Foundation,Krisi Olivero,1,"noindex, nofollow",https://new.soilfoodweb.com/directory-member/krisi-olivero/,yes,139,"width=device-width, initial-scale=1, maximum-scale=1, user-scalable=0",menu-v1,ocm-v1,footer-v1,DYNAMIC,200,identical,,REST,rest:directory_member,no,0,VIEWPORT-BLOCKS-ZOOM
https://new.soilfoodweb.com/directory-member/kylie-pickles/,directory-member,200,https://new.soilfoodweb.com/directory-member/kylie-pickles/,,,text/html,Kylie Pickles – Soil Food Web Foundation,Kylie Pickles,1,"noindex, nofollow",https://new.soilfoodweb.com/directory-member/kylie-pickles/,yes,71,"width=device-width, initial-scale=1, maximum-scale=1, user-scalable=0",menu-v1,ocm-v1,footer-v1,DYNAMIC,200,identical,,"REST,crawl",rest:directory_member,no,0,VIEWPORT-BLOCKS-ZOOM
https://new.soilfoodweb.com/directory-member/laura-barnwell/,directory-member,200,https://new.soilfoodweb.com/directory-member/laura-barnwell/,,,text/html,Laura Barnwell – Soil Food Web Foundation,Laura Barnwell,1,"noindex, nofollow",https://new.soilfoodweb.com/directory-member/laura-barnwell/,yes,116,"width=device-width, initial-scale=1, maximum-scale=1, user-scalable=0",menu-v1,ocm-v1,footer-v1,DYNAMIC,200,identical,,REST,rest:directory_member,no,0,VIEWPORT-BLOCKS-ZOOM
https://new.soilfoodweb.com/directory-member/leif-busk/,directory-member,200,https://new.soilfoodweb.com/directory-member/leif-busk/,,,text/html,Leif Busk – Soil Food Web Foundation,Leif Busk,1,"noindex, nofollow",https://new.soilfoodweb.com/directory-member/leif-busk/,yes,123,"width=device-width, initial-scale=1, maximum-scale=1, user-scalable=0",menu-v1,ocm-v1,footer-v1,DYNAMIC,200,identical,,REST,rest:directory_member,no,0,VIEWPORT-BLOCKS-ZOOM
https://new.soilfoodweb.com/directory-member/leon-du-plessis/,directory-member,200,https://new.soilfoodweb.com/directory-member/leon-du-plessis/,,,text/html,Leon du Plessis – Soil Food Web Foundation,Leon du Plessis,1,"noindex, nofollow",https://new.soilfoodweb.com/directory-member/leon-du-plessis/,yes,129,"width=device-width, initial-scale=1, maximum-scale=1, user-scalable=0",menu-v1,ocm-v1,footer-v1,DYNAMIC,200,identical,,"REST,crawl",rest:directory_member,no,0,VIEWPORT-BLOCKS-ZOOM
https://new.soilfoodweb.com/directory-member/leslie-lewis/,directory-member,200,https://new.soilfoodweb.com/directory-member/leslie-lewis/,,,text/html,Leslie Lewis – Soil Food Web Foundation,Leslie Lewis,1,"noindex, nofollow",https://new.soilfoodweb.com/directory-member/leslie-lewis/,yes,123,"width=device-width, initial-scale=1, maximum-scale=1, user-scalable=0",menu-v1,ocm-v1,footer-v1,DYNAMIC,200,identical,,REST,rest:directory_member,no,0,VIEWPORT-BLOCKS-ZOOM
https://new.soilfoodweb.com/directory-member/lina-alegre/,directory-member,200,https://new.soilfoodweb.com/directory-member/lina-alegre/,,,text/html,Lina Alegre – Soil Food Web Foundation,Lina Alegre,1,"noindex, nofollow",https://new.soilfoodweb.com/directory-member/lina-alegre/,yes,119,"width=device-width, initial-scale=1, maximum-scale=1, user-scalable=0",menu-v1,ocm-v1,footer-v1,DYNAMIC,200,identical,,REST,rest:directory_member,no,0,VIEWPORT-BLOCKS-ZOOM
https://new.soilfoodweb.com/directory-member/lisa-price/,directory-member,200,https://new.soilfoodweb.com/directory-member/lisa-price/,,,text/html,Lisa Price – Soil Food Web Foundation,Lisa Price,1,"noindex, nofollow",https://new.soilfoodweb.com/directory-member/lisa-price/,yes,115,"width=device-width, initial-scale=1, maximum-scale=1, user-scalable=0",menu-v1,ocm-v1,footer-v1,DYNAMIC,200,identical,,"REST,crawl",rest:directory_member,no,0,VIEWPORT-BLOCKS-ZOOM
https://new.soilfoodweb.com/directory-member/lori-von-der-heydt/,directory-member,200,https://new.soilfoodweb.com/directory-member/lori-von-der-heydt/,,,text/html,Lori von der Heydt – Soil Food Web Foundation,Lori von der Heydt,1,"noindex, nofollow",https://new.soilfoodweb.com/directory-member/lori-von-der-heydt/,yes,54,"width=device-width, initial-scale=1, maximum-scale=1, user-scalable=0",menu-v1,ocm-v1,footer-v1,DYNAMIC,200,identical,,REST,rest:directory_member,no,0,VIEWPORT-BLOCKS-ZOOM
https://new.soilfoodweb.com/directory-member/maggie-judd/,directory-member,200,https://new.soilfoodweb.com/directory-member/maggie-judd/,,,text/html,Maggie judd – Soil Food Web Foundation,Maggie judd,1,"noindex, nofollow",https://new.soilfoodweb.com/directory-member/maggie-judd/,yes,116,"width=device-width, initial-scale=1, maximum-scale=1, user-scalable=0",menu-v1,ocm-v1,footer-v1,DYNAMIC,200,identical,,REST,rest:directory_member,no,0,VIEWPORT-BLOCKS-ZOOM
https://new.soilfoodweb.com/directory-member/marcelino-meincke/,directory-member,200,https://new.soilfoodweb.com/directory-member/marcelino-meincke/,,,text/html,Marcelino Meincke – Soil Food Web Foundation,Marcelino Meincke,1,"noindex, nofollow",https://new.soilfoodweb.com/directory-member/marcelino-meincke/,yes,108,"width=device-width, initial-scale=1, maximum-scale=1, user-scalable=0",menu-v1,ocm-v1,footer-v1,DYNAMIC,200,identical,,"REST,crawl",rest:directory_member,no,1,VIEWPORT-BLOCKS-ZOOM
https://new.soilfoodweb.com/directory-member/maria-loper/,directory-member,200,https://new.soilfoodweb.com/directory-member/maria-loper/,,,text/html,Maria Loper – Soil Food Web Foundation,Maria Loper,1,"noindex, nofollow",https://new.soilfoodweb.com/directory-member/maria-loper/,yes,110,"width=device-width, initial-scale=1, maximum-scale=1, user-scalable=0",menu-v1,ocm-v1,footer-v1,DYNAMIC,200,identical,,REST,rest:directory_member,no,0,VIEWPORT-BLOCKS-ZOOM
https://new.soilfoodweb.com/directory-member/mario-villamiel/,directory-member,200,https://new.soilfoodweb.com/directory-member/mario-villamiel/,,,text/html,Mario Villamiel – Soil Food Web Foundation,Mario Villamiel,1,"noindex, nofollow",https://new.soilfoodweb.com/directory-member/mario-villamiel/,yes,105,"width=device-width, initial-scale=1, maximum-scale=1, user-scalable=0",menu-v1,ocm-v1,footer-v1,DYNAMIC,200,identical,,REST,rest:directory_member,no,0,VIEWPORT-BLOCKS-ZOOM
https://new.soilfoodweb.com/directory-member/marissa-busch/,directory-member,200,https://new.soilfoodweb.com/directory-member/marissa-busch/,,,text/html,Marissa Busch – Soil Food Web Foundation,Marissa Busch,1,"noindex, nofollow",https://new.soilfoodweb.com/directory-member/marissa-busch/,yes,103,"width=device-width, initial-scale=1, maximum-scale=1, user-scalable=0",menu-v1,ocm-v1,footer-v1,DYNAMIC,200,identical,,REST,rest:directory_member,no,0,VIEWPORT-BLOCKS-ZOOM
https://new.soilfoodweb.com/directory-member/matthew-kling/,directory-member,200,https://new.soilfoodweb.com/directory-member/matthew-kling/,,,text/html,Matthew Kling – Soil Food Web Foundation,Matthew Kling,1,"noindex, nofollow",https://new.soilfoodweb.com/directory-member/matthew-kling/,yes,98,"width=device-width, initial-scale=1, maximum-scale=1, user-scalable=0",menu-v1,ocm-v1,footer-v1,DYNAMIC,200,identical,,"REST,crawl",rest:directory_member,no,0,VIEWPORT-BLOCKS-ZOOM
https://new.soilfoodweb.com/directory-member/megan-weeber/,directory-member,200,https://new.soilfoodweb.com/directory-member/megan-weeber/,,,text/html,Megan Weeber – Soil Food Web Foundation,Megan Weeber,1,"noindex, nofollow",https://new.soilfoodweb.com/directory-member/megan-weeber/,yes,127,"width=device-width, initial-scale=1, maximum-scale=1, user-scalable=0",menu-v1,ocm-v1,footer-v1,DYNAMIC,200,identical,,"REST,crawl",rest:directory_member,no,1,VIEWPORT-BLOCKS-ZOOM
https://new.soilfoodweb.com/directory-member/melissa-rodgers/,directory-member,200,https://new.soilfoodweb.com/directory-member/melissa-rodgers/,,,text/html,Melissa Rodgers – Soil Food Web Foundation,Melissa Rodgers,1,"noindex, nofollow",https://new.soilfoodweb.com/directory-member/melissa-rodgers/,yes,100,"width=device-width, initial-scale=1, maximum-scale=1, user-scalable=0",menu-v1,ocm-v1,footer-v1,DYNAMIC,200,identical,,REST,rest:directory_member,no,0,VIEWPORT-BLOCKS-ZOOM
https://new.soilfoodweb.com/directory-member/michael-evrard/,directory-member,200,https://new.soilfoodweb.com/directory-member/michael-evrard/,,,text/html,Michael Evrard – Soil Food Web Foundation,Michael Evrard,1,"noindex, nofollow",https://new.soilfoodweb.com/directory-member/michael-evrard/,yes,68,"width=device-width, initial-scale=1, maximum-scale=1, user-scalable=0",menu-v1,ocm-v1,footer-v1,DYNAMIC,200,identical,,REST,rest:directory_member,no,0,VIEWPORT-BLOCKS-ZOOM
https://new.soilfoodweb.com/directory-member/michael-frey/,directory-member,200,https://new.soilfoodweb.com/directory-member/michael-frey/,,,text/html,Michael Frey – Soil Food Web Foundation,Michael Frey,1,"noindex, nofollow",https://new.soilfoodweb.com/directory-member/michael-frey/,yes,89,"width=device-width, initial-scale=1, maximum-scale=1, user-scalable=0",menu-v1,ocm-v1,footer-v1,DYNAMIC,200,identical,,REST,rest:directory_member,no,0,VIEWPORT-BLOCKS-ZOOM
https://new.soilfoodweb.com/directory-member/michel-koma-bore/,directory-member,200,https://new.soilfoodweb.com/directory-member/michel-koma-bore/,,,text/html,Michel Koma Boré – Soil Food Web Foundation,Michel Koma Boré,1,"noindex, nofollow",https://new.soilfoodweb.com/directory-member/michel-koma-bore/,yes,98,"width=device-width, initial-scale=1, maximum-scale=1, user-scalable=0",menu-v1,ocm-v1,footer-v1,DYNAMIC,200,identical,,REST,rest:directory_member,no,0,VIEWPORT-BLOCKS-ZOOM
https://new.soilfoodweb.com/directory-member/miguel-ventura-%C2%A6-permabiologic/,directory-member,200,https://new.soilfoodweb.com/directory-member/miguel-ventura-%C2%A6-permabiologic/,,,text/html,Miguel Ventura ¦ PermaBioLogic – Soil Food Web Foundation,Miguel Ventura ¦ PermaBioLogic,1,"noindex, nofollow",https://new.soilfoodweb.com/directory-member/miguel-ventura-%c2%a6-permabiologic/,no,44,"width=device-width, initial-scale=1, maximum-scale=1, user-scalable=0",menu-v1,ocm-v1,footer-v1,DYNAMIC,200,identical,,redirect,redirect-from:/directory-member/miguel-ventura-%c2%a6-permabiologic/,no,0,VIEWPORT-BLOCKS-ZOOM
https://new.soilfoodweb.com/directory-member/miguel-ventura-%c2%a6-permabiologic/,directory-member,200,https://new.soilfoodweb.com/directory-member/miguel-ventura-%C2%A6-permabiologic/,,,text/html,Miguel Ventura ¦ PermaBioLogic – Soil Food Web Foundation,Miguel Ventura ¦ PermaBioLogic,1,"noindex, nofollow",https://new.soilfoodweb.com/directory-member/miguel-ventura-%c2%a6-permabiologic/,yes,44,"width=device-width, initial-scale=1, maximum-scale=1, user-scalable=0",menu-v1,ocm-v1,footer-v1,DYNAMIC,200,identical,,REST,rest:directory_member,no,0,VIEWPORT-BLOCKS-ZOOM
https://new.soilfoodweb.com/directory-member/mike-blancke/,directory-member,200,https://new.soilfoodweb.com/directory-member/mike-blancke/,,,text/html,Mike Blancke – Soil Food Web Foundation,Mike Blancke,1,"noindex, nofollow",https://new.soilfoodweb.com/directory-member/mike-blancke/,yes,93,"width=device-width, initial-scale=1, maximum-scale=1, user-scalable=0",menu-v1,ocm-v1,footer-v1,DYNAMIC,200,identical,,"REST,crawl",rest:directory_member,no,0,VIEWPORT-BLOCKS-ZOOM
https://new.soilfoodweb.com/directory-member/murat-akhuy/,directory-member,200,https://new.soilfoodweb.com/directory-member/murat-akhuy/,,,text/html,Murat Akhuy – Soil Food Web Foundation,Murat Akhuy,1,"noindex, nofollow",https://new.soilfoodweb.com/directory-member/murat-akhuy/,yes,136,"width=device-width, initial-scale=1, maximum-scale=1, user-scalable=0",menu-v1,ocm-v1,footer-v1,DYNAMIC,200,identical,,REST,rest:directory_member,no,0,VIEWPORT-BLOCKS-ZOOM
https://new.soilfoodweb.com/directory-member/nate-christenson/,directory-member,200,https://new.soilfoodweb.com/directory-member/nate-christenson/,,,text/html,Nate Christenson – Soil Food Web Foundation,Nate Christenson,1,"noindex, nofollow",https://new.soilfoodweb.com/directory-member/nate-christenson/,yes,101,"width=device-width, initial-scale=1, maximum-scale=1, user-scalable=0",menu-v1,ocm-v1,footer-v1,DYNAMIC,200,identical,,REST,rest:directory_member,no,0,VIEWPORT-BLOCKS-ZOOM
https://new.soilfoodweb.com/directory-member/nathalie-sequeira/,directory-member,200,https://new.soilfoodweb.com/directory-member/nathalie-sequeira/,,,text/html,Nathalie Sequeira – Soil Food Web Foundation,Nathalie Sequeira,1,"noindex, nofollow",https://new.soilfoodweb.com/directory-member/nathalie-sequeira/,yes,114,"width=device-width, initial-scale=1, maximum-scale=1, user-scalable=0",menu-v1,ocm-v1,footer-v1,DYNAMIC,200,identical,,REST,rest:directory_member,no,0,VIEWPORT-BLOCKS-ZOOM
https://new.soilfoodweb.com/directory-member/nauras/,directory-member,200,https://new.soilfoodweb.com/directory-member/nauras/,,,text/html,Nauras – Soil Food Web Foundation,Nauras,1,"noindex, nofollow",https://new.soilfoodweb.com/directory-member/nauras/,yes,99,"width=device-width, initial-scale=1, maximum-scale=1, user-scalable=0",menu-v1,ocm-v1,footer-v1,DYNAMIC,200,identical,,REST,rest:directory_member,no,0,VIEWPORT-BLOCKS-ZOOM
https://new.soilfoodweb.com/directory-member/nicholas-garcia/,directory-member,200,https://new.soilfoodweb.com/directory-member/nicholas-garcia/,,,text/html,Nicholas Garcia – Soil Food Web Foundation,Nicholas Garcia,1,"noindex, nofollow",https://new.soilfoodweb.com/directory-member/nicholas-garcia/,yes,100,"width=device-width, initial-scale=1, maximum-scale=1, user-scalable=0",menu-v1,ocm-v1,footer-v1,DYNAMIC,200,identical,,"REST,crawl",rest:directory_member,no,0,VIEWPORT-BLOCKS-ZOOM
https://new.soilfoodweb.com/directory-member/nicholas-matteis/,directory-member,200,https://new.soilfoodweb.com/directory-member/nicholas-matteis/,,,text/html,Nicholas Matteis – Soil Food Web Foundation,Nicholas Matteis,1,"noindex, nofollow",https://new.soilfoodweb.com/directory-member/nicholas-matteis/,yes,113,"width=device-width, initial-scale=1, maximum-scale=1, user-scalable=0",menu-v1,ocm-v1,footer-v1,DYNAMIC,200,identical,,REST,rest:directory_member,no,0,VIEWPORT-BLOCKS-ZOOM
https://new.soilfoodweb.com/directory-member/nicola-peill-moelter/,directory-member,200,https://new.soilfoodweb.com/directory-member/nicola-peill-moelter/,,,text/html,Nicola Peill-Moelter – Soil Food Web Foundation,Nicola Peill-Moelter,1,"noindex, nofollow",https://new.soilfoodweb.com/directory-member/nicola-peill-moelter/,yes,122,"width=device-width, initial-scale=1, maximum-scale=1, user-scalable=0",menu-v1,ocm-v1,footer-v1,DYNAMIC,200,identical,,REST,rest:directory_member,no,0,VIEWPORT-BLOCKS-ZOOM
https://new.soilfoodweb.com/directory-member/niels-de-jong/,directory-member,200,https://new.soilfoodweb.com/directory-member/niels-de-jong/,,,text/html,Niels de Jong – Soil Food Web Foundation,Niels de Jong,1,"noindex, nofollow",https://new.soilfoodweb.com/directory-member/niels-de-jong/,yes,110,"width=device-width, initial-scale=1, maximum-scale=1, user-scalable=0",menu-v1,ocm-v1,footer-v1,DYNAMIC,200,identical,,REST,rest:directory_member,no,0,VIEWPORT-BLOCKS-ZOOM
https://new.soilfoodweb.com/directory-member/noah-neva/,directory-member,200,https://new.soilfoodweb.com/directory-member/noah-neva/,,,text/html,Noah Neva – Soil Food Web Foundation,Noah Neva,1,"noindex, nofollow",https://new.soilfoodweb.com/directory-member/noah-neva/,yes,98,"width=device-width, initial-scale=1, maximum-scale=1, user-scalable=0",menu-v1,ocm-v1,footer-v1,DYNAMIC,200,identical,,"REST,crawl",rest:directory_member,no,1,VIEWPORT-BLOCKS-ZOOM
https://new.soilfoodweb.com/directory-member/norm-hansen/,directory-member,200,https://new.soilfoodweb.com/directory-member/norm-hansen/,,,text/html,Norm Hansen – Soil Food Web Foundation,Norm Hansen,1,"noindex, nofollow",https://new.soilfoodweb.com/directory-member/norm-hansen/,yes,131,"width=device-width, initial-scale=1, maximum-scale=1, user-scalable=0",menu-v1,ocm-v1,footer-v1,DYNAMIC,200,identical,,REST,rest:directory_member,no,0,VIEWPORT-BLOCKS-ZOOM
https://new.soilfoodweb.com/directory-member/pascal-kubota/,directory-member,200,https://new.soilfoodweb.com/directory-member/pascal-kubota/,,,text/html,Pascal Kubota – Soil Food Web Foundation,Pascal Kubota,1,"noindex, nofollow",https://new.soilfoodweb.com/directory-member/pascal-kubota/,yes,35,"width=device-width, initial-scale=1, maximum-scale=1, user-scalable=0",menu-v1,ocm-v1,footer-v1,DYNAMIC,200,identical,,REST,rest:directory_member,no,0,VIEWPORT-BLOCKS-ZOOM
https://new.soilfoodweb.com/directory-member/pasquale-caccavella/,directory-member,200,https://new.soilfoodweb.com/directory-member/pasquale-caccavella/,,,text/html,Pasquale Caccavella – Soil Food Web Foundation,Pasquale Caccavella,1,"noindex, nofollow",https://new.soilfoodweb.com/directory-member/pasquale-caccavella/,yes,124,"width=device-width, initial-scale=1, maximum-scale=1, user-scalable=0",menu-v1,ocm-v1,footer-v1,DYNAMIC,200,identical,,"REST,crawl",rest:directory_member,no,1,VIEWPORT-BLOCKS-ZOOM
https://new.soilfoodweb.com/directory-member/pati-jimenez/,directory-member,200,https://new.soilfoodweb.com/directory-member/pati-jimenez/,,,text/html,Pati Jiménez – Soil Food Web Foundation,Pati Jiménez,1,"noindex, nofollow",https://new.soilfoodweb.com/directory-member/pati-jimenez/,yes,90,"width=device-width, initial-scale=1, maximum-scale=1, user-scalable=0",menu-v1,ocm-v1,footer-v1,DYNAMIC,200,identical,,"REST,crawl",rest:directory_member,no,1,VIEWPORT-BLOCKS-ZOOM
https://new.soilfoodweb.com/directory-member/peter-hanes/,directory-member,200,https://new.soilfoodweb.com/directory-member/peter-hanes/,,,text/html,Peter Hanes – Soil Food Web Foundation,Peter Hanes,1,"noindex, nofollow",https://new.soilfoodweb.com/directory-member/peter-hanes/,yes,53,"width=device-width, initial-scale=1, maximum-scale=1, user-scalable=0",menu-v1,ocm-v1,footer-v1,DYNAMIC,200,identical,,REST,rest:directory_member,no,0,VIEWPORT-BLOCKS-ZOOM
https://new.soilfoodweb.com/directory-member/pierre-joseph/,directory-member,200,https://new.soilfoodweb.com/directory-member/pierre-joseph/,,,text/html,Pierre Joseph – Soil Food Web Foundation,Pierre Joseph,1,"noindex, nofollow",https://new.soilfoodweb.com/directory-member/pierre-joseph/,yes,93,"width=device-width, initial-scale=1, maximum-scale=1, user-scalable=0",menu-v1,ocm-v1,footer-v1,DYNAMIC,200,identical,,REST,rest:directory_member,no,0,VIEWPORT-BLOCKS-ZOOM
https://new.soilfoodweb.com/directory-member/predrag-paunovic/,directory-member,200,https://new.soilfoodweb.com/directory-member/predrag-paunovic/,,,text/html,Predrag Paunovic – Soil Food Web Foundation,Predrag Paunovic,1,"noindex, nofollow",https://new.soilfoodweb.com/directory-member/predrag-paunovic/,yes,115,"width=device-width, initial-scale=1, maximum-scale=1, user-scalable=0",menu-v1,ocm-v1,footer-v1,DYNAMIC,200,identical,,"REST,crawl",rest:directory_member,no,0,VIEWPORT-BLOCKS-ZOOM
https://new.soilfoodweb.com/directory-member/priscille-cazin/,directory-member,200,https://new.soilfoodweb.com/directory-member/priscille-cazin/,,,text/html,Priscille CAZIN – Soil Food Web Foundation,Priscille CAZIN,1,"noindex, nofollow",https://new.soilfoodweb.com/directory-member/priscille-cazin/,yes,134,"width=device-width, initial-scale=1, maximum-scale=1, user-scalable=0",menu-v1,ocm-v1,footer-v1,DYNAMIC,200,identical,,"REST,crawl",rest:directory_member,no,0,VIEWPORT-BLOCKS-ZOOM
https://new.soilfoodweb.com/directory-member/quinn-turner/,directory-member,200,https://new.soilfoodweb.com/directory-member/quinn-turner/,,,text/html,Quinn Turner – Soil Food Web Foundation,Quinn Turner,1,"noindex, nofollow",https://new.soilfoodweb.com/directory-member/quinn-turner/,yes,56,"width=device-width, initial-scale=1, maximum-scale=1, user-scalable=0",menu-v1,ocm-v1,footer-v1,DYNAMIC,200,identical,,REST,rest:directory_member,no,0,VIEWPORT-BLOCKS-ZOOM
https://new.soilfoodweb.com/directory-member/rebecca-iannicelli/,directory-member,200,https://new.soilfoodweb.com/directory-member/rebecca-iannicelli/,,,text/html,Rebecca Iannicelli – Soil Food Web Foundation,Rebecca Iannicelli,1,"noindex, nofollow",https://new.soilfoodweb.com/directory-member/rebecca-iannicelli/,yes,31,"width=device-width, initial-scale=1, maximum-scale=1, user-scalable=0",menu-v1,ocm-v1,footer-v1,DYNAMIC,200,identical,,REST,rest:directory_member,no,0,VIEWPORT-BLOCKS-ZOOM
https://new.soilfoodweb.com/directory-member/renald-flores/,directory-member,200,https://new.soilfoodweb.com/directory-member/renald-flores/,,,text/html,Renald Flores – Soil Food Web Foundation,Renald Flores,1,"noindex, nofollow",https://new.soilfoodweb.com/directory-member/renald-flores/,yes,101,"width=device-width, initial-scale=1, maximum-scale=1, user-scalable=0",menu-v1,ocm-v1,footer-v1,DYNAMIC,200,identical,,REST,rest:directory_member,no,0,VIEWPORT-BLOCKS-ZOOM
https://new.soilfoodweb.com/directory-member/robbin-pott/,directory-member,200,https://new.soilfoodweb.com/directory-member/robbin-pott/,,,text/html,Robbin Pott – Soil Food Web Foundation,Robbin Pott,1,"noindex, nofollow",https://new.soilfoodweb.com/directory-member/robbin-pott/,yes,113,"width=device-width, initial-scale=1, maximum-scale=1, user-scalable=0",menu-v1,ocm-v1,footer-v1,DYNAMIC,200,identical,,REST,rest:directory_member,no,0,VIEWPORT-BLOCKS-ZOOM
https://new.soilfoodweb.com/directory-member/robert/,directory-member,200,https://new.soilfoodweb.com/directory-member/robert/,,,text/html,Robert – Soil Food Web Foundation,Robert,1,"noindex, nofollow",https://new.soilfoodweb.com/directory-member/robert/,yes,84,"width=device-width, initial-scale=1, maximum-scale=1, user-scalable=0",menu-v1,ocm-v1,footer-v1,DYNAMIC,200,identical,,REST,rest:directory_member,no,0,VIEWPORT-BLOCKS-ZOOM
https://new.soilfoodweb.com/directory-member/robert/attachment/1000000372/,attachment page,200,https://new.soilfoodweb.com/wp-content/uploads/2026/08/1000000372.jpg,301->https://new.soilfoodweb.com/wp-content/uploads/2026/08/1000000372.jpg,,image/jpeg,,,,,,,,,none,none,none,REVALIDATED,200,identical,,REST,rest:attachment,no,0,
https://new.soilfoodweb.com/directory-member/ronald-cain/,directory-member,200,https://new.soilfoodweb.com/directory-member/ronald-cain/,,,text/html,Ronald Cain – Soil Food Web Foundation,Ronald Cain,1,"noindex, nofollow",https://new.soilfoodweb.com/directory-member/ronald-cain/,yes,90,"width=device-width, initial-scale=1, maximum-scale=1, user-scalable=0",menu-v1,ocm-v1,footer-v1,DYNAMIC,200,identical,,REST,rest:directory_member,no,0,VIEWPORT-BLOCKS-ZOOM
https://new.soilfoodweb.com/directory-member/ronald-cain/fxh140792/,attachment page,200,https://new.soilfoodweb.com/wp-content/uploads/2026/08/FXH140792.jpg,301->https://new.soilfoodweb.com/wp-content/uploads/2026/08/FXH140792.jpg,,image/jpeg,,,,,,,,,none,none,none,REVALIDATED,200,identical,,REST,rest:attachment,no,0,
https://new.soilfoodweb.com/directory-member/saoirse-niehus/,directory-member,200,https://new.soilfoodweb.com/directory-member/saoirse-niehus/,,,text/html,Saoirse Niehus – Soil Food Web Foundation,Saoirse Niehus,1,"noindex, nofollow",https://new.soilfoodweb.com/directory-member/saoirse-niehus/,yes,131,"width=device-width, initial-scale=1, maximum-scale=1, user-scalable=0",menu-v1,ocm-v1,footer-v1,DYNAMIC,200,identical,,REST,rest:directory_member,no,0,VIEWPORT-BLOCKS-ZOOM
https://new.soilfoodweb.com/directory-member/saoirse-niehus/logo-search-grid-2x-1/,attachment page,200,https://new.soilfoodweb.com/wp-content/uploads/2026/08/logo-search-grid-2x-1.png,301->https://new.soilfoodweb.com/wp-content/uploads/2026/08/logo-search-grid-2x-1.png,,image/png,,,,,,,,,none,none,none,REVALIDATED,200,identical,,REST,rest:attachment,no,0,
https://new.soilfoodweb.com/directory-member/sarah-jaramillo/,directory-member,200,https://new.soilfoodweb.com/directory-member/sarah-jaramillo/,,,text/html,Sarah Jaramillo – Soil Food Web Foundation,Sarah Jaramillo,1,"noindex, nofollow",https://new.soilfoodweb.com/directory-member/sarah-jaramillo/,yes,32,"width=device-width, initial-scale=1, maximum-scale=1, user-scalable=0",menu-v1,ocm-v1,footer-v1,DYNAMIC,200,identical,,"REST,crawl",rest:directory_member,no,0,VIEWPORT-BLOCKS-ZOOM
https://new.soilfoodweb.com/directory-member/sarah-sobel/,directory-member,200,https://new.soilfoodweb.com/directory-member/sarah-sobel/,,,text/html,Sarah Sobel – Soil Food Web Foundation,Sarah Sobel,1,"noindex, nofollow",https://new.soilfoodweb.com/directory-member/sarah-sobel/,yes,116,"width=device-width, initial-scale=1, maximum-scale=1, user-scalable=0",menu-v1,ocm-v1,footer-v1,DYNAMIC,200,identical,,REST,rest:directory_member,no,0,VIEWPORT-BLOCKS-ZOOM
https://new.soilfoodweb.com/directory-member/sarah-sobel/img_20260219_165218/,attachment page,200,https://new.soilfoodweb.com/wp-content/uploads/2026/08/IMG_20260219_165218.jpg,301->https://new.soilfoodweb.com/wp-content/uploads/2026/08/IMG_20260219_165218.jpg,,image/jpeg,,,,,,,,,none,none,none,REVALIDATED,200,identical,,REST,rest:attachment,no,0,
https://new.soilfoodweb.com/directory-member/sarah-talia/,directory-member,200,https://new.soilfoodweb.com/directory-member/sarah-talia/,,,text/html,Sarah Talia – Soil Food Web Foundation,Sarah Talia,1,"noindex, nofollow",https://new.soilfoodweb.com/directory-member/sarah-talia/,yes,64,"width=device-width, initial-scale=1, maximum-scale=1, user-scalable=0",menu-v1,ocm-v1,footer-v1,DYNAMIC,200,identical,,REST,rest:directory_member,no,0,VIEWPORT-BLOCKS-ZOOM
https://new.soilfoodweb.com/directory-member/sarah-talia/screenshot_20210507-152741_samsung-internet/,attachment page,200,https://new.soilfoodweb.com/wp-content/uploads/2026/08/Screenshot_20210507-152741_Samsung-Internet.jpg,301->https://new.soilfoodweb.com/wp-content/uploads/2026/08/Screenshot_20210507-152741_Samsung-Internet.jpg,,image/jpeg,,,,,,,,,none,none,none,REVALIDATED,200,identical,,REST,rest:attachment,no,0,
https://new.soilfoodweb.com/directory-member/scott-kent/,directory-member,200,https://new.soilfoodweb.com/directory-member/scott-kent/,,,text/html,Scott Kent – Soil Food Web Foundation,Scott Kent,1,"noindex, nofollow",https://new.soilfoodweb.com/directory-member/scott-kent/,yes,59,"width=device-width, initial-scale=1, maximum-scale=1, user-scalable=0",menu-v1,ocm-v1,footer-v1,DYNAMIC,200,identical,,REST,rest:directory_member,no,0,VIEWPORT-BLOCKS-ZOOM
https://new.soilfoodweb.com/directory-member/scott-kent/hungry-worms-1080p/,attachment page,200,https://new.soilfoodweb.com/wp-content/uploads/2026/08/Hungry-Worms-1080p.png,301->https://new.soilfoodweb.com/wp-content/uploads/2026/08/Hungry-Worms-1080p.png,,image/png,,,,,,,,,none,none,none,REVALIDATED,200,identical,,REST,rest:attachment,no,0,
https://new.soilfoodweb.com/directory-member/scott-walker/,directory-member,200,https://new.soilfoodweb.com/directory-member/scott-walker/,,,text/html,Scott Walker – Soil Food Web Foundation,Scott Walker,1,"noindex, nofollow",https://new.soilfoodweb.com/directory-member/scott-walker/,yes,118,"width=device-width, initial-scale=1, maximum-scale=1, user-scalable=0",menu-v1,ocm-v1,footer-v1,DYNAMIC,200,identical,,REST,rest:directory_member,no,0,VIEWPORT-BLOCKS-ZOOM
https://new.soilfoodweb.com/directory-member/scott-walker/img_2408/,attachment page,200,https://new.soilfoodweb.com/wp-content/uploads/2026/08/IMG_2408.jpeg,301->https://new.soilfoodweb.com/wp-content/uploads/2026/08/IMG_2408.jpeg,,image/jpeg,,,,,,,,,none,none,none,REVALIDATED,200,identical,,REST,rest:attachment,no,0,
https://new.soilfoodweb.com/directory-member/sedrika-maka-anuhealii/,directory-member,200,https://new.soilfoodweb.com/directory-member/sedrika-maka-anuhealii/,,,text/html,Sedrika \Maka\” Anuhealii””” – Soil Food Web Foundation,Sedrika \Maka\” Anuhealii”””,1,"noindex, nofollow",https://new.soilfoodweb.com/directory-member/sedrika-maka-anuhealii/,yes,117,"width=device-width, initial-scale=1, maximum-scale=1, user-scalable=0",menu-v1,ocm-v1,footer-v1,DYNAMIC,200,identical,,REST,rest:directory_member,no,0,VIEWPORT-BLOCKS-ZOOM
https://new.soilfoodweb.com/directory-member/sedrika-maka-anuhealii/img_9301/,attachment page,200,https://new.soilfoodweb.com/wp-content/uploads/2026/08/IMG_9301.jpeg,301->https://new.soilfoodweb.com/wp-content/uploads/2026/08/IMG_9301.jpeg,,image/jpeg,,,,,,,,,none,none,none,REVALIDATED,200,identical,,REST,rest:attachment,no,0,
https://new.soilfoodweb.com/directory-member/seshu/,directory-member,200,https://new.soilfoodweb.com/directory-member/seshu/,,,text/html,Seshu – Soil Food Web Foundation,Seshu,1,"noindex, nofollow",https://new.soilfoodweb.com/directory-member/seshu/,yes,80,"width=device-width, initial-scale=1, maximum-scale=1, user-scalable=0",menu-v1,ocm-v1,footer-v1,DYNAMIC,200,identical,,"REST,crawl",rest:directory_member,no,1,VIEWPORT-BLOCKS-ZOOM
https://new.soilfoodweb.com/directory-member/seshu/img_7191/,attachment page,200,https://new.soilfoodweb.com/wp-content/uploads/2026/08/IMG_7191.jpg,301->https://new.soilfoodweb.com/wp-content/uploads/2026/08/IMG_7191.jpg,,image/jpeg,,,,,,,,,none,none,none,REVALIDATED,200,identical,,REST,rest:attachment,no,0,
https://new.soilfoodweb.com/directory-member/shane-plath/,directory-member,200,https://new.soilfoodweb.com/directory-member/shane-plath/,,,text/html,Shane Plath – Soil Food Web Foundation,Shane Plath,1,"noindex, nofollow",https://new.soilfoodweb.com/directory-member/shane-plath/,yes,108,"width=device-width, initial-scale=1, maximum-scale=1, user-scalable=0",menu-v1,ocm-v1,footer-v1,DYNAMIC,200,identical,,REST,rest:directory_member,no,0,VIEWPORT-BLOCKS-ZOOM
https://new.soilfoodweb.com/directory-member/shane-plath/shane_plath/,attachment page,200,https://new.soilfoodweb.com/wp-content/uploads/2026/08/Shane_Plath.jpg,301->https://new.soilfoodweb.com/wp-content/uploads/2026/08/Shane_Plath.jpg,,image/jpeg,,,,,,,,,none,none,none,REVALIDATED,200,identical,,REST,rest:attachment,no,0,
https://new.soilfoodweb.com/directory-member/simeon-kleinsasser/,directory-member,200,https://new.soilfoodweb.com/directory-member/simeon-kleinsasser/,,,text/html,Simeon Kleinsasser – Soil Food Web Foundation,Simeon Kleinsasser,1,"noindex, nofollow",https://new.soilfoodweb.com/directory-member/simeon-kleinsasser/,yes,114,"width=device-width, initial-scale=1, maximum-scale=1, user-scalable=0",menu-v1,ocm-v1,footer-v1,DYNAMIC,200,identical,,"REST,crawl",rest:directory_member,no,1,VIEWPORT-BLOCKS-ZOOM
https://new.soilfoodweb.com/directory-member/simeon-kleinsasser/2024uscctue067/,attachment page,200,https://new.soilfoodweb.com/wp-content/uploads/2026/08/2024USCCTue067.jpg,301->https://new.soilfoodweb.com/wp-content/uploads/2026/08/2024USCCTue067.jpg,,image/jpeg,,,,,,,,,none,none,none,REVALIDATED,200,identical,,REST,rest:attachment,no,0,
https://new.soilfoodweb.com/directory-member/soledad-reinoso/,directory-member,200,https://new.soilfoodweb.com/directory-member/soledad-reinoso/,,,text/html,Soledad Reinoso – Soil Food Web Foundation,Soledad Reinoso,1,"noindex, nofollow",https://new.soilfoodweb.com/directory-member/soledad-reinoso/,yes,115,"width=device-width, initial-scale=1, maximum-scale=1, user-scalable=0",menu-v1,ocm-v1,footer-v1,DYNAMIC,200,identical,,REST,rest:directory_member,no,0,VIEWPORT-BLOCKS-ZOOM
https://new.soilfoodweb.com/directory-member/soledad-reinoso/whatsapp-image-2026-02-05-at-17-42-05/,attachment page,200,https://new.soilfoodweb.com/wp-content/uploads/2026/08/WhatsApp-Image-2026-02-05-at-17.42.05.jpeg,301->https://new.soilfoodweb.com/wp-content/uploads/2026/08/WhatsApp-Image-2026-02-05-at-17.42.05.jpeg,,image/jpeg,,,,,,,,,none,none,none,REVALIDATED,200,identical,,REST,rest:attachment,no,0,
https://new.soilfoodweb.com/directory-member/sonja-basson-pure-soil-lab/,directory-member,200,https://new.soilfoodweb.com/directory-member/sonja-basson-pure-soil-lab/,,,text/html,Sonja Basson – Pure Soil Lab – Soil Food Web Foundation,Sonja Basson – Pure Soil Lab,1,"noindex, nofollow",https://new.soilfoodweb.com/directory-member/sonja-basson-pure-soil-lab/,yes,132,"width=device-width, initial-scale=1, maximum-scale=1, user-scalable=0",menu-v1,ocm-v1,footer-v1,DYNAMIC,200,identical,,REST,rest:directory_member,no,0,VIEWPORT-BLOCKS-ZOOM
https://new.soilfoodweb.com/directory-member/sonja-basson-pure-soil-lab/sonja-basson/,attachment page,200,https://new.soilfoodweb.com/wp-content/uploads/2026/08/Sonja-Basson.jpg,301->https://new.soilfoodweb.com/wp-content/uploads/2026/08/Sonja-Basson.jpg,,image/jpeg,,,,,,,,,none,none,none,REVALIDATED,200,identical,,REST,rest:attachment,no,0,
https://new.soilfoodweb.com/directory-member/spero-latchis/,directory-member,200,https://new.soilfoodweb.com/directory-member/spero-latchis/,,,text/html,Spero Latchis – Soil Food Web Foundation,Spero Latchis,1,"noindex, nofollow",https://new.soilfoodweb.com/directory-member/spero-latchis/,yes,131,"width=device-width, initial-scale=1, maximum-scale=1, user-scalable=0",menu-v1,ocm-v1,footer-v1,DYNAMIC,200,identical,,REST,rest:directory_member,no,0,VIEWPORT-BLOCKS-ZOOM
https://new.soilfoodweb.com/directory-member/spero-latchis/attachment/281/,attachment page,200,https://new.soilfoodweb.com/wp-content/uploads/2026/08/281.jpeg,301->https://new.soilfoodweb.com/wp-content/uploads/2026/08/281.jpeg,,image/jpeg,,,,,,,,,none,none,none,REVALIDATED,200,identical,,REST,rest:attachment,no,0,
https://new.soilfoodweb.com/directory-member/stephanie-mcdaniel/,directory-member,200,https://new.soilfoodweb.com/directory-member/stephanie-mcdaniel/,,,text/html,Stephanie McDaniel – Soil Food Web Foundation,Stephanie McDaniel,1,"noindex, nofollow",https://new.soilfoodweb.com/directory-member/stephanie-mcdaniel/,yes,39,"width=device-width, initial-scale=1, maximum-scale=1, user-scalable=0",menu-v1,ocm-v1,footer-v1,DYNAMIC,200,identical,,REST,rest:directory_member,no,0,VIEWPORT-BLOCKS-ZOOM
https://new.soilfoodweb.com/directory-member/stephanie-mcdaniel/img_5705-jpeg/,attachment page,200,https://new.soilfoodweb.com/wp-content/uploads/2026/08/IMG_5705-scaled.jpeg,301->https://new.soilfoodweb.com/wp-content/uploads/2026/08/IMG_5705-scaled.jpeg,,image/jpeg,,,,,,,,,none,none,none,REVALIDATED,200,identical,,REST,rest:attachment,no,0,
https://new.soilfoodweb.com/directory-member/stephen-suau/,directory-member,200,https://new.soilfoodweb.com/directory-member/stephen-suau/,,,text/html,Stephen Suau  – Soil Food Web Foundation,Stephen Suau,1,"noindex, nofollow",https://new.soilfoodweb.com/directory-member/stephen-suau/,yes,120,"width=device-width, initial-scale=1, maximum-scale=1, user-scalable=0",menu-v1,ocm-v1,footer-v1,DYNAMIC,200,identical,,REST,rest:directory_member,no,0,VIEWPORT-BLOCKS-ZOOM
https://new.soilfoodweb.com/directory-member/stephen-suau/stephen-suau-2/,attachment page,200,https://new.soilfoodweb.com/wp-content/uploads/2026/08/Stephen-Suau.png,301->https://new.soilfoodweb.com/wp-content/uploads/2026/08/Stephen-Suau.png,,image/png,,,,,,,,,none,none,none,REVALIDATED,200,identical,,REST,rest:attachment,no,0,
https://new.soilfoodweb.com/directory-member/steven-fleming/,directory-member,200,https://new.soilfoodweb.com/directory-member/steven-fleming/,,,text/html,Steven Fleming – Soil Food Web Foundation,Steven Fleming,1,"noindex, nofollow",https://new.soilfoodweb.com/directory-member/steven-fleming/,yes,63,"width=device-width, initial-scale=1, maximum-scale=1, user-scalable=0",menu-v1,ocm-v1,footer-v1,DYNAMIC,200,identical,,REST,rest:directory_member,no,0,VIEWPORT-BLOCKS-ZOOM
https://new.soilfoodweb.com/directory-member/steven-fleming/picture/,attachment page,200,https://new.soilfoodweb.com/wp-content/uploads/2026/08/Picture.jpg,301->https://new.soilfoodweb.com/wp-content/uploads/2026/08/Picture.jpg,,image/jpeg,,,,,,,,,none,none,none,REVALIDATED,200,identical,,REST,rest:attachment,no,0,
https://new.soilfoodweb.com/directory-member/stine-hvidtfeldt-svendsen/,directory-member,200,https://new.soilfoodweb.com/directory-member/stine-hvidtfeldt-svendsen/,,,text/html,Stine Hvidtfeldt Svendsen – Soil Food Web Foundation,Stine Hvidtfeldt Svendsen,1,"noindex, nofollow",https://new.soilfoodweb.com/directory-member/stine-hvidtfeldt-svendsen/,yes,134,"width=device-width, initial-scale=1, maximum-scale=1, user-scalable=0",menu-v1,ocm-v1,footer-v1,DYNAMIC,200,identical,,"REST,crawl",rest:directory_member,no,0,VIEWPORT-BLOCKS-ZOOM
https://new.soilfoodweb.com/directory-member/stine-hvidtfeldt-svendsen/stine-foto-2/,attachment page,200,https://new.soilfoodweb.com/wp-content/uploads/2026/08/stine-foto-2.jpg,301->https://new.soilfoodweb.com/wp-content/uploads/2026/08/stine-foto-2.jpg,,image/jpeg,,,,,,,,,none,none,none,REVALIDATED,200,identical,,REST,rest:attachment,no,0,
https://new.soilfoodweb.com/directory-member/sue-patrick/,directory-member,200,https://new.soilfoodweb.com/directory-member/sue-patrick/,,,text/html,Sue Patrick – Soil Food Web Foundation,Sue Patrick,1,"noindex, nofollow",https://new.soilfoodweb.com/directory-member/sue-patrick/,yes,37,"width=device-width, initial-scale=1, maximum-scale=1, user-scalable=0",menu-v1,ocm-v1,footer-v1,DYNAMIC,200,identical,,REST,rest:directory_member,no,0,VIEWPORT-BLOCKS-ZOOM
https://new.soilfoodweb.com/directory-member/sue-patrick/sue-patrick_400_ex/,attachment page,200,https://new.soilfoodweb.com/wp-content/uploads/2026/08/Sue-Patrick_400_EX.jpg,301->https://new.soilfoodweb.com/wp-content/uploads/2026/08/Sue-Patrick_400_EX.jpg,,image/jpeg,,,,,,,,,none,none,none,REVALIDATED,200,identical,,REST,rest:attachment,no,0,
https://new.soilfoodweb.com/directory-member/surinder-sarwara/,directory-member,200,https://new.soilfoodweb.com/directory-member/surinder-sarwara/,,,text/html,SURINDER SARWARA – Soil Food Web Foundation,SURINDER SARWARA,1,"noindex, nofollow",https://new.soilfoodweb.com/directory-member/surinder-sarwara/,yes,140,"width=device-width, initial-scale=1, maximum-scale=1, user-scalable=0",menu-v1,ocm-v1,footer-v1,DYNAMIC,200,identical,,"REST,crawl",rest:directory_member,no,0,VIEWPORT-BLOCKS-ZOOM
https://new.soilfoodweb.com/directory-member/surinder-sarwara/img_1670/,attachment page,200,https://new.soilfoodweb.com/wp-content/uploads/2026/08/IMG_1670.jpg,301->https://new.soilfoodweb.com/wp-content/uploads/2026/08/IMG_1670.jpg,,image/jpeg,,,,,,,,,none,none,none,REVALIDATED,200,identical,,REST,rest:attachment,no,0,
https://new.soilfoodweb.com/directory-member/sustraiak-koop/,directory-member,200,https://new.soilfoodweb.com/directory-member/sustraiak-koop/,,,text/html,Sustraiak Koop. – Soil Food Web Foundation,Sustraiak Koop.,1,"noindex, nofollow",https://new.soilfoodweb.com/directory-member/sustraiak-koop/,yes,93,"width=device-width, initial-scale=1, maximum-scale=1, user-scalable=0",menu-v1,ocm-v1,footer-v1,DYNAMIC,200,identical,,REST,rest:directory_member,no,0,VIEWPORT-BLOCKS-ZOOM
https://new.soilfoodweb.com/directory-member/sustraiak-koop/sustraiak_horizontal/,attachment page,200,https://new.soilfoodweb.com/wp-content/uploads/2026/08/Sustraiak_horizontal.png,301->https://new.soilfoodweb.com/wp-content/uploads/2026/08/Sustraiak_horizontal.png,,image/png,,,,,,,,,none,none,none,REVALIDATED,200,identical,,REST,rest:attachment,no,0,
https://new.soilfoodweb.com/directory-member/suzanne-shea/,directory-member,200,https://new.soilfoodweb.com/directory-member/suzanne-shea/,,,text/html,Suzanne Shea – Soil Food Web Foundation,Suzanne Shea,1,"noindex, nofollow",https://new.soilfoodweb.com/directory-member/suzanne-shea/,yes,99,"width=device-width, initial-scale=1, maximum-scale=1, user-scalable=0",menu-v1,ocm-v1,footer-v1,DYNAMIC,200,identical,,REST,rest:directory_member,no,0,VIEWPORT-BLOCKS-ZOOM
https://new.soilfoodweb.com/directory-member/suzanne-shea/img_0007/,attachment page,200,https://new.soilfoodweb.com/wp-content/uploads/2026/08/IMG_0007.png,301->https://new.soilfoodweb.com/wp-content/uploads/2026/08/IMG_0007.png,,image/png,,,,,,,,,none,none,none,REVALIDATED,200,identical,,REST,rest:attachment,no,0,
https://new.soilfoodweb.com/directory-member/tallis-tibbo/,directory-member,200,https://new.soilfoodweb.com/directory-member/tallis-tibbo/,,,text/html,Tallis Tibbo – Soil Food Web Foundation,Tallis Tibbo,1,"noindex, nofollow",https://new.soilfoodweb.com/directory-member/tallis-tibbo/,yes,99,"width=device-width, initial-scale=1, maximum-scale=1, user-scalable=0",menu-v1,ocm-v1,footer-v1,DYNAMIC,200,identical,,REST,rest:directory_member,no,0,VIEWPORT-BLOCKS-ZOOM
https://new.soilfoodweb.com/directory-member/tallis-tibbo/cropped-image-for-cv/,attachment page,200,https://new.soilfoodweb.com/wp-content/uploads/2026/08/Cropped-image-for-CV.jpg,301->https://new.soilfoodweb.com/wp-content/uploads/2026/08/Cropped-image-for-CV.jpg,,image/jpeg,,,,,,,,,none,none,none,REVALIDATED,200,identical,,REST,rest:attachment,no,0,
https://new.soilfoodweb.com/directory-member/tanja-dekker/,directory-member,200,https://new.soilfoodweb.com/directory-member/tanja-dekker/,,,text/html,Tanja Dekker – Soil Food Web Foundation,Tanja Dekker,1,"noindex, nofollow",https://new.soilfoodweb.com/directory-member/tanja-dekker/,yes,94,"width=device-width, initial-scale=1, maximum-scale=1, user-scalable=0",menu-v1,ocm-v1,footer-v1,DYNAMIC,200,identical,,REST,rest:directory_member,no,0,VIEWPORT-BLOCKS-ZOOM
https://new.soilfoodweb.com/directory-member/tanja-dekker/tanja-consultants-574x574-2/,attachment page,200,https://new.soilfoodweb.com/wp-content/uploads/2026/08/Tanja-Consultants-574x574-2.jpg,301->https://new.soilfoodweb.com/wp-content/uploads/2026/08/Tanja-Consultants-574x574-2.jpg,,image/jpeg,,,,,,,,,none,none,none,REVALIDATED,200,identical,,REST,rest:attachment,no,0,
https://new.soilfoodweb.com/directory-member/the-soil-assistant/,directory-member,200,https://new.soilfoodweb.com/directory-member/the-soil-assistant/,,,text/html,The Soil Assistant – Soil Food Web Foundation,The Soil Assistant,1,"noindex, nofollow",https://new.soilfoodweb.com/directory-member/the-soil-assistant/,yes,38,"width=device-width, initial-scale=1, maximum-scale=1, user-scalable=0",menu-v1,ocm-v1,footer-v1,DYNAMIC,200,identical,,REST,rest:directory_member,no,0,VIEWPORT-BLOCKS-ZOOM
https://new.soilfoodweb.com/directory-member/the-soil-assistant/the-soil-assistant-logo_brown/,attachment page,200,https://new.soilfoodweb.com/wp-content/uploads/2026/08/The-Soil-Assistant-Logo_Brown.png,301->https://new.soilfoodweb.com/wp-content/uploads/2026/08/The-Soil-Assistant-Logo_Brown.png,,image/png,,,,,,,,,none,none,none,REVALIDATED,200,identical,,REST,rest:attachment,no,0,
https://new.soilfoodweb.com/directory-member/thomas-ruttel/,directory-member,200,https://new.soilfoodweb.com/directory-member/thomas-ruttel/,,,text/html,Thomas Rüttel – Soil Food Web Foundation,Thomas Rüttel,1,"noindex, nofollow",https://new.soilfoodweb.com/directory-member/thomas-ruttel/,yes,111,"width=device-width, initial-scale=1, maximum-scale=1, user-scalable=0",menu-v1,ocm-v1,footer-v1,DYNAMIC,200,identical,,REST,rest:directory_member,no,0,VIEWPORT-BLOCKS-ZOOM
https://new.soilfoodweb.com/directory-member/thomas-ruttel/logo-opleiding-site/,attachment page,200,https://new.soilfoodweb.com/wp-content/uploads/2026/08/Logo-Opleiding-Site.png,301->https://new.soilfoodweb.com/wp-content/uploads/2026/08/Logo-Opleiding-Site.png,,image/png,,,,,,,,,none,none,none,REVALIDATED,200,identical,,REST,rest:attachment,no,0,
https://new.soilfoodweb.com/directory-member/thomas-schneider/,directory-member,200,https://new.soilfoodweb.com/directory-member/thomas-schneider/,,,text/html,Thomas Schneider – Soil Food Web Foundation,Thomas Schneider,1,"noindex, nofollow",https://new.soilfoodweb.com/directory-member/thomas-schneider/,yes,69,"width=device-width, initial-scale=1, maximum-scale=1, user-scalable=0",menu-v1,ocm-v1,footer-v1,DYNAMIC,200,identical,,"REST,crawl",rest:directory_member,no,1,VIEWPORT-BLOCKS-ZOOM
https://new.soilfoodweb.com/directory-member/thomas-schneider/thomas_schneider/,attachment page,200,https://new.soilfoodweb.com/wp-content/uploads/2026/08/Thomas_Schneider.jpg,301->https://new.soilfoodweb.com/wp-content/uploads/2026/08/Thomas_Schneider.jpg,,image/jpeg,,,,,,,,,none,none,none,REVALIDATED,200,identical,,REST,rest:attachment,no,0,
https://new.soilfoodweb.com/directory-member/tim-spencer/,directory-member,200,https://new.soilfoodweb.com/directory-member/tim-spencer/,,,text/html,Tim Spencer – Soil Food Web Foundation,Tim Spencer,1,"noindex, nofollow",https://new.soilfoodweb.com/directory-member/tim-spencer/,yes,125,"width=device-width, initial-scale=1, maximum-scale=1, user-scalable=0",menu-v1,ocm-v1,footer-v1,DYNAMIC,200,identical,,REST,rest:directory_member,no,0,VIEWPORT-BLOCKS-ZOOM
https://new.soilfoodweb.com/directory-member/tim-spencer/directory-profile-2347_6908be8c117c4fc18476851f1687a36a/,attachment page,200,https://new.soilfoodweb.com/wp-content/uploads/2026/08/directory-profile-2347_6908be8c117c4fc18476851f1687a36a.jpeg,301->https://new.soilfoodweb.com/wp-content/uploads/2026/08/directory-profile-2347_6908be8c117c4fc18476851f1687a36a.jpeg,,image/jpeg,,,,,,,,,none,none,none,REVALIDATED,200,identical,,REST,rest:attachment,no,0,
https://new.soilfoodweb.com/directory-member/todd-harrington/,directory-member,200,https://new.soilfoodweb.com/directory-member/todd-harrington/,,,text/html,Todd Harrington – Soil Food Web Foundation,Todd Harrington,1,"noindex, nofollow",https://new.soilfoodweb.com/directory-member/todd-harrington/,yes,118,"width=device-width, initial-scale=1, maximum-scale=1, user-scalable=0",menu-v1,ocm-v1,footer-v1,DYNAMIC,200,identical,,"REST,crawl",rest:directory_member,no,1,VIEWPORT-BLOCKS-ZOOM
https://new.soilfoodweb.com/directory-member/todd-harrington/todd-at-truck-consultants-page-e1675876699300-500x383-1/,attachment page,200,https://new.soilfoodweb.com/wp-content/uploads/2026/08/Todd-at-truck-consultants-page-e1675876699300-500x383-1.jpg,301->https://new.soilfoodweb.com/wp-content/uploads/2026/08/Todd-at-truck-consultants-page-e1675876699300-500x383-1.jpg,,image/jpeg,,,,,,,,,none,none,none,REVALIDATED,200,identical,,REST,rest:attachment,no,0,
https://new.soilfoodweb.com/directory-member/vera-dorzhinova/,directory-member,200,https://new.soilfoodweb.com/directory-member/vera-dorzhinova/,,,text/html,Vera Dorzhinova – Soil Food Web Foundation,Vera Dorzhinova,1,"noindex, nofollow",https://new.soilfoodweb.com/directory-member/vera-dorzhinova/,yes,138,"width=device-width, initial-scale=1, maximum-scale=1, user-scalable=0",menu-v1,ocm-v1,footer-v1,DYNAMIC,200,identical,,REST,rest:directory_member,no,0,VIEWPORT-BLOCKS-ZOOM
https://new.soilfoodweb.com/directory-member/vera-dorzhinova/pxl_20230719_033259139/,attachment page,200,https://new.soilfoodweb.com/wp-content/uploads/2026/08/PXL_20230719_033259139.jpg,301->https://new.soilfoodweb.com/wp-content/uploads/2026/08/PXL_20230719_033259139.jpg,,image/jpeg,,,,,,,,,none,none,none,REVALIDATED,200,identical,,REST,rest:attachment,no,0,
https://new.soilfoodweb.com/directory-member/veronica-alice/,directory-member,200,https://new.soilfoodweb.com/directory-member/veronica-alice/,,,text/html,Veronica Alice – Soil Food Web Foundation,Veronica Alice,1,"noindex, nofollow",https://new.soilfoodweb.com/directory-member/veronica-alice/,yes,56,"width=device-width, initial-scale=1, maximum-scale=1, user-scalable=0",menu-v1,ocm-v1,footer-v1,DYNAMIC,200,identical,,REST,rest:directory_member,no,0,VIEWPORT-BLOCKS-ZOOM
https://new.soilfoodweb.com/directory-member/veronica-alice/directory-profile-224_2ca460420ae64be38dfe9930ecb400eb/,attachment page,200,https://new.soilfoodweb.com/wp-content/uploads/2026/08/directory-profile-224_2ca460420ae64be38dfe9930ecb400eb.jpg,301->https://new.soilfoodweb.com/wp-content/uploads/2026/08/directory-profile-224_2ca460420ae64be38dfe9930ecb400eb.jpg,,image/jpeg,,,,,,,,,none,none,none,REVALIDATED,200,identical,,REST,rest:attachment,no,0,
https://new.soilfoodweb.com/directory-member/vivian-kaloxilos/,directory-member,200,https://new.soilfoodweb.com/directory-member/vivian-kaloxilos/,,,text/html,Vivian Kaloxilos – Soil Food Web Foundation,Vivian Kaloxilos,1,"noindex, nofollow",https://new.soilfoodweb.com/directory-member/vivian-kaloxilos/,yes,81,"width=device-width, initial-scale=1, maximum-scale=1, user-scalable=0",menu-v1,ocm-v1,footer-v1,DYNAMIC,200,identical,,REST,rest:directory_member,no,0,VIEWPORT-BLOCKS-ZOOM
https://new.soilfoodweb.com/directory-member/vivian-kaloxilos/vivian_kaloxilos/,attachment page,200,https://new.soilfoodweb.com/wp-content/uploads/2026/08/Vivian_Kaloxilos.jpg,301->https://new.soilfoodweb.com/wp-content/uploads/2026/08/Vivian_Kaloxilos.jpg,,image/jpeg,,,,,,,,,none,none,none,REVALIDATED,200,identical,,REST,rest:attachment,no,0,
https://new.soilfoodweb.com/directory-member/wendy-mickle/,directory-member,200,https://new.soilfoodweb.com/directory-member/wendy-mickle/,,,text/html,Wendy Mickle – Soil Food Web Foundation,Wendy Mickle,1,"noindex, nofollow",https://new.soilfoodweb.com/directory-member/wendy-mickle/,yes,109,"width=device-width, initial-scale=1, maximum-scale=1, user-scalable=0",menu-v1,ocm-v1,footer-v1,DYNAMIC,200,identical,,REST,rest:directory_member,no,0,VIEWPORT-BLOCKS-ZOOM
https://new.soilfoodweb.com/directory-member/wendy-mickle/untitled-500-x-500-px/,attachment page,200,https://new.soilfoodweb.com/wp-content/uploads/2026/08/Untitled-500-x-500-px.jpeg,301->https://new.soilfoodweb.com/wp-content/uploads/2026/08/Untitled-500-x-500-px.jpeg,,image/jpeg,,,,,,,,,none,none,none,REVALIDATED,200,identical,,REST,rest:attachment,no,0,
https://new.soilfoodweb.com/directory-member/wesley-sander/,directory-member,200,https://new.soilfoodweb.com/directory-member/wesley-sander/,,,text/html,Wesley Sander – Soil Food Web Foundation,Wesley Sander,1,"noindex, nofollow",https://new.soilfoodweb.com/directory-member/wesley-sander/,yes,123,"width=device-width, initial-scale=1, maximum-scale=1, user-scalable=0",menu-v1,ocm-v1,footer-v1,DYNAMIC,200,identical,,REST,rest:directory_member,no,0,VIEWPORT-BLOCKS-ZOOM
https://new.soilfoodweb.com/directory-member/wesley-sander/wes-sander-headshot/,attachment page,200,https://new.soilfoodweb.com/wp-content/uploads/2026/08/Wes-Sander-headshot.jpg,301->https://new.soilfoodweb.com/wp-content/uploads/2026/08/Wes-Sander-headshot.jpg,,image/jpeg,,,,,,,,,none,none,none,REVALIDATED,200,identical,,REST,rest:attachment,no,0,
https://new.soilfoodweb.com/directory-member/witold-krawiec/,directory-member,200,https://new.soilfoodweb.com/directory-member/witold-krawiec/,,,text/html,Witold Krawiec – Soil Food Web Foundation,Witold Krawiec,1,"noindex, nofollow",https://new.soilfoodweb.com/directory-member/witold-krawiec/,yes,108,"width=device-width, initial-scale=1, maximum-scale=1, user-scalable=0",menu-v1,ocm-v1,footer-v1,DYNAMIC,200,identical,,"REST,crawl",rest:directory_member,no,0,VIEWPORT-BLOCKS-ZOOM
https://new.soilfoodweb.com/directory-member/witold-krawiec/witold11/,attachment page,200,https://new.soilfoodweb.com/wp-content/uploads/2026/08/Witold11.jpg,301->https://new.soilfoodweb.com/wp-content/uploads/2026/08/Witold11.jpg,,image/jpeg,,,,,,,,,none,none,none,REVALIDATED,200,identical,,REST,rest:attachment,no,0,
https://new.soilfoodweb.com/directory-portal/,page,200,https://new.soilfoodweb.com/directory-portal/,,,text/html,Directory Portal – Soil Food Web Foundation,,0,"noindex, nofollow",https://new.soilfoodweb.com/directory-portal/,yes,38,"width=device-width, initial-scale=1, maximum-scale=1, user-scalable=0",menu-v1,ocm-v1,footer-v1,DYNAMIC,200,identical,,"REST,crawl",rest:page,no,2,THIN; VIEWPORT-BLOCKS-ZOOM; NO-H1
https://new.soilfoodweb.com/donate-get-involved/,page/post,404,https://new.soilfoodweb.com/donate-get-involved/,,,text/html,Page not found – Soil Food Web Foundation,404,1,"noindex, nofollow",,,6,"width=device-width, initial-scale=1, maximum-scale=1, user-scalable=0",menu-v1,ocm-v1,footer-v1,DYNAMIC,404,identical,,crawl,/scholarship/,no,1,VIEWPORT-BLOCKS-ZOOM
https://new.soilfoodweb.com/donate/,page/post,404,https://new.soilfoodweb.com/donate/,,,text/html,Page not found – Soil Food Web Foundation,404,1,"noindex, nofollow",,,6,"width=device-width, initial-scale=1, maximum-scale=1, user-scalable=0",menu-v1,ocm-v1,footer-v1,DYNAMIC,404,identical,,crawl,/,yes,410,VIEWPORT-BLOCKS-ZOOM
https://new.soilfoodweb.com/donations/,page,200,https://new.soilfoodweb.com/donations/,,,text/html,Donate – Soil Food Web Foundation,Put your hands in this work,1,"noindex, nofollow",https://new.soilfoodweb.com/donations/,yes,240,"width=device-width, initial-scale=1, maximum-scale=1, user-scalable=0",menu-v1,ocm-v1,footer-v1,DYNAMIC,200,identical,,"REST,crawl",rest:page,yes,410,THIN; PLACEHOLDER:[IMPACT LINES — pair with preset amounts; VIEWPORT-BLOCKS-ZOOM
https://new.soilfoodweb.com/exploring-soil-food-web-innovations-in-west-africa/,post,200,https://new.soilfoodweb.com/exploring-soil-food-web-innovations-in-west-africa/,,,text/html,Exploring Soil Food Web Innovations in West Africa – Soil Food Web Foundation,Exploring Soil Food Web Innovations in West Africa,1,"noindex, nofollow",https://new.soilfoodweb.com/exploring-soil-food-web-innovations-in-west-africa/,yes,936,"width=device-width, initial-scale=1, maximum-scale=1, user-scalable=0",menu-v1,ocm-v1,footer-v1,DYNAMIC,200,identical,,"REST,crawl",rest:post,no,7,VIEWPORT-BLOCKS-ZOOM
https://new.soilfoodweb.com/feed/,system,200,https://new.soilfoodweb.com/feed/,,,application/rss+xml,,,,,,,,,none,none,none,DYNAMIC,200,identical,,crawl,/?attachment_id=1229,no,18,
https://new.soilfoodweb.com/find-a-professional/,page,200,https://new.soilfoodweb.com/find-a-professional/,,,text/html,Find a Professional – Soil Food Web Foundation,Work with a Soil Food Web School Graduate,1,"noindex, nofollow",https://new.soilfoodweb.com/find-a-professional/,yes,625,"width=device-width, initial-scale=1, maximum-scale=1, user-scalable=0",menu-v1,ocm-v1,footer-v1,DYNAMIC,200,identical (see note),main content differs only in randomised directory order (not a cache issue),"REST,crawl",rest:page,yes,410,VIEWPORT-BLOCKS-ZOOM
https://new.soilfoodweb.com/foundation-legal/,page,200,https://new.soilfoodweb.com/foundation-legal/,,,text/html,Foundation legal – Soil Food Web Foundation,,0,"noindex, nofollow",https://new.soilfoodweb.com/foundation-legal/,yes,0,"width=device-width, initial-scale=1, maximum-scale=1, user-scalable=0",menu-v1,ocm-v1,footer-v1,DYNAMIC,200,identical,,REST,rest:page,no,0,EMPTY; VIEWPORT-BLOCKS-ZOOM; NO-H1
https://new.soilfoodweb.com/help-us-celebrate-food-knowledge-and-culture-in-sacramento-this-september/,post,200,https://new.soilfoodweb.com/help-us-celebrate-food-knowledge-and-culture-in-sacramento-this-september/,,,text/html,"Help us celebrate food, knowledge and culture in Sacramento this September – Soil Food Web Foundation","Help us celebrate food, knowledge and culture in Sacramento this September",1,"noindex, nofollow",https://new.soilfoodweb.com/help-us-celebrate-food-knowledge-and-culture-in-sacramento-this-september/,yes,419,"width=device-width, initial-scale=1, maximum-scale=1, user-scalable=0",menu-v1,ocm-v1,footer-v1,DYNAMIC,200,identical,,"REST,crawl",rest:post,no,11,VIEWPORT-BLOCKS-ZOOM
https://new.soilfoodweb.com/how-it-works/,page,200,https://new.soilfoodweb.com/how-it-works/,,,text/html,How It Works – Soil Food Web Foundation,How the soil food web works | Case studies & videos,2,"noindex, nofollow",https://new.soilfoodweb.com/how-it-works/,yes,475,"width=device-width, initial-scale=1, maximum-scale=1, user-scalable=0",menu-v1,ocm-v1,footer-v1,DYNAMIC,200,identical,,"REST,crawl",rest:page,yes,410,VIEWPORT-BLOCKS-ZOOM; H1x2
https://new.soilfoodweb.com/how-it-works/attachment/6/,attachment page,200,https://new.soilfoodweb.com/wp-content/uploads/2026/08/6.jpg,301->https://new.soilfoodweb.com/wp-content/uploads/2026/08/6.jpg,,image/jpeg,,,,,,,,,none,none,none,REVALIDATED,200,identical,,REST,rest:attachment,no,0,
https://new.soilfoodweb.com/how-it-works/attachment/7/,attachment page,200,https://new.soilfoodweb.com/wp-content/uploads/2026/08/7.jpg,301->https://new.soilfoodweb.com/wp-content/uploads/2026/08/7.jpg,,image/jpeg,,,,,,,,,none,none,none,REVALIDATED,200,identical,,REST,rest:attachment,no,0,
https://new.soilfoodweb.com/how-it-works/attachment/8/,attachment page,200,https://new.soilfoodweb.com/wp-content/uploads/2026/08/8.jpg,301->https://new.soilfoodweb.com/wp-content/uploads/2026/08/8.jpg,,image/jpeg,,,,,,,,,none,none,none,REVALIDATED,200,identical,,REST,rest:attachment,no,0,
https://new.soilfoodweb.com/how-it-works/attachment/9/,attachment page,200,https://new.soilfoodweb.com/wp-content/uploads/2026/08/9.jpg,301->https://new.soilfoodweb.com/wp-content/uploads/2026/08/9.jpg,,image/jpeg,,,,,,,,,none,none,none,REVALIDATED,200,identical,,REST,rest:attachment,no,0,
https://new.soilfoodweb.com/how-it-works/screenshot-2026-08-28-101542/,attachment page,200,https://new.soilfoodweb.com/wp-content/uploads/2026/08/Screenshot-2026-08-28-101542.png,301->https://new.soilfoodweb.com/wp-content/uploads/2026/08/Screenshot-2026-08-28-101542.png,,image/png,,,,,,,,,none,none,none,MISS,200,identical,,REST,rest:attachment,no,0,
https://new.soilfoodweb.com/how-it-works/screenshot-2026-09-17-172507/,attachment page,200,https://new.soilfoodweb.com/wp-content/uploads/2026/09/Screenshot-2026-09-17-172507.png,301->https://new.soilfoodweb.com/wp-content/uploads/2026/09/Screenshot-2026-09-17-172507.png,,image/png,,,,,,,,,none,none,none,REVALIDATED,200,identical,,REST,rest:attachment,no,0,
https://new.soilfoodweb.com/how-it-works/screenshot-2026-09-17-173253/,attachment page,200,https://new.soilfoodweb.com/wp-content/uploads/2026/09/Screenshot-2026-09-17-173253.png,301->https://new.soilfoodweb.com/wp-content/uploads/2026/09/Screenshot-2026-09-17-173253.png,,image/png,,,,,,,,,none,none,none,REVALIDATED,200,identical,,REST,rest:attachment,no,0,
https://new.soilfoodweb.com/how-it-works/the-soil-food-web/,attachment page,200,https://new.soilfoodweb.com/wp-content/uploads/2026/08/the-soil-food-web.jpg,301->https://new.soilfoodweb.com/wp-content/uploads/2026/08/the-soil-food-web.jpg,,image/jpeg,,,,,,,,,none,none,none,REVALIDATED,200,identical,,REST,rest:attachment,no,0,
https://new.soilfoodweb.com/how-it-works/video-thumbnails-5/,attachment page,200,https://new.soilfoodweb.com/wp-content/uploads/2026/08/Video-Thumbnails-5.jpg,301->https://new.soilfoodweb.com/wp-content/uploads/2026/08/Video-Thumbnails-5.jpg,,image/jpeg,,,,,,,,,none,none,none,REVALIDATED,200,identical,,REST,rest:attachment,no,0,
https://new.soilfoodweb.com/invite-us-to-speak/,page,200,https://new.soilfoodweb.com/invite-us-to-speak/,,,text/html,Invite us to speak – Soil Food Web Foundation,Invite us to speak,1,"noindex, nofollow",https://new.soilfoodweb.com/invite-us-to-speak/,yes,4,"width=device-width, initial-scale=1, maximum-scale=1, user-scalable=0",menu-v1,ocm-v1,footer-v1,DYNAMIC,200,identical,,"REST,crawl",rest:page,yes,410,THIN; VIEWPORT-BLOCKS-ZOOM
https://new.soilfoodweb.com/join-the-free-webinar-series-a-living-legacy-the-science-of-the-soil-food-web/,post,200,https://new.soilfoodweb.com/join-the-free-webinar-series-a-living-legacy-the-science-of-the-soil-food-web/,,,text/html,🌱 Join the Free Webinar Series: A Living Legacy — The Science of the Soil Food Web – Soil Food Web Foundation,🌱 Join the Free Webinar Series: A Living Legacy — The Science of the Soil Food Web,1,"noindex, nofollow",https://new.soilfoodweb.com/join-the-free-webinar-series-a-living-legacy-the-science-of-the-soil-food-web/,yes,599,"width=device-width, initial-scale=1, maximum-scale=1, user-scalable=0",menu-v1,ocm-v1,footer-v1,DYNAMIC,200,identical,,"REST,crawl",rest:post,no,10,VIEWPORT-BLOCKS-ZOOM
https://new.soilfoodweb.com/login/,page,200,https://new.soilfoodweb.com/login/,,,text/html,login – Soil Food Web Foundation,"Welcome back, Soil Regenerator",1,"noindex, nofollow",https://new.soilfoodweb.com/login/,yes,136,"width=device-width, initial-scale=1, maximum-scale=1, user-scalable=0",menu-v1,ocm-v1,footer-v1,DYNAMIC,200,identical,,"REST,crawl",rest:page,yes,410,THIN; VIEWPORT-BLOCKS-ZOOM
https://new.soilfoodweb.com/logo-brand-use/,page,200,https://new.soilfoodweb.com/logo-brand-use/,,,text/html,Logo and name use – Soil Food Web Foundation,Logo and name use,1,"noindex, nofollow",https://new.soilfoodweb.com/logo-brand-use/,yes,4,"width=device-width, initial-scale=1, maximum-scale=1, user-scalable=0",menu-v1,ocm-v1,footer-v1,DYNAMIC,200,identical,,"REST,crawl",rest:page,yes,410,THIN; VIEWPORT-BLOCKS-ZOOM
https://new.soilfoodweb.com/navigation/,wp_navigation,404,https://new.soilfoodweb.com/navigation/,,,text/html,Page not found – Soil Food Web Foundation,404,1,"noindex, nofollow",,,6,"width=device-width, initial-scale=1, maximum-scale=1, user-scalable=0",menu-v1,ocm-v1,footer-v1,DYNAMIC,404,identical,,REST,rest:wp_navigation,no,0,VIEWPORT-BLOCKS-ZOOM
https://new.soilfoodweb.com/new-homepage/elaine-smile-talking-800/,attachment page,200,https://new.soilfoodweb.com/wp-content/uploads/2026/09/elaine-smile-talking-800.jpg,301->https://new.soilfoodweb.com/wp-content/uploads/2026/09/elaine-smile-talking-800.jpg,,image/jpeg,,,,,,,,,none,none,none,HIT,200,identical,,REST,rest:attachment,no,0,
https://new.soilfoodweb.com/new-homepage/erc-rancho-cacachilas-agro/,attachment page,200,https://new.soilfoodweb.com/wp-content/uploads/2026/09/erc-rancho-cacachilas-agro.jpg,301->https://new.soilfoodweb.com/wp-content/uploads/2026/09/erc-rancho-cacachilas-agro.jpg,,image/jpeg,,,,,,,,,none,none,none,HIT,200,identical,,REST,rest:attachment,no,0,
https://new.soilfoodweb.com/new-homepage/hero-2/,attachment page,200,https://new.soilfoodweb.com/wp-content/uploads/2026/09/hero.jpg,301->https://new.soilfoodweb.com/wp-content/uploads/2026/09/hero.jpg,,image/jpeg,,,,,,,,,none,none,none,MISS,200,identical,,REST,rest:attachment,no,0,
https://new.soilfoodweb.com/new-homepage/our-students-testimonials/,attachment page,200,https://new.soilfoodweb.com/wp-content/uploads/2026/09/our-students-testimonials.jpg,301->https://new.soilfoodweb.com/wp-content/uploads/2026/09/our-students-testimonials.jpg,,image/jpeg,,,,,,,,,none,none,none,HIT,200,identical,,REST,rest:attachment,no,0,
https://new.soilfoodweb.com/new-homepage/screenshot-2026-09-29-161820/,attachment page,200,https://new.soilfoodweb.com/wp-content/uploads/2026/09/Screenshot-2026-09-29-161820.png,301->https://new.soilfoodweb.com/wp-content/uploads/2026/09/Screenshot-2026-09-29-161820.png,,image/png,,,,,,,,,none,none,none,HIT,200,identical,,REST,rest:attachment,no,0,
https://new.soilfoodweb.com/news/,page,200,https://new.soilfoodweb.com/news/,,,text/html,News and stories – Soil Food Web Foundation,Dispatches from the living soil,1,"noindex, nofollow",https://new.soilfoodweb.com/news/,yes,297,"width=device-width, initial-scale=1, maximum-scale=1, user-scalable=0",menu-v1,ocm-v1,footer-v1,DYNAMIC,200,identical,,"REST,crawl",rest:page,yes,410,THIN; VIEWPORT-BLOCKS-ZOOM
https://new.soilfoodweb.com/news/page/2/,page,200,https://new.soilfoodweb.com/news/page/2/,,,text/html,News and stories – Page 2 – Soil Food Web Foundation,Dispatches from the living soil,1,"noindex, nofollow",https://new.soilfoodweb.com/news/,no,156,"width=device-width, initial-scale=1, maximum-scale=1, user-scalable=0",menu-v1,ocm-v1,footer-v1,DYNAMIC,200,identical,,crawl,/news/,no,1,THIN; VIEWPORT-BLOCKS-ZOOM
https://new.soilfoodweb.com/nonprofit-landing/,page,200,https://new.soilfoodweb.com/nonprofit-landing/,,,text/html,Nonprofit Landing – Soil Food Web Foundation,,0,"noindex, nofollow",https://new.soilfoodweb.com/nonprofit-landing/,yes,572,"width=device-width, initial-scale=1, maximum-scale=1, user-scalable=0",menu-v1,ocm-v1,footer-v1,DYNAMIC,200,identical,,REST,rest:page,no,0,PLACEHOLDER:Salient|Tether; VIEWPORT-BLOCKS-ZOOM; NO-H1
https://new.soilfoodweb.com/obituary-for-dr-elaine-ingham/,post,200,https://new.soilfoodweb.com/obituary-for-dr-elaine-ingham/,,,text/html,Obituary for Dr. Elaine Ingham – Soil Food Web Foundation,Obituary for Dr. Elaine Ingham,1,"noindex, nofollow",https://new.soilfoodweb.com/obituary-for-dr-elaine-ingham/,yes,607,"width=device-width, initial-scale=1, maximum-scale=1, user-scalable=0",menu-v1,ocm-v1,footer-v1,DYNAMIC,200,identical (see note),main content differs only in randomised 'related posts' block (not a cache issue),"REST,crawl",rest:post,no,13,VIEWPORT-BLOCKS-ZOOM
https://new.soilfoodweb.com/october-2025-newsletter/,post,200,https://new.soilfoodweb.com/october-2025-newsletter/,,,text/html,October 2025 – Newsletter – Soil Food Web Foundation,October 2025 – Newsletter,1,"noindex, nofollow",https://new.soilfoodweb.com/october-2025-newsletter/,yes,1271,"width=device-width, initial-scale=1, maximum-scale=1, user-scalable=0",menu-v1,ocm-v1,footer-v1,DYNAMIC,200,identical,,"REST,crawl",rest:post,no,15,VIEWPORT-BLOCKS-ZOOM
https://new.soilfoodweb.com/practice/,page,200,https://new.soilfoodweb.com/practice/,,,text/html,Projects – Soil Food Web Foundation,Taking Action toward a Healthier World,1,"noindex, nofollow",https://new.soilfoodweb.com/practice/,yes,264,"width=device-width, initial-scale=1, maximum-scale=1, user-scalable=0",menu-v1,ocm-v1,footer-v1,DYNAMIC,200,identical,,"REST,crawl",rest:page,yes,410,THIN; VIEWPORT-BLOCKS-ZOOM
https://new.soilfoodweb.com/practice/garden-vegetable-beds/,attachment page,200,https://new.soilfoodweb.com/wp-content/uploads/2026/09/garden-vegetable-beds.jpg,301->https://new.soilfoodweb.com/wp-content/uploads/2026/09/garden-vegetable-beds.jpg,,image/jpeg,,,,,,,,,none,none,none,REVALIDATED,200,identical,,REST,rest:attachment,no,0,
https://new.soilfoodweb.com/practice/red-soil-hand/,attachment page,200,https://new.soilfoodweb.com/wp-content/uploads/2026/09/red-soil-hand.jpg,301->https://new.soilfoodweb.com/wp-content/uploads/2026/09/red-soil-hand.jpg,,image/jpeg,,,,,,,,,none,none,none,REVALIDATED,200,identical,,REST,rest:attachment,no,0,
https://new.soilfoodweb.com/practice/screenshot-2026-08-28-110832/,attachment page,200,https://new.soilfoodweb.com/wp-content/uploads/2026/08/Screenshot-2026-08-28-110832.png,301->https://new.soilfoodweb.com/wp-content/uploads/2026/08/Screenshot-2026-08-28-110832.png,,image/png,,,,,,,,,none,none,none,MISS,200,identical,,REST,rest:attachment,no,0,
https://new.soilfoodweb.com/privacy/,page,200,https://new.soilfoodweb.com/privacy/,,,text/html,Privacy – Soil Food Web Foundation,Privacy Policy,1,"noindex, nofollow",https://new.soilfoodweb.com/privacy/,yes,1358,"width=device-width, initial-scale=1, maximum-scale=1, user-scalable=0",menu-v1,ocm-v1,footer-v1,DYNAMIC,200,identical,,"REST,crawl",rest:page,yes,410,VIEWPORT-BLOCKS-ZOOM
https://new.soilfoodweb.com/programs-carousel-preview/,page,200,https://new.soilfoodweb.com/programs-carousel-preview/,,,text/html,Programs carousel preview – Soil Food Web Foundation,,0,"noindex, nofollow",https://new.soilfoodweb.com/programs-carousel-preview/,yes,748,"width=device-width, initial-scale=1, maximum-scale=1, user-scalable=0",menu-v1,ocm-v1,footer-v1,DYNAMIC,200,identical,,REST,rest:page,no,0,VIEWPORT-BLOCKS-ZOOM; NO-H1
https://new.soilfoodweb.com/programs-overview/,page,200,https://new.soilfoodweb.com/programs-overview/,,,text/html,Programs Overview – Soil Food Web Foundation,Learn to work with the life in your soil,1,"noindex, nofollow",https://new.soilfoodweb.com/programs-overview/,yes,1231,"width=device-width, initial-scale=1, maximum-scale=1, user-scalable=0",menu-v1,ocm-v1,footer-v1,DYNAMIC,200,identical,,"REST,crawl",rest:page,yes,410,PLACEHOLDER:· Country |; VIEWPORT-BLOCKS-ZOOM
https://new.soilfoodweb.com/programs-overview/elaine-flower-shirt-microscope/,attachment page,200,https://new.soilfoodweb.com/wp-content/uploads/2026/09/elaine-flower-shirt-microscope.jpg,301->https://new.soilfoodweb.com/wp-content/uploads/2026/09/elaine-flower-shirt-microscope.jpg,,image/jpeg,,,,,,,,,none,none,none,REVALIDATED,200,identical,,REST,rest:attachment,no,0,
https://new.soilfoodweb.com/programs-overview/screenshot-2026-08-28-113240/,attachment page,200,https://new.soilfoodweb.com/wp-content/uploads/2026/08/Screenshot-2026-08-28-113240.png,301->https://new.soilfoodweb.com/wp-content/uploads/2026/08/Screenshot-2026-08-28-113240.png,,image/png,,,,,,,,,none,none,none,MISS,200,identical,,REST,rest:attachment,no,0,
https://new.soilfoodweb.com/publication/a-comparison-of-agar-film-techniques-for-estimating-fungal-biovolumes-in-litter-and-soil/,publication,302,https://doi.org/10.1016/0167-8809(91)90101-3,302->https://doi.org/10.1016/0167-8809(91)90101-3,"ProxyError: HTTPSConnectionPool(host='doi.org', port=443): Max retries exceeded with url: /10.1016/0167-8809(91)90101-3 (Caused by ProxyError('Unable to connect to proxy', OSError('Tunnel connection failed: 403 Forbidden')))",text/html,,,,,,,,,none,none,none,,302,identical,,REST,rest:sfw_publication,no,0,
https://new.soilfoodweb.com/publication/a-comparison-of-soil-food-webs-beneath-c3-and-c4-dominated-grasslands/,publication,302,https://doi.org/10.1007/s00374-008-0312-4,302->https://doi.org/10.1007/s00374-008-0312-4,"ProxyError: HTTPSConnectionPool(host='doi.org', port=443): Max retries exceeded with url: /10.1007/s00374-008-0312-4 (Caused by ProxyError('Unable to connect to proxy', OSError('Tunnel connection failed: 403 Forbidden')))",text/html,,,,,,,,,none,none,none,,302,identical,,REST,rest:sfw_publication,no,0,
https://new.soilfoodweb.com/publication/a-general-model-of-biotic-interactions/,publication,200,https://new.soilfoodweb.com/publication/a-general-model-of-biotic-interactions/,,,text/html,A general model of biotic interactions – Soil Food Web Foundation,A general model of biotic interactions,1,"noindex, nofollow",https://new.soilfoodweb.com/publication/a-general-model-of-biotic-interactions/,yes,33,"width=device-width, initial-scale=1, maximum-scale=1, user-scalable=0",menu-v1,ocm-v1,footer-v1,DYNAMIC,200,identical,,"REST,crawl",rest:sfw_publication,no,2,VIEWPORT-BLOCKS-ZOOM
https://new.soilfoodweb.com/publication/aerobic-compost-tea-compost-and-a-combination-of-both-reduce-the-severity-of-common-scab-streptomyces-scabiei-on-potato-tubers/,publication,302,https://doi.org/10.3923/jps.2008.168.175,302->https://doi.org/10.3923/jps.2008.168.175,"ProxyError: HTTPSConnectionPool(host='doi.org', port=443): Max retries exceeded with url: /10.3923/jps.2008.168.175 (Caused by ProxyError('Unable to connect to proxy', OSError('Tunnel connection failed: 403 Forbidden')))",text/html,,,,,,,,,none,none,none,,302,identical,,REST,rest:sfw_publication,no,0,
https://new.soilfoodweb.com/publication/altered-carbon-delivery-from-roots-rapid-sustained-inhibition-of-border-cell-dispersal-in-response-to-compost-water-extracts/,publication,302,https://doi.org/10.1007/s11104-014-2350-z,302->https://doi.org/10.1007/s11104-014-2350-z,"ProxyError: HTTPSConnectionPool(host='doi.org', port=443): Max retries exceeded with url: /10.1007/s11104-014-2350-z (Caused by ProxyError('Unable to connect to proxy', OSError('Tunnel connection failed: 403 Forbidden')))",text/html,,,,,,,,,none,none,none,,302,identical,,REST,rest:sfw_publication,no,0,
https://new.soilfoodweb.com/publication/analysis-of-food-web-structure-and-function-in-a-short-grass-prairie-a-mountain-meadow-and-lodgepole-pine-forest/,publication,302,https://doi.org/10.1007/BF00260513,302->https://doi.org/10.1007/BF00260513,"ProxyError: HTTPSConnectionPool(host='doi.org', port=443): Max retries exceeded with url: /10.1007/BF00260513 (Caused by ProxyError('Unable to connect to proxy', OSError('Tunnel connection failed: 403 Forbidden')))",text/html,,,,,,,,,none,none,none,,302,identical,,REST,rest:sfw_publication,no,0,
https://new.soilfoodweb.com/publication/assessing-interactions-between-the-soil-foodweb-and-a-strain-of-pseudomonas-putida-genetically-engineered-to-degrade-24-d/,publication,200,https://new.soilfoodweb.com/publication/assessing-interactions-between-the-soil-foodweb-and-a-strain-of-pseudomonas-putida-genetically-engineered-to-degrade-24-d/,,,text/html,"Assessing interactions between the soil foodweb and a strain of Pseudomonas putida genetically engineered to degrade 2,4-D – Soil Food Web Foundation","Assessing interactions between the soil foodweb and a strain of Pseudomonas putida genetically engineered to degrade 2,4-D",1,"noindex, nofollow",https://new.soilfoodweb.com/publication/assessing-interactions-between-the-soil-foodweb-and-a-strain-of-pseudomonas-putida-genetically-engineered-to-degrade-24-d/,yes,45,"width=device-width, initial-scale=1, maximum-scale=1, user-scalable=0",menu-v1,ocm-v1,footer-v1,DYNAMIC,200,identical,,"REST,crawl",rest:sfw_publication,no,2,VIEWPORT-BLOCKS-ZOOM
https://new.soilfoodweb.com/publication/bacterial-fungal-and-protozoan-responses-to-chloroform-fumigation-in-stored-prairie-soil/,publication,302,https://scholar.google.com/citations?view_op=view_citation&hl=en&user=iOm3z4AAAAAJ&citation_for_view=iOm3z4AAAAAJ:hC7cP41nSMkC,302->https://scholar.google.com/citations?view_op=view_citation&hl=en&user=iOm3z4AAAAAJ&citation_for_view=iOm3z4AAAAAJ:hC7cP41nSMkC,"ProxyError: HTTPSConnectionPool(host='scholar.google.com', port=443): Max retries exceeded with url: /citations?view_op=view_citation&hl=en&user=iOm3z4AAAAAJ&citation_for_view=iOm3z4AAAAAJ:hC7cP41nSMkC (Caused by ProxyError('Unable to connect to proxy', OSError('Tunnel connection failed: 403 Forbidden')))",text/html,,,,,,,,,none,none,none,,302,identical,,REST,rest:sfw_publication,no,0,
https://new.soilfoodweb.com/publication/bio-potential-of-compost-tea-from-agro-waste-to-suppress-choanephora-cucurbitarum-l-the-causal-pathogen-of-wet-rot-of-okra/,publication,302,https://doi.org/10.1016/j.biocontrol.2008.11.008,302->https://doi.org/10.1016/j.biocontrol.2008.11.008,"ProxyError: HTTPSConnectionPool(host='doi.org', port=443): Max retries exceeded with url: /10.1016/j.biocontrol.2008.11.008 (Caused by ProxyError('Unable to connect to proxy', OSError('Tunnel connection failed: 403 Forbidden')))",text/html,,,,,,,,,none,none,none,,302,identical,,REST,rest:sfw_publication,no,0,
https://new.soilfoodweb.com/publication/biochemical-properties-of-compost-tea-associated-with-compost-quality-and-effects-on-pak-choi-growth/,publication,302,https://www.sciencedirect.com/science/article/pii/S0304423812004542,302->https://www.sciencedirect.com/science/article/pii/S0304423812004542,"ProxyError: HTTPSConnectionPool(host='www.sciencedirect.com', port=443): Max retries exceeded with url: /science/article/pii/S0304423812004542 (Caused by ProxyError('Unable to connect to proxy', OSError('Tunnel connection failed: 403 Forbidden')))",text/html,,,,,,,,,none,none,none,,302,identical,,REST,rest:sfw_publication,no,0,
https://new.soilfoodweb.com/publication/biocontrol-activity-and-induction-of-systemic-resistance-in-pepper-by-compost-water-extracts-against-phytophthora-capsici/,publication,302,https://doi.org/10.1094/PHYTO-100-8-0774,302->https://doi.org/10.1094/PHYTO-100-8-0774,"ProxyError: HTTPSConnectionPool(host='doi.org', port=443): Max retries exceeded with url: /10.1094/PHYTO-100-8-0774 (Caused by ProxyError('Unable to connect to proxy', OSError('Tunnel connection failed: 403 Forbidden')))",text/html,,,,,,,,,none,none,none,,302,identical,,REST,rest:sfw_publication,no,0,
https://new.soilfoodweb.com/publication/biocontrol-activity-of-endophytic-fungus-of-barley-microdochium-bolleyi-against-gaeumannomyces-graminis-var-tritici/,publication,302,https://doi.org/10.22043/mi.2019.118205,302->https://doi.org/10.22043/mi.2019.118205,"ProxyError: HTTPSConnectionPool(host='doi.org', port=443): Max retries exceeded with url: /10.22043/mi.2019.118205 (Caused by ProxyError('Unable to connect to proxy', OSError('Tunnel connection failed: 403 Forbidden')))",text/html,,,,,,,,,none,none,none,,302,identical,,REST,rest:sfw_publication,no,0,
https://new.soilfoodweb.com/publication/biological-nitrogen-fixation-for-sustainable-agriculture-a-perspective/,publication,302,https://doi.org/10.1007/BF00011307,302->https://doi.org/10.1007/BF00011307,"ProxyError: HTTPSConnectionPool(host='doi.org', port=443): Max retries exceeded with url: /10.1007/BF00011307 (Caused by ProxyError('Unable to connect to proxy', OSError('Tunnel connection failed: 403 Forbidden')))",text/html,,,,,,,,,none,none,none,,302,identical,,REST,rest:sfw_publication,no,0,
https://new.soilfoodweb.com/publication/bioremediation-potential-of-spirulina-toxicity-and-biosorption-studies-of-lead/,publication,302,https://doi.org/10.1631/jzus.2005.B0171,302->https://doi.org/10.1631/jzus.2005.B0171,"ProxyError: HTTPSConnectionPool(host='doi.org', port=443): Max retries exceeded with url: /10.1631/jzus.2005.B0171 (Caused by ProxyError('Unable to connect to proxy', OSError('Tunnel connection failed: 403 Forbidden')))",text/html,,,,,,,,,none,none,none,,302,identical,,REST,rest:sfw_publication,no,0,
https://new.soilfoodweb.com/publication/bioresponse-of-nontarget-organisms-resulting-from-the-use-of-chloropicrin-to-control-laminated-root-rot-in-a-northwest-conifer-forest/,publication,200,https://new.soilfoodweb.com/publication/bioresponse-of-nontarget-organisms-resulting-from-the-use-of-chloropicrin-to-control-laminated-root-rot-in-a-northwest-conifer-forest/,,,text/html,Bioresponse of nontarget organisms resulting from the use of chloropicrin to control laminated root rot in a northwest conifer forest – Soil Food Web Foundation,Bioresponse of nontarget organisms resulting from the use of chloropicrin to control laminated root rot in a northwest conifer forest,1,"noindex, nofollow",https://new.soilfoodweb.com/publication/bioresponse-of-nontarget-organisms-resulting-from-the-use-of-chloropicrin-to-control-laminated-root-rot-in-a-northwest-conifer-forest/,yes,47,"width=device-width, initial-scale=1, maximum-scale=1, user-scalable=0",menu-v1,ocm-v1,footer-v1,DYNAMIC,200,identical,,"REST,crawl",rest:sfw_publication,no,2,VIEWPORT-BLOCKS-ZOOM
https://new.soilfoodweb.com/publication/biosafety-regulation/,publication,200,https://new.soilfoodweb.com/publication/biosafety-regulation/,,,text/html,Biosafety regulation – Soil Food Web Foundation,Biosafety regulation,1,"noindex, nofollow",https://new.soilfoodweb.com/publication/biosafety-regulation/,yes,19,"width=device-width, initial-scale=1, maximum-scale=1, user-scalable=0",menu-v1,ocm-v1,footer-v1,DYNAMIC,200,identical,,"REST,crawl",rest:sfw_publication,no,2,VIEWPORT-BLOCKS-ZOOM
https://new.soilfoodweb.com/publication/biosafety-regulations-a-critique-of-existing-documents/,publication,200,https://new.soilfoodweb.com/publication/biosafety-regulations-a-critique-of-existing-documents/,,,text/html,Biosafety regulations: A critique of existing documents – Soil Food Web Foundation,Biosafety regulations: A critique of existing documents,1,"noindex, nofollow",https://new.soilfoodweb.com/publication/biosafety-regulations-a-critique-of-existing-documents/,yes,28,"width=device-width, initial-scale=1, maximum-scale=1, user-scalable=0",menu-v1,ocm-v1,footer-v1,DYNAMIC,200,identical,,"REST,crawl",rest:sfw_publication,no,2,VIEWPORT-BLOCKS-ZOOM
https://new.soilfoodweb.com/publication/brewing-compost-tea/,publication,200,https://new.soilfoodweb.com/publication/brewing-compost-tea/,,,text/html,Brewing compost tea – Soil Food Web Foundation,Brewing compost tea,1,"noindex, nofollow",https://new.soilfoodweb.com/publication/brewing-compost-tea/,yes,22,"width=device-width, initial-scale=1, maximum-scale=1, user-scalable=0",menu-v1,ocm-v1,footer-v1,DYNAMIC,200,identical,,"REST,crawl",rest:sfw_publication,no,2,VIEWPORT-BLOCKS-ZOOM
https://new.soilfoodweb.com/publication/carbon-nitrogen-phosphorus-and-sulfur-cycling-in-terrestrial-ecosystems/,publication,302,https://doi.org/10.1007/BF02180315,302->https://doi.org/10.1007/BF02180315,"ProxyError: HTTPSConnectionPool(host='doi.org', port=443): Max retries exceeded with url: /10.1007/BF02180315 (Caused by ProxyError('Unable to connect to proxy', OSError('Tunnel connection failed: 403 Forbidden')))",text/html,,,,,,,,,none,none,none,,302,identical,,REST,rest:sfw_publication,no,0,
https://new.soilfoodweb.com/publication/carbon-sequestration-the-climate-change-solution-that-virtually-all-climate-activists-ignore/,publication,200,https://new.soilfoodweb.com/publication/carbon-sequestration-the-climate-change-solution-that-virtually-all-climate-activists-ignore/,,,text/html,Carbon sequestration: The climate change solution that virtually all climate activists ignore – Soil Food Web Foundation,Carbon sequestration: The climate change solution that virtually all climate activists ignore,1,"noindex, nofollow",https://new.soilfoodweb.com/publication/carbon-sequestration-the-climate-change-solution-that-virtually-all-climate-activists-ignore/,yes,26,"width=device-width, initial-scale=1, maximum-scale=1, user-scalable=0",menu-v1,ocm-v1,footer-v1,DYNAMIC,200,identical,,"REST,crawl",rest:sfw_publication,no,2,VIEWPORT-BLOCKS-ZOOM
https://new.soilfoodweb.com/publication/case-study-comparison-of-milk-composition-from-adjacent-organic-and-conventional-farms-in-the-usa/,publication,302,https://doi.org/10.1111/1471-0307.12284,302->https://doi.org/10.1111/1471-0307.12284,"ProxyError: HTTPSConnectionPool(host='doi.org', port=443): Max retries exceeded with url: /10.1111/1471-0307.12284 (Caused by ProxyError('Unable to connect to proxy', OSError('Tunnel connection failed: 403 Forbidden')))",text/html,,,,,,,,,none,none,none,,302,identical,,REST,rest:sfw_publication,no,0,
https://new.soilfoodweb.com/publication/changes-in-rhizosphere-microflora-and-microfauna-10-years-following-douglas-fir-live-tree-injection-with-chloropicrin-or-methylisothiocyanate/,publication,302,https://doi.org/10.1139/x97-051,302->https://doi.org/10.1139/x97-051,"ProxyError: HTTPSConnectionPool(host='doi.org', port=443): Max retries exceeded with url: /10.1139/x97-051 (Caused by ProxyError('Unable to connect to proxy', OSError('Tunnel connection failed: 403 Forbidden')))",text/html,,,,,,,,,none,none,none,,302,identical,,REST,rest:sfw_publication,no,0,
https://new.soilfoodweb.com/publication/characters-of-compost-teas-from-different-sources-and-their-suppressive-effect-on-fungal-phytopathogens/,publication,302,https://doi.org/10.1007/s11274-013-1300-x,302->https://doi.org/10.1007/s11274-013-1300-x,"ProxyError: HTTPSConnectionPool(host='doi.org', port=443): Max retries exceeded with url: /10.1007/s11274-013-1300-x (Caused by ProxyError('Unable to connect to proxy', OSError('Tunnel connection failed: 403 Forbidden')))",text/html,,,,,,,,,none,none,none,,302,identical,,REST,rest:sfw_publication,no,0,
https://new.soilfoodweb.com/publication/chemistry-and-microbial-activity-of-forest-and-pasture-riparian-zone-soils-along-three-pacific-northwest-streams/,publication,302,https://doi.org/10.1023/A:1004211121095,302->https://doi.org/10.1023/A:1004211121095,"ProxyError: HTTPSConnectionPool(host='doi.org', port=443): Max retries exceeded with url: /10.1023/A:1004211121095 (Caused by ProxyError('Unable to connect to proxy', OSError('Tunnel connection failed: 403 Forbidden')))",text/html,,,,,,,,,none,none,none,,302,identical,,REST,rest:sfw_publication,no,0,
https://new.soilfoodweb.com/publication/chitin-signaling-in-plants-insights-into-the-perception-of-fungal-pathogens-and-rhizobacterial-symbionts/,publication,302,https://doi.org/10.1105/tpc.108.058784,302->https://doi.org/10.1105/tpc.108.058784,"ProxyError: HTTPSConnectionPool(host='doi.org', port=443): Max retries exceeded with url: /10.1105/tpc.108.058784 (Caused by ProxyError('Unable to connect to proxy', OSError('Tunnel connection failed: 403 Forbidden')))",text/html,,,,,,,,,none,none,none,,302,identical,,REST,rest:sfw_publication,no,0,
https://new.soilfoodweb.com/publication/comparison-of-direct-versus-fumigation-incubation-microbial-biomass-estimates-in-ectomycorrhizal-mat-and-non-mat-soils/,publication,302,https://scholar.google.com/citations?view_op=view_citation&hl=en&user=iOm3z4AAAAAJ&citation_for_view=iOm3z4AAAAAJ:iH-uZ7U-co4C,302->https://scholar.google.com/citations?view_op=view_citation&hl=en&user=iOm3z4AAAAAJ&citation_for_view=iOm3z4AAAAAJ:iH-uZ7U-co4C,"ProxyError: HTTPSConnectionPool(host='scholar.google.com', port=443): Max retries exceeded with url: /citations?view_op=view_citation&hl=en&user=iOm3z4AAAAAJ&citation_for_view=iOm3z4AAAAAJ:iH-uZ7U-co4C (Caused by ProxyError('Unable to connect to proxy', OSError('Tunnel connection failed: 403 Forbidden')))",text/html,,,,,,,,,none,none,none,,302,identical,,REST,rest:sfw_publication,no,0,
https://new.soilfoodweb.com/publication/comparison-of-seasonal-soil-microbial-process-in-snow-covered-temperate-ecosystems-of-northern-china/,publication,302,https://doi.org/10.1371/journal.pone.0092985,302->https://doi.org/10.1371/journal.pone.0092985,"ProxyError: HTTPSConnectionPool(host='doi.org', port=443): Max retries exceeded with url: /10.1371/journal.pone.0092985 (Caused by ProxyError('Unable to connect to proxy', OSError('Tunnel connection failed: 403 Forbidden')))",text/html,,,,,,,,,none,none,none,,302,identical,,REST,rest:sfw_publication,no,0,
https://new.soilfoodweb.com/publication/comparison-of-soil-biota-between-organic-and-conventional-agroecosystems-in-oregon-usa/,publication,200,https://new.soilfoodweb.com/publication/comparison-of-soil-biota-between-organic-and-conventional-agroecosystems-in-oregon-usa/,,,text/html,"Comparison of soil biota between organic and conventional agroecosystems in Oregon, USA – Soil Food Web Foundation","Comparison of soil biota between organic and conventional agroecosystems in Oregon, USA",1,"noindex, nofollow",https://new.soilfoodweb.com/publication/comparison-of-soil-biota-between-organic-and-conventional-agroecosystems-in-oregon-usa/,yes,27,"width=device-width, initial-scale=1, maximum-scale=1, user-scalable=0",menu-v1,ocm-v1,footer-v1,DYNAMIC,200,identical,,"REST,crawl",rest:sfw_publication,no,2,VIEWPORT-BLOCKS-ZOOM
https://new.soilfoodweb.com/publication/compost-and-compost-tea-principles-and-prospects-as-substrates-and-soil-borne-disease-management-strategies-in-soil-less-vegetable-production/,publication,200,https://new.soilfoodweb.com/publication/compost-and-compost-tea-principles-and-prospects-as-substrates-and-soil-borne-disease-management-strategies-in-soil-less-vegetable-production/,,,text/html,Compost and compost tea: Principles and prospects as substrates and soil-borne disease management strategies in soil-less vegetable production – Soil Food Web Foundation,Compost and compost tea: Principles and prospects as substrates and soil-borne disease management strategies in soil-less vegetable production,1,"noindex, nofollow",https://new.soilfoodweb.com/publication/compost-and-compost-tea-principles-and-prospects-as-substrates-and-soil-borne-disease-management-strategies-in-soil-less-vegetable-production/,yes,43,"width=device-width, initial-scale=1, maximum-scale=1, user-scalable=0",menu-v1,ocm-v1,footer-v1,DYNAMIC,200,identical,,"REST,crawl",rest:sfw_publication,no,2,VIEWPORT-BLOCKS-ZOOM
https://new.soilfoodweb.com/publication/compost-and-compost-water-extract-induced-systemic-acquired-resistance-in-cucumber-and-arabidopsis/,publication,302,https://doi.org/10.1094/PHYTO.1998.88.5.450,302->https://doi.org/10.1094/PHYTO.1998.88.5.450,"ProxyError: HTTPSConnectionPool(host='doi.org', port=443): Max retries exceeded with url: /10.1094/PHYTO.1998.88.5.450 (Caused by ProxyError('Unable to connect to proxy', OSError('Tunnel connection failed: 403 Forbidden')))",text/html,,,,,,,,,none,none,none,,302,identical,,REST,rest:sfw_publication,no,0,
https://new.soilfoodweb.com/publication/compost-could-be-worth-double-or-triple-of-current-price-only-if/,publication,200,https://new.soilfoodweb.com/publication/compost-could-be-worth-double-or-triple-of-current-price-only-if/,,,text/html,Compost could be worth double or triple of current price only if… – Soil Food Web Foundation,Compost could be worth double or triple of current price only if…,1,"noindex, nofollow",https://new.soilfoodweb.com/publication/compost-could-be-worth-double-or-triple-of-current-price-only-if/,yes,25,"width=device-width, initial-scale=1, maximum-scale=1, user-scalable=0",menu-v1,ocm-v1,footer-v1,DYNAMIC,200,identical,,"REST,crawl",rest:sfw_publication,no,2,VIEWPORT-BLOCKS-ZOOM
https://new.soilfoodweb.com/publication/compost-tea-as-a-container-medium-drench-for-suppressing-seedling-damping-off-caused-by-pythium-ultimum/,publication,302,https://doi.org/10.1094/PHYTO.2004.94.11.1156,302->https://doi.org/10.1094/PHYTO.2004.94.11.1156,"ProxyError: HTTPSConnectionPool(host='doi.org', port=443): Max retries exceeded with url: /10.1094/PHYTO.2004.94.11.1156 (Caused by ProxyError('Unable to connect to proxy', OSError('Tunnel connection failed: 403 Forbidden')))",text/html,,,,,,,,,none,none,none,,302,identical,,REST,rest:sfw_publication,no,0,
https://new.soilfoodweb.com/publication/compost-tea-part-i-ii/,publication,200,https://new.soilfoodweb.com/publication/compost-tea-part-i-ii/,,,text/html,"Compost tea, Part I & II – Soil Food Web Foundation","Compost tea, Part I & II",1,"noindex, nofollow",https://new.soilfoodweb.com/publication/compost-tea-part-i-ii/,yes,24,"width=device-width, initial-scale=1, maximum-scale=1, user-scalable=0",menu-v1,ocm-v1,footer-v1,DYNAMIC,200,identical,,"REST,crawl",rest:sfw_publication,no,2,VIEWPORT-BLOCKS-ZOOM
https://new.soilfoodweb.com/publication/control-of-powdery-mildew-erysiphe-polygoni-in-tomato-by-foliar-applications-of-compost-tea/,publication,200,https://new.soilfoodweb.com/publication/control-of-powdery-mildew-erysiphe-polygoni-in-tomato-by-foliar-applications-of-compost-tea/,,,text/html,Control of powdery mildew (Erysiphe polygoni) in tomato by foliar applications of compost tea – Soil Food Web Foundation,Control of powdery mildew (Erysiphe polygoni) in tomato by foliar applications of compost tea,1,"noindex, nofollow",https://new.soilfoodweb.com/publication/control-of-powdery-mildew-erysiphe-polygoni-in-tomato-by-foliar-applications-of-compost-tea/,yes,44,"width=device-width, initial-scale=1, maximum-scale=1, user-scalable=0",menu-v1,ocm-v1,footer-v1,DYNAMIC,200,identical,,"REST,crawl",rest:sfw_publication,no,2,VIEWPORT-BLOCKS-ZOOM
https://new.soilfoodweb.com/publication/conventional-and-organic-alternatives-to-methyl-bromide-on-california-strawberries-effect-of-brassica-residues-and-spent-mushroom-compost-following-successive-chemical-fumigation/,publication,302,https://doi.org/10.1080/1065657X.1997.10701871,302->https://doi.org/10.1080/1065657X.1997.10701871,"ProxyError: HTTPSConnectionPool(host='doi.org', port=443): Max retries exceeded with url: /10.1080/1065657X.1997.10701871 (Caused by ProxyError('Unable to connect to proxy', OSError('Tunnel connection failed: 403 Forbidden')))",text/html,,,,,,,,,none,none,none,,302,identical,,REST,rest:sfw_publication,no,0,
https://new.soilfoodweb.com/publication/decomposition-of-fallen-trees-effects-of-initial-conditions-and-heterotroph-colonization-rates/,publication,302,https://andrewsforest.oregonstate.edu/sites/default/files/lter/pubs/pdf/pub1122.pdf,302->https://andrewsforest.oregonstate.edu/sites/default/files/lter/pubs/pdf/pub1122.pdf,"ProxyError: HTTPSConnectionPool(host='andrewsforest.oregonstate.edu', port=443): Max retries exceeded with url: /sites/default/files/lter/pubs/pdf/pub1122.pdf (Caused by ProxyError('Unable to connect to proxy', OSError('Tunnel connection failed: 403 Forbidden')))",text/html,,,,,,,,,none,none,none,,302,identical,,REST,rest:sfw_publication,no,0,
https://new.soilfoodweb.com/publication/differences-in-milk-characteristics-between-a-cow-herd-transitioning-to-organic-versus-milk-from-a-conventional-dairy-herd/,publication,302,https://doi.org/10.1111/1471-0307.12255,302->https://doi.org/10.1111/1471-0307.12255,"ProxyError: HTTPSConnectionPool(host='doi.org', port=443): Max retries exceeded with url: /10.1111/1471-0307.12255 (Caused by ProxyError('Unable to connect to proxy', OSError('Tunnel connection failed: 403 Forbidden')))",text/html,,,,,,,,,none,none,none,,302,identical,,REST,rest:sfw_publication,no,0,
https://new.soilfoodweb.com/publication/dynamics-of-soil-fungal-and-bacterial-biomass-in-a-temperate-climate-alley-cropping-system/,publication,302,https://doi.org/10.1016/S0929-1393(98)00163-2,302->https://doi.org/10.1016/S0929-1393(98)00163-2,"ProxyError: HTTPSConnectionPool(host='doi.org', port=443): Max retries exceeded with url: /10.1016/S0929-1393(98)00163-2 (Caused by ProxyError('Unable to connect to proxy', OSError('Tunnel connection failed: 403 Forbidden')))",text/html,,,,,,,,,none,none,none,,302,identical,,REST,rest:sfw_publication,no,0,
https://new.soilfoodweb.com/publication/early-patterns-of-heterotroph-activity-in-conifer-logs/,publication,302,https://www.cambridge.org/core/journals/proceedings-of-the-royal-society-of-edinburgh-section-b-biological-sciences/article/abs/early-patterns-of-heterotroph-activity-in-conifer-logs/6261E9D64E9229199D30E72B33CC7154,302->https://www.cambridge.org/core/journals/proceedings-of-the-royal-society-of-edinburgh-section-b-biological-sciences/article/abs/early-patterns-of-heterotroph-activity-in-conifer-logs/6261E9D64E9229199D30E72B33CC7154,"ProxyError: HTTPSConnectionPool(host='www.cambridge.org', port=443): Max retries exceeded with url: /core/journals/proceedings-of-the-royal-society-of-edinburgh-section-b-biological-sciences/article/abs/early-patterns-of-heterotroph-activity-in-conifer-logs/6261E9D64E9229199D30E72B33CC7154 (Caused by ProxyError('Unable to connect to proxy', OSError('Tunnel connection failed: 403 Forbidden')))",text/html,,,,,,,,,none,none,none,,302,identical,,REST,rest:sfw_publication,no,0,
https://new.soilfoodweb.com/publication/ectomycorrhizae-establishment-on-douglas-fir-seedlings-following-chloropicrin-treatment-to-control-laminated-root-rot-disease-assessment-4-and-5-years-after-outplanting/,publication,302,https://www.sciencedirect.com/science/article/pii/S092913939800033X,302->https://www.sciencedirect.com/science/article/pii/S092913939800033X,"ProxyError: HTTPSConnectionPool(host='www.sciencedirect.com', port=443): Max retries exceeded with url: /science/article/pii/S092913939800033X (Caused by ProxyError('Unable to connect to proxy', OSError('Tunnel connection failed: 403 Forbidden')))",text/html,,,,,,,,,none,none,none,,302,identical,,REST,rest:sfw_publication,no,0,
https://new.soilfoodweb.com/publication/effect-of-bacterial-isolates-obtained-from-animal-manure-compost-extracts-on-the-development-of-fusarium-oxysporum-f-sp-radicis-lycopersici/,publication,302,https://doi.org/10.3923/ajppaj.2008.15.23,302->https://doi.org/10.3923/ajppaj.2008.15.23,"ProxyError: HTTPSConnectionPool(host='doi.org', port=443): Max retries exceeded with url: /10.3923/ajppaj.2008.15.23 (Caused by ProxyError('Unable to connect to proxy', OSError('Tunnel connection failed: 403 Forbidden')))",text/html,,,,,,,,,none,none,none,,302,identical,,REST,rest:sfw_publication,no,0,
https://new.soilfoodweb.com/publication/effect-of-cover-crops-and-tillage-system-on-symphylan-symphyla-scutigerella-immaculata-newport-and-pergamasus-quisquiliarum-canestrini-acari-mesostigmata-populations/,publication,302,https://doi.org/10.1016/S0929-1393(02)00039-2,302->https://doi.org/10.1016/S0929-1393(02)00039-2,"ProxyError: HTTPSConnectionPool(host='doi.org', port=443): Max retries exceeded with url: /10.1016/S0929-1393(02)00039-2 (Caused by ProxyError('Unable to connect to proxy', OSError('Tunnel connection failed: 403 Forbidden')))",text/html,,,,,,,,,none,none,none,,302,identical,,REST,rest:sfw_publication,no,0,
https://new.soilfoodweb.com/publication/effects-and-relationships-of-compost-type-aeration-and-brewing-time-on-compost-tea-properties-efficacy-against-pythium-ultimum-phytotoxicity-and-potential-as-a-nutrient-amendment-for-seedling-produ/,publication,302,https://doi.org/10.1080/01448765.2012.727667,302->https://doi.org/10.1080/01448765.2012.727667,"ProxyError: HTTPSConnectionPool(host='doi.org', port=443): Max retries exceeded with url: /10.1080/01448765.2012.727667 (Caused by ProxyError('Unable to connect to proxy', OSError('Tunnel connection failed: 403 Forbidden')))",text/html,,,,,,,,,none,none,none,,302,identical,,REST,rest:sfw_publication,no,0,
https://new.soilfoodweb.com/publication/effects-of-compost-amended-container-media-on-ornamental-plant-growth/,publication,200,https://new.soilfoodweb.com/publication/effects-of-compost-amended-container-media-on-ornamental-plant-growth/,,,text/html,Effects of compost amended container media on ornamental plant growth – Soil Food Web Foundation,Effects of compost amended container media on ornamental plant growth,1,"noindex, nofollow",https://new.soilfoodweb.com/publication/effects-of-compost-amended-container-media-on-ornamental-plant-growth/,yes,35,"width=device-width, initial-scale=1, maximum-scale=1, user-scalable=0",menu-v1,ocm-v1,footer-v1,DYNAMIC,200,identical,,"REST,crawl",rest:sfw_publication,no,2,VIEWPORT-BLOCKS-ZOOM
https://new.soilfoodweb.com/publication/effects-of-klebsiella-planticola-sdf20-on-soil-biota-and-wheat-growth-in-sandy-soil/,publication,302,https://doi.org/10.1016/S0929-1393(98)00129-2,302->https://doi.org/10.1016/S0929-1393(98)00129-2,"ProxyError: HTTPSConnectionPool(host='doi.org', port=443): Max retries exceeded with url: /10.1016/S0929-1393(98)00129-2 (Caused by ProxyError('Unable to connect to proxy', OSError('Tunnel connection failed: 403 Forbidden')))",text/html,,,,,,,,,none,none,none,,302,identical,,REST,rest:sfw_publication,no,0,
https://new.soilfoodweb.com/publication/effects-of-streptomycin-cycloheximide-fungizone-captan-carbofuran-cygon-and-pcnb-on-soil-microbe-populations-and-nutrient-cycling/,publication,302,https://scholar.google.com/citations?view_op=view_citation&hl=en&user=iOm3z4AAAAAJ&citation_for_view=iOm3z4AAAAAJ:aqlVkmm33-oC,302->https://scholar.google.com/citations?view_op=view_citation&hl=en&user=iOm3z4AAAAAJ&citation_for_view=iOm3z4AAAAAJ:aqlVkmm33-oC,"ProxyError: HTTPSConnectionPool(host='scholar.google.com', port=443): Max retries exceeded with url: /citations?view_op=view_citation&hl=en&user=iOm3z4AAAAAJ&citation_for_view=iOm3z4AAAAAJ:aqlVkmm33-oC (Caused by ProxyError('Unable to connect to proxy', OSError('Tunnel connection failed: 403 Forbidden')))",text/html,,,,,,,,,none,none,none,,302,identical,,REST,rest:sfw_publication,no,0,
https://new.soilfoodweb.com/publication/evaluation-of-terrestrial-indicators-for-use-in-ecological-assessments-at-hazardous-waste-sites/,publication,200,https://new.soilfoodweb.com/publication/evaluation-of-terrestrial-indicators-for-use-in-ecological-assessments-at-hazardous-waste-sites/,,,text/html,Evaluation of terrestrial indicators for use in ecological assessments at hazardous waste sites – Soil Food Web Foundation,Evaluation of terrestrial indicators for use in ecological assessments at hazardous waste sites,1,"noindex, nofollow",https://new.soilfoodweb.com/publication/evaluation-of-terrestrial-indicators-for-use-in-ecological-assessments-at-hazardous-waste-sites/,yes,35,"width=device-width, initial-scale=1, maximum-scale=1, user-scalable=0",menu-v1,ocm-v1,footer-v1,DYNAMIC,200,identical,,"REST,crawl",rest:sfw_publication,no,2,VIEWPORT-BLOCKS-ZOOM
https://new.soilfoodweb.com/publication/evidence-for-nitrogen-fixation-in-the-salicaceae-family/,publication,200,https://new.soilfoodweb.com/publication/evidence-for-nitrogen-fixation-in-the-salicaceae-family/,,,text/html,Evidence for nitrogen-fixation in the Salicaceae family – Soil Food Web Foundation,Evidence for nitrogen-fixation in the Salicaceae family,1,"noindex, nofollow",https://new.soilfoodweb.com/publication/evidence-for-nitrogen-fixation-in-the-salicaceae-family/,yes,27,"width=device-width, initial-scale=1, maximum-scale=1, user-scalable=0",menu-v1,ocm-v1,footer-v1,DYNAMIC,200,identical,,"REST,crawl",rest:sfw_publication,no,2,VIEWPORT-BLOCKS-ZOOM
https://new.soilfoodweb.com/publication/filter-out-grazers-fog-a-filtration-experiment-for-separating-protozoan-grazers-in-soil/,publication,302,https://doi.org/10.1007/BF00255133,302->https://doi.org/10.1007/BF00255133,"ProxyError: HTTPSConnectionPool(host='doi.org', port=443): Max retries exceeded with url: /10.1007/BF00255133 (Caused by ProxyError('Unable to connect to proxy', OSError('Tunnel connection failed: 403 Forbidden')))",text/html,,,,,,,,,none,none,none,,302,identical,,REST,rest:sfw_publication,no,0,
https://new.soilfoodweb.com/publication/foliar-spraying-of-vermicompost-extracts-effects-on-fruit-quality-and-indications-of-late-blight-suppression-of-field-grown-tomatoes/,publication,302,https://orgprints.org/id/eprint/10450/,302->https://orgprints.org/id/eprint/10450/,"ProxyError: HTTPSConnectionPool(host='orgprints.org', port=443): Max retries exceeded with url: /id/eprint/10450/ (Caused by ProxyError('Unable to connect to proxy', OSError('Tunnel connection failed: 403 Forbidden')))",text/html,,,,,,,,,none,none,none,,302,identical,,REST,rest:sfw_publication,no,0,
https://new.soilfoodweb.com/publication/foodweb-methodology-to-assess-ecological-effects-of-anthropogenic-stressors-in-soil/,publication,200,https://new.soilfoodweb.com/publication/foodweb-methodology-to-assess-ecological-effects-of-anthropogenic-stressors-in-soil/,,,text/html,Foodweb methodology to assess ecological effects of anthropogenic stressors in soil – Soil Food Web Foundation,Foodweb methodology to assess ecological effects of anthropogenic stressors in soil,1,"noindex, nofollow",https://new.soilfoodweb.com/publication/foodweb-methodology-to-assess-ecological-effects-of-anthropogenic-stressors-in-soil/,yes,38,"width=device-width, initial-scale=1, maximum-scale=1, user-scalable=0",menu-v1,ocm-v1,footer-v1,DYNAMIC,200,identical,,"REST,crawl",rest:sfw_publication,no,2,VIEWPORT-BLOCKS-ZOOM
https://new.soilfoodweb.com/publication/foundations-of-bio-diversity-in-managed-douglas-fir-forests/,publication,200,https://new.soilfoodweb.com/publication/foundations-of-bio-diversity-in-managed-douglas-fir-forests/,,,text/html,Foundations of bio-diversity in managed Douglas-fir forests – Soil Food Web Foundation,Foundations of bio-diversity in managed Douglas-fir forests,1,"noindex, nofollow",https://new.soilfoodweb.com/publication/foundations-of-bio-diversity-in-managed-douglas-fir-forests/,yes,68,"width=device-width, initial-scale=1, maximum-scale=1, user-scalable=0",menu-v1,ocm-v1,footer-v1,DYNAMIC,200,identical,,"REST,crawl",rest:sfw_publication,no,2,VIEWPORT-BLOCKS-ZOOM
https://new.soilfoodweb.com/publication/fungal-bacterial-diversity-and-microbiome-complexity-predict-ecosystem-functioning/,publication,302,https://doi.org/10.1038/s41467-019-12798-y,302->https://doi.org/10.1038/s41467-019-12798-y,"ProxyError: HTTPSConnectionPool(host='doi.org', port=443): Max retries exceeded with url: /10.1038/s41467-019-12798-y (Caused by ProxyError('Unable to connect to proxy', OSError('Tunnel connection failed: 403 Forbidden')))",text/html,,,,,,,,,none,none,none,,302,identical,,REST,rest:sfw_publication,no,0,
https://new.soilfoodweb.com/publication/heavy-metals-bioremediation-of-soil/,publication,302,https://doi.org/10.1385/MB:12:2:149,302->https://doi.org/10.1385/MB:12:2:149,"ProxyError: HTTPSConnectionPool(host='doi.org', port=443): Max retries exceeded with url: /10.1385/MB:12:2:149 (Caused by ProxyError('Unable to connect to proxy', OSError('Tunnel connection failed: 403 Forbidden')))",text/html,,,,,,,,,none,none,none,,302,identical,,REST,rest:sfw_publication,no,0,
https://new.soilfoodweb.com/publication/humic-like-substances-from-different-compost-extracts-could-significantly-promote-cucumber-growth/,publication,302,https://doi.org/10.1016/S1002-0160(12)60067-8,302->https://doi.org/10.1016/S1002-0160(12)60067-8,"ProxyError: HTTPSConnectionPool(host='doi.org', port=443): Max retries exceeded with url: /10.1016/S1002-0160(12)60067-8 (Caused by ProxyError('Unable to connect to proxy', OSError('Tunnel connection failed: 403 Forbidden')))",text/html,,,,,,,,,none,none,none,,302,identical,,REST,rest:sfw_publication,no,0,
https://new.soilfoodweb.com/publication/in-situ-and-in-vitro-suppressive-effect-of-agricultural-composts-and-their-water-extracts-on-some-phytopathogenic-fungi/,publication,302,https://doi.org/10.1023/A:1016302729218,302->https://doi.org/10.1023/A:1016302729218,"ProxyError: HTTPSConnectionPool(host='doi.org', port=443): Max retries exceeded with url: /10.1023/A:1016302729218 (Caused by ProxyError('Unable to connect to proxy', OSError('Tunnel connection failed: 403 Forbidden')))",text/html,,,,,,,,,none,none,none,,302,identical,,REST,rest:sfw_publication,no,0,
https://new.soilfoodweb.com/publication/in-vitro-and-in-vivo-evaluation-of-individually-compost-fungi-for-potato-fusarium-dry-rot-biocontrol/,publication,302,https://doi.org/10.3923/jbs.2006.572.580,302->https://doi.org/10.3923/jbs.2006.572.580,"ProxyError: HTTPSConnectionPool(host='doi.org', port=443): Max retries exceeded with url: /10.3923/jbs.2006.572.580 (Caused by ProxyError('Unable to connect to proxy', OSError('Tunnel connection failed: 403 Forbidden')))",text/html,,,,,,,,,none,none,none,,302,identical,,REST,rest:sfw_publication,no,0,
https://new.soilfoodweb.com/publication/in-vitro-and-in-vivo-evaluation-of-microbial-enriched-compost-tea-on-the-development-of-powdery-mildew-on-melon/,publication,302,https://doi.org/10.1007/s10526-012-9454-2,302->https://doi.org/10.1007/s10526-012-9454-2,"ProxyError: HTTPSConnectionPool(host='doi.org', port=443): Max retries exceeded with url: /10.1007/s10526-012-9454-2 (Caused by ProxyError('Unable to connect to proxy', OSError('Tunnel connection failed: 403 Forbidden')))",text/html,,,,,,,,,none,none,none,,302,identical,,REST,rest:sfw_publication,no,0,
https://new.soilfoodweb.com/publication/in-vitro-studies-on-control-of-soil-borne-plant-pathogens-by-earthworm-eudrilus-eugeniae-exudates/,publication,200,https://new.soilfoodweb.com/publication/in-vitro-studies-on-control-of-soil-borne-plant-pathogens-by-earthworm-eudrilus-eugeniae-exudates/,,,text/html,In vitro studies on control of soil-borne plant pathogens by earthworm Eudrilus eugeniae exudates – Soil Food Web Foundation,In vitro studies on control of soil-borne plant pathogens by earthworm Eudrilus eugeniae exudates,1,"noindex, nofollow",https://new.soilfoodweb.com/publication/in-vitro-studies-on-control-of-soil-borne-plant-pathogens-by-earthworm-eudrilus-eugeniae-exudates/,yes,36,"width=device-width, initial-scale=1, maximum-scale=1, user-scalable=0",menu-v1,ocm-v1,footer-v1,DYNAMIC,200,identical,,"REST,crawl",rest:sfw_publication,no,2,PLACEHOLDER:citation not verified; VIEWPORT-BLOCKS-ZOOM
https://new.soilfoodweb.com/publication/influence-of-the-nitrogen-form-on-in-vitro-organogenesis-in-equisetum-arvense/,publication,200,https://new.soilfoodweb.com/publication/influence-of-the-nitrogen-form-on-in-vitro-organogenesis-in-equisetum-arvense/,,,text/html,Influence of the nitrogen form on in vitro organogenesis in Equisetum arvense – Soil Food Web Foundation,Influence of the nitrogen form on in vitro organogenesis in Equisetum arvense,1,"noindex, nofollow",https://new.soilfoodweb.com/publication/influence-of-the-nitrogen-form-on-in-vitro-organogenesis-in-equisetum-arvense/,yes,35,"width=device-width, initial-scale=1, maximum-scale=1, user-scalable=0",menu-v1,ocm-v1,footer-v1,DYNAMIC,200,identical,,"REST,crawl",rest:sfw_publication,no,2,VIEWPORT-BLOCKS-ZOOM
https://new.soilfoodweb.com/publication/inter-and-intraspecific-feeding-selectivity-of-folsomia-candida-willem-collembola-isotomidae-on-fungi-method-development-and-ecological-consequences/,publication,302,https://scholar.google.com/citations?view_op=view_citation&hl=en&user=iOm3z4AAAAAJ&citation_for_view=iOm3z4AAAAAJ:D03iK_w7-QYC,302->https://scholar.google.com/citations?view_op=view_citation&hl=en&user=iOm3z4AAAAAJ&citation_for_view=iOm3z4AAAAAJ:D03iK_w7-QYC,"ProxyError: HTTPSConnectionPool(host='scholar.google.com', port=443): Max retries exceeded with url: /citations?view_op=view_citation&hl=en&user=iOm3z4AAAAAJ&citation_for_view=iOm3z4AAAAAJ:D03iK_w7-QYC (Caused by ProxyError('Unable to connect to proxy', OSError('Tunnel connection failed: 403 Forbidden')))",text/html,,,,,,,,,none,none,none,,302,identical,,REST,rest:sfw_publication,no,0,
https://new.soilfoodweb.com/publication/interactions-among-mycorrhizal-fungi-rhizosphere-organisms-and-plants/,publication,302,https://andrewsforest.oregonstate.edu/publications/967,302->https://andrewsforest.oregonstate.edu/publications/967,"ProxyError: HTTPSConnectionPool(host='andrewsforest.oregonstate.edu', port=443): Max retries exceeded with url: /publications/967 (Caused by ProxyError('Unable to connect to proxy', OSError('Tunnel connection failed: 403 Forbidden')))",text/html,,,,,,,,,none,none,none,,302,identical,,REST,rest:sfw_publication,no,0,
https://new.soilfoodweb.com/publication/interactions-between-soil-animals-and-ectomycorrhizal-fungal-mats/,publication,302,https://doi.org/10.1016/0167-8809(88)90063-1,302->https://doi.org/10.1016/0167-8809(88)90063-1,"ProxyError: HTTPSConnectionPool(host='doi.org', port=443): Max retries exceeded with url: /10.1016/0167-8809(88)90063-1 (Caused by ProxyError('Unable to connect to proxy', OSError('Tunnel connection failed: 403 Forbidden')))",text/html,,,,,,,,,none,none,none,,302,identical,,REST,rest:sfw_publication,no,0,
https://new.soilfoodweb.com/publication/interactions-of-bacteria-fungi-and-their-nematode-grazers-effects-on-nutrient-cycling-and-plant-growth/,publication,302,https://scholar.google.com/citations?view_op=view_citation&hl=en&user=iOm3z4AAAAAJ&citation_for_view=iOm3z4AAAAAJ:RYcK_YlVTxYC,302->https://scholar.google.com/citations?view_op=view_citation&hl=en&user=iOm3z4AAAAAJ&citation_for_view=iOm3z4AAAAAJ:RYcK_YlVTxYC,"ProxyError: HTTPSConnectionPool(host='scholar.google.com', port=443): Max retries exceeded with url: /citations?view_op=view_citation&hl=en&user=iOm3z4AAAAAJ&citation_for_view=iOm3z4AAAAAJ:RYcK_YlVTxYC (Caused by ProxyError('Unable to connect to proxy', OSError('Tunnel connection failed: 403 Forbidden')))",text/html,,,,,,,,,none,none,none,,302,identical,,REST,rest:sfw_publication,no,0,
https://new.soilfoodweb.com/publication/litter-decomposition-under-snow-cover-in-a-balsam-fir-forest/,publication,302,https://doi.org/10.1139/b90-016,302->https://doi.org/10.1139/b90-016,"ProxyError: HTTPSConnectionPool(host='doi.org', port=443): Max retries exceeded with url: /10.1139/b90-016 (Caused by ProxyError('Unable to connect to proxy', OSError('Tunnel connection failed: 403 Forbidden')))",text/html,,,,,,,,,none,none,none,,302,identical,,REST,rest:sfw_publication,no,0,
https://new.soilfoodweb.com/publication/manipulation-of-bacteria-fungi-and-protozoa-by-biocides-in-lodgepole-pine-forest-soil-microcosms-effects-on-organism-interactions-and-nitrogen-mineralization/,publication,302,https://doi.org/10.4141/cjss86-028,302->https://doi.org/10.4141/cjss86-028,"ProxyError: HTTPSConnectionPool(host='doi.org', port=443): Max retries exceeded with url: /10.4141/cjss86-028 (Caused by ProxyError('Unable to connect to proxy', OSError('Tunnel connection failed: 403 Forbidden')))",text/html,,,,,,,,,none,none,none,,302,identical,,REST,rest:sfw_publication,no,0,
https://new.soilfoodweb.com/publication/microbial-characteristics-of-ectomycorrhizal-mat-communities-in-oregon-and-california/,publication,302,https://doi.org/10.1007/BF00335767,302->https://doi.org/10.1007/BF00335767,"ProxyError: HTTPSConnectionPool(host='doi.org', port=443): Max retries exceeded with url: /10.1007/BF00335767 (Caused by ProxyError('Unable to connect to proxy', OSError('Tunnel connection failed: 403 Forbidden')))",text/html,,,,,,,,,none,none,none,,302,identical,,REST,rest:sfw_publication,no,0,
https://new.soilfoodweb.com/publication/microbial-growth-under-the-snow-implications-for-nutrient-and-allelochemical-availability-in-temperate-soils/,publication,200,https://new.soilfoodweb.com/publication/microbial-growth-under-the-snow-implications-for-nutrient-and-allelochemical-availability-in-temperate-soils/,,,text/html,Microbial growth under the snow: Implications for nutrient and allelochemical availability in temperate soils – Soil Food Web Foundation,Microbial growth under the snow: Implications for nutrient and allelochemical availability in temperate soils,1,"noindex, nofollow",https://new.soilfoodweb.com/publication/microbial-growth-under-the-snow-implications-for-nutrient-and-allelochemical-availability-in-temperate-soils/,yes,37,"width=device-width, initial-scale=1, maximum-scale=1, user-scalable=0",menu-v1,ocm-v1,footer-v1,DYNAMIC,200,identical,,"REST,crawl",rest:sfw_publication,no,2,VIEWPORT-BLOCKS-ZOOM
https://new.soilfoodweb.com/publication/microbiological-community-analysis-of-vermicompost-tea-and-its-influence-on-the-growth-of-vegetables-and-cereals/,publication,302,https://doi.org/10.1139/w2012-061,302->https://doi.org/10.1139/w2012-061,"ProxyError: HTTPSConnectionPool(host='doi.org', port=443): Max retries exceeded with url: /10.1139/w2012-061 (Caused by ProxyError('Unable to connect to proxy', OSError('Tunnel connection failed: 403 Forbidden')))",text/html,,,,,,,,,none,none,none,,302,identical,,REST,rest:sfw_publication,no,0,
https://new.soilfoodweb.com/publication/microflora-and-microfauna-on-stems-and-trunks-diversity-food-webs-and-effects-on-plants/,publication,302,https://doi.org/10.1016/B978-012276460-8/50013-8,302->https://doi.org/10.1016/B978-012276460-8/50013-8,"ProxyError: HTTPSConnectionPool(host='doi.org', port=443): Max retries exceeded with url: /10.1016/B978-012276460-8/50013-8 (Caused by ProxyError('Unable to connect to proxy', OSError('Tunnel connection failed: 403 Forbidden')))",text/html,,,,,,,,,none,none,none,,302,identical,,REST,rest:sfw_publication,no,0,
https://new.soilfoodweb.com/publication/micronized-compost-and-microbial-life-in-compost/,publication,200,https://new.soilfoodweb.com/publication/micronized-compost-and-microbial-life-in-compost/,,,text/html,Micronized compost and microbial life in compost – Soil Food Web Foundation,Micronized compost and microbial life in compost,1,"noindex, nofollow",https://new.soilfoodweb.com/publication/micronized-compost-and-microbial-life-in-compost/,yes,23,"width=device-width, initial-scale=1, maximum-scale=1, user-scalable=0",menu-v1,ocm-v1,footer-v1,DYNAMIC,200,identical,,"REST,crawl",rest:sfw_publication,no,2,VIEWPORT-BLOCKS-ZOOM
https://new.soilfoodweb.com/publication/nitrogen-limitation-of-decomposition-and-primary-production-in-short-grass-mountain-meadow-and-lodgepole-pine-forest/,publication,302,https://doi.org/10.2307/1941256,302->https://doi.org/10.2307/1941256,"ProxyError: HTTPSConnectionPool(host='doi.org', port=443): Max retries exceeded with url: /10.2307/1941256 (Caused by ProxyError('Unable to connect to proxy', OSError('Tunnel connection failed: 403 Forbidden')))",text/html,,,,,,,,,none,none,none,,302,identical,,REST,rest:sfw_publication,no,0,
https://new.soilfoodweb.com/publication/non-growing-season-soil-co2-efflux-and-its-changes-in-an-alpine-meadow-ecosystem-of-the-qilian-mountains-northwest-china/,publication,302,https://doi.org/10.1007/s40333-013-0179-6,302->https://doi.org/10.1007/s40333-013-0179-6,"ProxyError: HTTPSConnectionPool(host='doi.org', port=443): Max retries exceeded with url: /10.1007/s40333-013-0179-6 (Caused by ProxyError('Unable to connect to proxy', OSError('Tunnel connection failed: 403 Forbidden')))",text/html,,,,,,,,,none,none,none,,302,identical,,REST,rest:sfw_publication,no,0,
https://new.soilfoodweb.com/publication/overview-of-engineering-problems-of-soil-compaction-and-their-effects-on-growth-and-yields-of-crops/,publication,200,https://new.soilfoodweb.com/publication/overview-of-engineering-problems-of-soil-compaction-and-their-effects-on-growth-and-yields-of-crops/,,,text/html,Overview of engineering problems of soil compaction and their effects on growth and yields of crops – Soil Food Web Foundation,Overview of engineering problems of soil compaction and their effects on growth and yields of crops,1,"noindex, nofollow",https://new.soilfoodweb.com/publication/overview-of-engineering-problems-of-soil-compaction-and-their-effects-on-growth-and-yields-of-crops/,yes,37,"width=device-width, initial-scale=1, maximum-scale=1, user-scalable=0",menu-v1,ocm-v1,footer-v1,DYNAMIC,200,identical,,"REST,crawl",rest:sfw_publication,no,2,VIEWPORT-BLOCKS-ZOOM
https://new.soilfoodweb.com/publication/phosphatase-activity-of-penicillium-citrinum-submerged-batch-cultures-and-its-relationship-to-fungal-activity/,publication,302,https://doi.org/10.1007/BF02206894,302->https://doi.org/10.1007/BF02206894,"ProxyError: HTTPSConnectionPool(host='doi.org', port=443): Max retries exceeded with url: /10.1007/BF02206894 (Caused by ProxyError('Unable to connect to proxy', OSError('Tunnel connection failed: 403 Forbidden')))",text/html,,,,,,,,,none,none,none,,302,identical,,REST,rest:sfw_publication,no,0,
https://new.soilfoodweb.com/publication/phytotoxicity-analysis-of-extracts-from-compost-and-their-ability-to-inhibit-soil-borne-pathogenic-fungi-and-reduce-root-knot-nematodes/,publication,302,https://doi.org/10.1007/s11274-011-0922-0,302->https://doi.org/10.1007/s11274-011-0922-0,"ProxyError: HTTPSConnectionPool(host='doi.org', port=443): Max retries exceeded with url: /10.1007/s11274-011-0922-0 (Caused by ProxyError('Unable to connect to proxy', OSError('Tunnel connection failed: 403 Forbidden')))",text/html,,,,,,,,,none,none,none,,302,identical,,REST,rest:sfw_publication,no,0,
https://new.soilfoodweb.com/publication/population-responses-of-target-and-non-target-forest-soil-organisms-to-selected-biocides/,publication,302,https://scholar.google.com/citations?view_op=view_citation&hl=en&user=iOm3z4AAAAAJ&citation_for_view=iOm3z4AAAAAJ:g5m5HwL7SMYC,302->https://scholar.google.com/citations?view_op=view_citation&hl=en&user=iOm3z4AAAAAJ&citation_for_view=iOm3z4AAAAAJ:g5m5HwL7SMYC,"ProxyError: HTTPSConnectionPool(host='scholar.google.com', port=443): Max retries exceeded with url: /citations?view_op=view_citation&hl=en&user=iOm3z4AAAAAJ&citation_for_view=iOm3z4AAAAAJ:g5m5HwL7SMYC (Caused by ProxyError('Unable to connect to proxy', OSError('Tunnel connection failed: 403 Forbidden')))",text/html,,,,,,,,,none,none,none,,302,identical,,REST,rest:sfw_publication,no,0,
https://new.soilfoodweb.com/publication/potential-application-of-compost-teas-of-agricultural-wastes-in-the-control-of-the-mushroom-pathogen-verticillium-fungicola/,publication,302,https://doi.org/10.1007/BF03356322,302->https://doi.org/10.1007/BF03356322,"ProxyError: HTTPSConnectionPool(host='doi.org', port=443): Max retries exceeded with url: /10.1007/BF03356322 (Caused by ProxyError('Unable to connect to proxy', OSError('Tunnel connection failed: 403 Forbidden')))",text/html,,,,,,,,,none,none,none,,302,identical,,REST,rest:sfw_publication,no,0,
https://new.soilfoodweb.com/publication/predatory-earwigs-are-attracted-by-herbivore-induced-plant-volatiles-linked-with-plant-growth-promoting-rhizobacteria/,publication,200,https://new.soilfoodweb.com/publication/predatory-earwigs-are-attracted-by-herbivore-induced-plant-volatiles-linked-with-plant-growth-promoting-rhizobacteria/,,,text/html,Predatory earwigs are attracted by herbivore-induced plant volatiles linked with plant growth-promoting rhizobacteria – Soil Food Web Foundation,Predatory earwigs are attracted by herbivore-induced plant volatiles linked with plant growth-promoting rhizobacteria,1,"noindex, nofollow",https://new.soilfoodweb.com/publication/predatory-earwigs-are-attracted-by-herbivore-induced-plant-volatiles-linked-with-plant-growth-promoting-rhizobacteria/,yes,26,"width=device-width, initial-scale=1, maximum-scale=1, user-scalable=0",menu-v1,ocm-v1,footer-v1,DYNAMIC,200,identical,,"REST,crawl",rest:sfw_publication,no,2,VIEWPORT-BLOCKS-ZOOM
https://new.soilfoodweb.com/publication/protozoan-communities-around-conifer-roots-colonized-by-ectomycorrhizal-fungi/,publication,302,https://doi.org/10.1007/BF00204020,302->https://doi.org/10.1007/BF00204020,"ProxyError: HTTPSConnectionPool(host='doi.org', port=443): Max retries exceeded with url: /10.1007/BF00204020 (Caused by ProxyError('Unable to connect to proxy', OSError('Tunnel connection failed: 403 Forbidden')))",text/html,,,,,,,,,none,none,none,,302,identical,,REST,rest:sfw_publication,no,0,
https://new.soilfoodweb.com/publication/reduction-of-microbial-and-faunal-groups-following-application-of-streptomycin-and-captan-in-georgia-no-till-agroecosystems/,publication,200,https://new.soilfoodweb.com/publication/reduction-of-microbial-and-faunal-groups-following-application-of-streptomycin-and-captan-in-georgia-no-till-agroecosystems/,,,text/html,Reduction of microbial and faunal groups following application of streptomycin and captan in Georgia no-till agroecosystems – Soil Food Web Foundation,Reduction of microbial and faunal groups following application of streptomycin and captan in Georgia no-till agroecosystems,1,"noindex, nofollow",https://new.soilfoodweb.com/publication/reduction-of-microbial-and-faunal-groups-following-application-of-streptomycin-and-captan-in-georgia-no-till-agroecosystems/,yes,38,"width=device-width, initial-scale=1, maximum-scale=1, user-scalable=0",menu-v1,ocm-v1,footer-v1,DYNAMIC,200,identical,,"REST,crawl",rest:sfw_publication,no,2,VIEWPORT-BLOCKS-ZOOM
https://new.soilfoodweb.com/publication/relationship-between-fluorescein-diacetate-stained-hyphae-and-oxygen-utilization-glucose-utilization-and-biomass-of-submerged-fungal-batch-cultures/,publication,302,https://doi.org/10.1128/aem.44.2.363-370.1982,302->https://doi.org/10.1128/aem.44.2.363-370.1982,"ProxyError: HTTPSConnectionPool(host='doi.org', port=443): Max retries exceeded with url: /10.1128/aem.44.2.363-370.1982 (Caused by ProxyError('Unable to connect to proxy', OSError('Tunnel connection failed: 403 Forbidden')))",text/html,,,,,,,,,none,none,none,,302,identical,,REST,rest:sfw_publication,no,0,
https://new.soilfoodweb.com/publication/relative-effects-of-biological-amendments-and-crop-rotations-on-soil-microbial-communities-and-soilborne-diseases-of-potato/,publication,302,https://www.sciencedirect.com/science/article/abs/pii/S0038071707001101,302->https://www.sciencedirect.com/science/article/abs/pii/S0038071707001101,"ProxyError: HTTPSConnectionPool(host='www.sciencedirect.com', port=443): Max retries exceeded with url: /science/article/abs/pii/S0038071707001101 (Caused by ProxyError('Unable to connect to proxy', OSError('Tunnel connection failed: 403 Forbidden')))",text/html,,,,,,,,,none,none,none,,302,identical,,REST,rest:sfw_publication,no,0,
https://new.soilfoodweb.com/publication/report-on-the-selection-of-several-potentially-critical-terrestrial-systems/,publication,200,https://new.soilfoodweb.com/publication/report-on-the-selection-of-several-potentially-critical-terrestrial-systems/,,,text/html,Report on the selection of several potentially critical terrestrial systems – Soil Food Web Foundation,Report on the selection of several potentially critical terrestrial systems,1,"noindex, nofollow",https://new.soilfoodweb.com/publication/report-on-the-selection-of-several-potentially-critical-terrestrial-systems/,yes,32,"width=device-width, initial-scale=1, maximum-scale=1, user-scalable=0",menu-v1,ocm-v1,footer-v1,DYNAMIC,200,identical,,"REST,crawl",rest:sfw_publication,no,2,VIEWPORT-BLOCKS-ZOOM
https://new.soilfoodweb.com/publication/researchers-propose-ecological-route-to-plant-disease-control/,publication,200,https://new.soilfoodweb.com/publication/researchers-propose-ecological-route-to-plant-disease-control/,,,text/html,Researchers propose ecological route to plant disease control – Soil Food Web Foundation,Researchers propose ecological route to plant disease control,1,"noindex, nofollow",https://new.soilfoodweb.com/publication/researchers-propose-ecological-route-to-plant-disease-control/,yes,20,"width=device-width, initial-scale=1, maximum-scale=1, user-scalable=0",menu-v1,ocm-v1,footer-v1,DYNAMIC,200,identical,,"REST,crawl",rest:sfw_publication,no,2,VIEWPORT-BLOCKS-ZOOM
https://new.soilfoodweb.com/publication/responses-of-microbial-components-of-the-rhizosphere-to-plant-management-strategies-in-semiarid-rangeland/,publication,302,https://doi.org/10.1007/BF02197801,302->https://doi.org/10.1007/BF02197801,"ProxyError: HTTPSConnectionPool(host='doi.org', port=443): Max retries exceeded with url: /10.1007/BF02197801 (Caused by ProxyError('Unable to connect to proxy', OSError('Tunnel connection failed: 403 Forbidden')))",text/html,,,,,,,,,none,none,none,,302,identical,,REST,rest:sfw_publication,no,0,
https://new.soilfoodweb.com/publication/responses-of-soil-foodweb-organisms-in-the-first-year-following-clearcutting-and-application-of-chloropicrin-to-control-laminated-root-rot/,publication,302,https://doi.org/10.1016/0929-1393(95)00075-5,302->https://doi.org/10.1016/0929-1393(95)00075-5,"ProxyError: HTTPSConnectionPool(host='doi.org', port=443): Max retries exceeded with url: /10.1016/0929-1393(95)00075-5 (Caused by ProxyError('Unable to connect to proxy', OSError('Tunnel connection failed: 403 Forbidden')))",text/html,,,,,,,,,none,none,none,,302,identical,,REST,rest:sfw_publication,no,0,
https://new.soilfoodweb.com/publication/review-of-the-effects-of-twelve-selected-biocides-on-target-and-non-target-soil-organisms/,publication,200,https://new.soilfoodweb.com/publication/review-of-the-effects-of-twelve-selected-biocides-on-target-and-non-target-soil-organisms/,,,text/html,Review of the effects of twelve selected biocides on target and non-target soil organisms – Soil Food Web Foundation,Review of the effects of twelve selected biocides on target and non-target soil organisms,1,"noindex, nofollow",https://new.soilfoodweb.com/publication/review-of-the-effects-of-twelve-selected-biocides-on-target-and-non-target-soil-organisms/,yes,31,"width=device-width, initial-scale=1, maximum-scale=1, user-scalable=0",menu-v1,ocm-v1,footer-v1,DYNAMIC,200,identical,,"REST,crawl",rest:sfw_publication,no,2,VIEWPORT-BLOCKS-ZOOM
https://new.soilfoodweb.com/publication/rhizosphere-bacterial-population-responses-to-root-colonization-by-a-vesicular-arbuscular-mycorrhizal-fungus/,publication,302,https://scholar.google.com/citations?view_op=view_citation&hl=en&user=iOm3z4AAAAAJ&citation_for_view=iOm3z4AAAAAJ:Zph67rFs4hoC,302->https://scholar.google.com/citations?view_op=view_citation&hl=en&user=iOm3z4AAAAAJ&citation_for_view=iOm3z4AAAAAJ:Zph67rFs4hoC,"ProxyError: HTTPSConnectionPool(host='scholar.google.com', port=443): Max retries exceeded with url: /citations?view_op=view_citation&hl=en&user=iOm3z4AAAAAJ&citation_for_view=iOm3z4AAAAAJ:Zph67rFs4hoC (Caused by ProxyError('Unable to connect to proxy', OSError('Tunnel connection failed: 403 Forbidden')))",text/html,,,,,,,,,none,none,none,,302,identical,,REST,rest:sfw_publication,no,0,
https://new.soilfoodweb.com/publication/seasonal-and-faunal-effects-on-decomposition-in-semiarid-prairie-meadow-and-lodgepole-pine-forest/,publication,302,https://doi.org/10.1016/S0031-4056(24)00022-2,302->https://doi.org/10.1016/S0031-4056(24)00022-2,"ProxyError: HTTPSConnectionPool(host='doi.org', port=443): Max retries exceeded with url: /10.1016/S0031-4056(24)00022-2 (Caused by ProxyError('Unable to connect to proxy', OSError('Tunnel connection failed: 403 Forbidden')))",text/html,,,,,,,,,none,none,none,,302,identical,,REST,rest:sfw_publication,no,0,
https://new.soilfoodweb.com/publication/social-and-economic-concerns-with-respect-to-the-choice-of-critical-terrestrial-ecosystems/,publication,200,https://new.soilfoodweb.com/publication/social-and-economic-concerns-with-respect-to-the-choice-of-critical-terrestrial-ecosystems/,,,text/html,Social and economic concerns with respect to the choice of critical terrestrial ecosystems – Soil Food Web Foundation,Social and economic concerns with respect to the choice of critical terrestrial ecosystems,1,"noindex, nofollow",https://new.soilfoodweb.com/publication/social-and-economic-concerns-with-respect-to-the-choice-of-critical-terrestrial-ecosystems/,yes,32,"width=device-width, initial-scale=1, maximum-scale=1, user-scalable=0",menu-v1,ocm-v1,footer-v1,DYNAMIC,200,identical,,"REST,crawl",rest:sfw_publication,no,2,VIEWPORT-BLOCKS-ZOOM
https://new.soilfoodweb.com/publication/soil-biology-and-ecology/,publication,200,https://new.soilfoodweb.com/publication/soil-biology-and-ecology/,,,text/html,Soil biology and ecology – Soil Food Web Foundation,Soil biology and ecology,1,"noindex, nofollow",https://new.soilfoodweb.com/publication/soil-biology-and-ecology/,yes,23,"width=device-width, initial-scale=1, maximum-scale=1, user-scalable=0",menu-v1,ocm-v1,footer-v1,DYNAMIC,200,identical,,"REST,crawl",rest:sfw_publication,no,2,VIEWPORT-BLOCKS-ZOOM
https://new.soilfoodweb.com/publication/soil-foodweb-structure-and-function-in-forests-a-comparison-of-conifer-deciduous-riparian-and-managed-forests/,publication,200,https://new.soilfoodweb.com/publication/soil-foodweb-structure-and-function-in-forests-a-comparison-of-conifer-deciduous-riparian-and-managed-forests/,,,text/html,"Soil foodweb structure and function in forests: A comparison of conifer, deciduous, riparian and managed forests – Soil Food Web Foundation","Soil foodweb structure and function in forests: A comparison of conifer, deciduous, riparian and managed forests",1,"noindex, nofollow",https://new.soilfoodweb.com/publication/soil-foodweb-structure-and-function-in-forests-a-comparison-of-conifer-deciduous-riparian-and-managed-forests/,yes,42,"width=device-width, initial-scale=1, maximum-scale=1, user-scalable=0",menu-v1,ocm-v1,footer-v1,DYNAMIC,200,identical,,"REST,crawl",rest:sfw_publication,no,2,VIEWPORT-BLOCKS-ZOOM
https://new.soilfoodweb.com/publication/soil-fungi-measurement-of-hyphal-length/,publication,302,https://doi.org/10.1016/0038-0717(84)90015-4,302->https://doi.org/10.1016/0038-0717(84)90015-4,"ProxyError: HTTPSConnectionPool(host='doi.org', port=443): Max retries exceeded with url: /10.1016/0038-0717(84)90015-4 (Caused by ProxyError('Unable to connect to proxy', OSError('Tunnel connection failed: 403 Forbidden')))",text/html,,,,,,,,,none,none,none,,302,identical,,REST,rest:sfw_publication,no,0,
https://new.soilfoodweb.com/publication/soil-fungi-relationships-between-hyphal-activity-and-staining-with-fluorescein-diacetate/,publication,302,https://doi.org/10.1016/0038-0717(84)90014-2,302->https://doi.org/10.1016/0038-0717(84)90014-2,"ProxyError: HTTPSConnectionPool(host='doi.org', port=443): Max retries exceeded with url: /10.1016/0038-0717(84)90014-2 (Caused by ProxyError('Unable to connect to proxy', OSError('Tunnel connection failed: 403 Forbidden')))",text/html,,,,,,,,,none,none,none,,302,identical,,REST,rest:sfw_publication,no,0,
https://new.soilfoodweb.com/publication/soil-life-in-reconstructed-ecosystems-initial-soil-food-web-responses-after-rebuilding-a-forest-soil-profile-for-a-climate-change-experiment/,publication,302,https://www.sciencedirect.com/science/article/abs/pii/S0929139310000119,302->https://www.sciencedirect.com/science/article/abs/pii/S0929139310000119,"ProxyError: HTTPSConnectionPool(host='www.sciencedirect.com', port=443): Max retries exceeded with url: /science/article/abs/pii/S0929139310000119 (Caused by ProxyError('Unable to connect to proxy', OSError('Tunnel connection failed: 403 Forbidden')))",text/html,,,,,,,,,none,none,none,,302,identical,,REST,rest:sfw_publication,no,0,
https://new.soilfoodweb.com/publication/soil-microbiology/,publication,200,https://new.soilfoodweb.com/publication/soil-microbiology/,,,text/html,Soil microbiology – Soil Food Web Foundation,Soil microbiology,1,"noindex, nofollow",https://new.soilfoodweb.com/publication/soil-microbiology/,yes,31,"width=device-width, initial-scale=1, maximum-scale=1, user-scalable=0",menu-v1,ocm-v1,footer-v1,DYNAMIC,200,identical,,"REST,crawl",rest:sfw_publication,no,2,VIEWPORT-BLOCKS-ZOOM
https://new.soilfoodweb.com/publication/soil-organisms-and-forest-health/,publication,200,https://new.soilfoodweb.com/publication/soil-organisms-and-forest-health/,,,text/html,Soil organisms and forest health – Soil Food Web Foundation,Soil organisms and forest health,1,"noindex, nofollow",https://new.soilfoodweb.com/publication/soil-organisms-and-forest-health/,yes,23,"width=device-width, initial-scale=1, maximum-scale=1, user-scalable=0",menu-v1,ocm-v1,footer-v1,DYNAMIC,200,identical,,"REST,crawl",rest:sfw_publication,no,2,VIEWPORT-BLOCKS-ZOOM
https://new.soilfoodweb.com/publication/soil-organisms-and-their-role-in-healthy-turf/,publication,200,https://new.soilfoodweb.com/publication/soil-organisms-and-their-role-in-healthy-turf/,,,text/html,Soil organisms and their role in healthy turf – Soil Food Web Foundation,Soil organisms and their role in healthy turf,1,"noindex, nofollow",https://new.soilfoodweb.com/publication/soil-organisms-and-their-role-in-healthy-turf/,yes,25,"width=device-width, initial-scale=1, maximum-scale=1, user-scalable=0",menu-v1,ocm-v1,footer-v1,DYNAMIC,200,identical,,"REST,crawl",rest:sfw_publication,no,2,VIEWPORT-BLOCKS-ZOOM
https://new.soilfoodweb.com/publication/soil-protozoa/,publication,200,https://new.soilfoodweb.com/publication/soil-protozoa/,,,text/html,Soil protozoa – Soil Food Web Foundation,Soil protozoa,1,"noindex, nofollow",https://new.soilfoodweb.com/publication/soil-protozoa/,yes,35,"width=device-width, initial-scale=1, maximum-scale=1, user-scalable=0",menu-v1,ocm-v1,footer-v1,DYNAMIC,200,identical,,"REST,crawl",rest:sfw_publication,no,2,VIEWPORT-BLOCKS-ZOOM
https://new.soilfoodweb.com/publication/soil-view-anaerobic-bacteria-and-compost-tea/,publication,200,https://new.soilfoodweb.com/publication/soil-view-anaerobic-bacteria-and-compost-tea/,,,text/html,Soil view: Anaerobic bacteria and compost tea – Soil Food Web Foundation,Soil view: Anaerobic bacteria and compost tea,1,"noindex, nofollow",https://new.soilfoodweb.com/publication/soil-view-anaerobic-bacteria-and-compost-tea/,yes,26,"width=device-width, initial-scale=1, maximum-scale=1, user-scalable=0",menu-v1,ocm-v1,footer-v1,DYNAMIC,200,identical,,"REST,crawl",rest:sfw_publication,no,2,VIEWPORT-BLOCKS-ZOOM
https://new.soilfoodweb.com/publication/standard-operating-procedure-for-microbial-population-dynamics/,publication,200,https://new.soilfoodweb.com/publication/standard-operating-procedure-for-microbial-population-dynamics/,,,text/html,Standard Operating Procedure for Microbial Population Dynamics – Soil Food Web Foundation,Standard Operating Procedure for Microbial Population Dynamics,1,"noindex, nofollow",https://new.soilfoodweb.com/publication/standard-operating-procedure-for-microbial-population-dynamics/,yes,31,"width=device-width, initial-scale=1, maximum-scale=1, user-scalable=0",menu-v1,ocm-v1,footer-v1,DYNAMIC,200,identical,,"REST,crawl",rest:sfw_publication,no,2,VIEWPORT-BLOCKS-ZOOM
https://new.soilfoodweb.com/publication/standard-operating-procedure-for-nematode-population-and-community-structure/,publication,200,https://new.soilfoodweb.com/publication/standard-operating-procedure-for-nematode-population-and-community-structure/,,,text/html,Standard Operating Procedure for Nematode Population and Community Structure – Soil Food Web Foundation,Standard Operating Procedure for Nematode Population and Community Structure,1,"noindex, nofollow",https://new.soilfoodweb.com/publication/standard-operating-procedure-for-nematode-population-and-community-structure/,yes,34,"width=device-width, initial-scale=1, maximum-scale=1, user-scalable=0",menu-v1,ocm-v1,footer-v1,DYNAMIC,200,identical,,"REST,crawl",rest:sfw_publication,no,2,VIEWPORT-BLOCKS-ZOOM
https://new.soilfoodweb.com/publication/standard-operating-procedure-for-protozoan-populations-and-community-structure/,publication,200,https://new.soilfoodweb.com/publication/standard-operating-procedure-for-protozoan-populations-and-community-structure/,,,text/html,Standard Operating Procedure for Protozoan Populations and Community Structure – Soil Food Web Foundation,Standard Operating Procedure for Protozoan Populations and Community Structure,1,"noindex, nofollow",https://new.soilfoodweb.com/publication/standard-operating-procedure-for-protozoan-populations-and-community-structure/,yes,34,"width=device-width, initial-scale=1, maximum-scale=1, user-scalable=0",menu-v1,ocm-v1,footer-v1,DYNAMIC,200,identical,,"REST,crawl",rest:sfw_publication,no,2,VIEWPORT-BLOCKS-ZOOM
https://new.soilfoodweb.com/publication/standard-operating-procedure-for-total-bacteria/,publication,200,https://new.soilfoodweb.com/publication/standard-operating-procedure-for-total-bacteria/,,,text/html,Standard Operating Procedure for Total Bacteria – Soil Food Web Foundation,Standard Operating Procedure for Total Bacteria,1,"noindex, nofollow",https://new.soilfoodweb.com/publication/standard-operating-procedure-for-total-bacteria/,yes,31,"width=device-width, initial-scale=1, maximum-scale=1, user-scalable=0",menu-v1,ocm-v1,footer-v1,DYNAMIC,200,identical,,"REST,crawl",rest:sfw_publication,no,2,VIEWPORT-BLOCKS-ZOOM
https://new.soilfoodweb.com/publication/study-finds-fungi-not-plant-matter-responsible-for-most-carbon-sequestration-in-northern-forests/,publication,200,https://new.soilfoodweb.com/publication/study-finds-fungi-not-plant-matter-responsible-for-most-carbon-sequestration-in-northern-forests/,,,text/html,"Study finds fungi, not plant matter, responsible for most carbon sequestration in northern forests – Soil Food Web Foundation","Study finds fungi, not plant matter, responsible for most carbon sequestration in northern forests",1,"noindex, nofollow",https://new.soilfoodweb.com/publication/study-finds-fungi-not-plant-matter-responsible-for-most-carbon-sequestration-in-northern-forests/,yes,31,"width=device-width, initial-scale=1, maximum-scale=1, user-scalable=0",menu-v1,ocm-v1,footer-v1,DYNAMIC,200,identical,,"REST,crawl",rest:sfw_publication,no,2,VIEWPORT-BLOCKS-ZOOM
https://new.soilfoodweb.com/publication/suppression-of-phytophthora-infestans-in-potatoes-by-foliar-application-of-food-nutrients-and-compost-tea/,publication,200,https://new.soilfoodweb.com/publication/suppression-of-phytophthora-infestans-in-potatoes-by-foliar-application-of-food-nutrients-and-compost-tea/,,,text/html,Suppression of Phytophthora infestans in potatoes by foliar application of food nutrients and compost tea – Soil Food Web Foundation,Suppression of Phytophthora infestans in potatoes by foliar application of food nutrients and compost tea,1,"noindex, nofollow",https://new.soilfoodweb.com/publication/suppression-of-phytophthora-infestans-in-potatoes-by-foliar-application-of-food-nutrients-and-compost-tea/,yes,41,"width=device-width, initial-scale=1, maximum-scale=1, user-scalable=0",menu-v1,ocm-v1,footer-v1,DYNAMIC,200,identical,,"REST,crawl",rest:sfw_publication,no,2,VIEWPORT-BLOCKS-ZOOM
https://new.soilfoodweb.com/publication/sustainable-agriculture-and-the-ecology-of-soil/,publication,200,https://new.soilfoodweb.com/publication/sustainable-agriculture-and-the-ecology-of-soil/,,,text/html,Sustainable agriculture and the ecology of soil – Soil Food Web Foundation,Sustainable agriculture and the ecology of soil,1,"noindex, nofollow",https://new.soilfoodweb.com/publication/sustainable-agriculture-and-the-ecology-of-soil/,yes,30,"width=device-width, initial-scale=1, maximum-scale=1, user-scalable=0",menu-v1,ocm-v1,footer-v1,DYNAMIC,200,identical,,"REST,crawl",rest:sfw_publication,no,2,VIEWPORT-BLOCKS-ZOOM
https://new.soilfoodweb.com/publication/the-compost-tea-brewing-manual/,publication,302,https://scholar.google.com/citations?view_op=view_citation&hl=en&user=iOm3z4AAAAAJ&citation_for_view=iOm3z4AAAAAJ:HoB7MX3m0LUC,302->https://scholar.google.com/citations?view_op=view_citation&hl=en&user=iOm3z4AAAAAJ&citation_for_view=iOm3z4AAAAAJ:HoB7MX3m0LUC,"ProxyError: HTTPSConnectionPool(host='scholar.google.com', port=443): Max retries exceeded with url: /citations?view_op=view_citation&hl=en&user=iOm3z4AAAAAJ&citation_for_view=iOm3z4AAAAAJ:HoB7MX3m0LUC (Caused by ProxyError('Unable to connect to proxy', OSError('Tunnel connection failed: 403 Forbidden')))",text/html,,,,,,,,,none,none,none,,302,identical,,REST,rest:sfw_publication,no,0,
https://new.soilfoodweb.com/publication/the-compost-tea-handbook-1-1/,publication,200,https://new.soilfoodweb.com/publication/the-compost-tea-handbook-1-1/,,,text/html,The Compost Tea Handbook 1.1 – Soil Food Web Foundation,The Compost Tea Handbook 1.1,1,"noindex, nofollow",https://new.soilfoodweb.com/publication/the-compost-tea-handbook-1-1/,yes,24,"width=device-width, initial-scale=1, maximum-scale=1, user-scalable=0",menu-v1,ocm-v1,footer-v1,DYNAMIC,200,identical,,"REST,crawl",rest:sfw_publication,no,2,VIEWPORT-BLOCKS-ZOOM
https://new.soilfoodweb.com/publication/the-control-of-diseases-on-lettuce-by-the-use-of-antagonistic-organisms-1-the-control-of-botrytis-cinerea-pers/,publication,302,https://doi.org/10.1111/j.1744-7348.1951.tb07797.x,302->https://doi.org/10.1111/j.1744-7348.1951.tb07797.x,"ProxyError: HTTPSConnectionPool(host='doi.org', port=443): Max retries exceeded with url: /10.1111/j.1744-7348.1951.tb07797.x (Caused by ProxyError('Unable to connect to proxy', OSError('Tunnel connection failed: 403 Forbidden')))",text/html,,,,,,,,,none,none,none,,302,identical,,REST,rest:sfw_publication,no,0,
https://new.soilfoodweb.com/publication/the-detrital-food-web-in-a-short-grass-prairie/,publication,302,https://scholar.google.com/citations?view_op=view_citation&hl=en&user=iOm3z4AAAAAJ&citation_for_view=iOm3z4AAAAAJ:9ZlFYXVOiuMC,302->https://scholar.google.com/citations?view_op=view_citation&hl=en&user=iOm3z4AAAAAJ&citation_for_view=iOm3z4AAAAAJ:9ZlFYXVOiuMC,"ProxyError: HTTPSConnectionPool(host='scholar.google.com', port=443): Max retries exceeded with url: /citations?view_op=view_citation&hl=en&user=iOm3z4AAAAAJ&citation_for_view=iOm3z4AAAAAJ:9ZlFYXVOiuMC (Caused by ProxyError('Unable to connect to proxy', OSError('Tunnel connection failed: 403 Forbidden')))",text/html,,,,,,,,,none,none,none,,302,identical,,REST,rest:sfw_publication,no,0,
https://new.soilfoodweb.com/publication/the-effect-of-chloroform-on-protozoa-and-other-soil-inhabitants/,publication,200,https://new.soilfoodweb.com/publication/the-effect-of-chloroform-on-protozoa-and-other-soil-inhabitants/,,,text/html,The effect of chloroform on protozoa and other soil inhabitants – Soil Food Web Foundation,The effect of chloroform on protozoa and other soil inhabitants,1,"noindex, nofollow",https://new.soilfoodweb.com/publication/the-effect-of-chloroform-on-protozoa-and-other-soil-inhabitants/,yes,34,"width=device-width, initial-scale=1, maximum-scale=1, user-scalable=0",menu-v1,ocm-v1,footer-v1,DYNAMIC,200,identical,,"REST,crawl",rest:sfw_publication,no,2,VIEWPORT-BLOCKS-ZOOM
https://new.soilfoodweb.com/publication/the-functional-roles-of-forest-soil-arthropods-the-soil-is-a-lively-place/,publication,200,https://new.soilfoodweb.com/publication/the-functional-roles-of-forest-soil-arthropods-the-soil-is-a-lively-place/,,,text/html,The functional roles of forest soil arthropods: The soil is a lively place – Soil Food Web Foundation,The functional roles of forest soil arthropods: The soil is a lively place,1,"noindex, nofollow",https://new.soilfoodweb.com/publication/the-functional-roles-of-forest-soil-arthropods-the-soil-is-a-lively-place/,yes,63,"width=device-width, initial-scale=1, maximum-scale=1, user-scalable=0",menu-v1,ocm-v1,footer-v1,DYNAMIC,200,identical,,"REST,crawl",rest:sfw_publication,no,2,VIEWPORT-BLOCKS-ZOOM
https://new.soilfoodweb.com/publication/the-functional-significance-and-regulation-of-soil-biodiversity-an-executive-summary-of-the-soil-ecology-society-meeting/,publication,200,https://new.soilfoodweb.com/publication/the-functional-significance-and-regulation-of-soil-biodiversity-an-executive-summary-of-the-soil-ecology-society-meeting/,,,text/html,The functional significance and regulation of soil biodiversity: An executive summary of the Soil Ecology Society meeting – Soil Food Web Foundation,The functional significance and regulation of soil biodiversity: An executive summary of the Soil Ecology Society meeting,1,"noindex, nofollow",https://new.soilfoodweb.com/publication/the-functional-significance-and-regulation-of-soil-biodiversity-an-executive-summary-of-the-soil-ecology-society-meeting/,yes,35,"width=device-width, initial-scale=1, maximum-scale=1, user-scalable=0",menu-v1,ocm-v1,footer-v1,DYNAMIC,200,identical,,"REST,crawl",rest:sfw_publication,no,2,VIEWPORT-BLOCKS-ZOOM
https://new.soilfoodweb.com/publication/the-mycorrhizal-colonization-of-six-wetland-plant-species-at-sites-differing-in-land-use-history/,publication,302,https://doi.org/10.1007/s005720050272,302->https://doi.org/10.1007/s005720050272,"ProxyError: HTTPSConnectionPool(host='doi.org', port=443): Max retries exceeded with url: /10.1007/s005720050272 (Caused by ProxyError('Unable to connect to proxy', OSError('Tunnel connection failed: 403 Forbidden')))",text/html,,,,,,,,,none,none,none,,302,identical,,REST,rest:sfw_publication,no,0,
https://new.soilfoodweb.com/publication/the-soil-biology-primer-chapters-1-5-the-soil-foodweb-soil-bacteria-soil-fungi-soil-protozoa-soil-nematodes/,publication,302,https://www.nrcs.usda.gov/resources/education-and-teaching-materials/soil-biology-primer,302->https://www.nrcs.usda.gov/resources/education-and-teaching-materials/soil-biology-primer,"ProxyError: HTTPSConnectionPool(host='www.nrcs.usda.gov', port=443): Max retries exceeded with url: /resources/education-and-teaching-materials/soil-biology-primer (Caused by ProxyError('Unable to connect to proxy', OSError('Tunnel connection failed: 403 Forbidden')))",text/html,,,,,,,,,none,none,none,,302,identical,,REST,rest:sfw_publication,no,0,
https://new.soilfoodweb.com/publication/the-soil-foodweb-its-role-in-ecosystem-health/,publication,200,https://new.soilfoodweb.com/publication/the-soil-foodweb-its-role-in-ecosystem-health/,,,text/html,The soil foodweb: Its role in ecosystem health – Soil Food Web Foundation,The soil foodweb: Its role in ecosystem health,1,"noindex, nofollow",https://new.soilfoodweb.com/publication/the-soil-foodweb-its-role-in-ecosystem-health/,yes,32,"width=device-width, initial-scale=1, maximum-scale=1, user-scalable=0",menu-v1,ocm-v1,footer-v1,DYNAMIC,200,identical,,"REST,crawl",rest:sfw_publication,no,2,VIEWPORT-BLOCKS-ZOOM
https://new.soilfoodweb.com/publication/the-soil-foodweb-soil-and-composts-as-living-ecosystems/,publication,200,https://new.soilfoodweb.com/publication/the-soil-foodweb-soil-and-composts-as-living-ecosystems/,,,text/html,The soil foodweb: soil and composts as living ecosystems – Soil Food Web Foundation,The soil foodweb: soil and composts as living ecosystems,1,"noindex, nofollow",https://new.soilfoodweb.com/publication/the-soil-foodweb-soil-and-composts-as-living-ecosystems/,yes,38,"width=device-width, initial-scale=1, maximum-scale=1, user-scalable=0",menu-v1,ocm-v1,footer-v1,DYNAMIC,200,identical,,"REST,crawl",rest:sfw_publication,no,2,VIEWPORT-BLOCKS-ZOOM
https://new.soilfoodweb.com/publication/the-sustainable-biosphere-initiative-a-commentary-from-the-u-s-soil-ecology-society/,publication,200,https://new.soilfoodweb.com/publication/the-sustainable-biosphere-initiative-a-commentary-from-the-u-s-soil-ecology-society/,,,text/html,The sustainable biosphere initiative: A commentary from the U.S. Soil Ecology Society – Soil Food Web Foundation,The sustainable biosphere initiative: A commentary from the U.S. Soil Ecology Society,1,"noindex, nofollow",https://new.soilfoodweb.com/publication/the-sustainable-biosphere-initiative-a-commentary-from-the-u-s-soil-ecology-society/,yes,51,"width=device-width, initial-scale=1, maximum-scale=1, user-scalable=0",menu-v1,ocm-v1,footer-v1,DYNAMIC,200,identical,,"REST,crawl",rest:sfw_publication,no,2,VIEWPORT-BLOCKS-ZOOM
https://new.soilfoodweb.com/publication/top-down-is-bottom-up-does-predation-in-the-rhizosphere-regulate-aboveground-dynamics/,publication,302,https://doi.org/10.1890/0012-9658(2003)084%5B0846:TIBDPI%5D2.0.CO;2,302->https://doi.org/10.1890/0012-9658(2003)084%5B0846:TIBDPI%5D2.0.CO;2,"ProxyError: HTTPSConnectionPool(host='doi.org', port=443): Max retries exceeded with url: /10.1890/0012-9658(2003)084%5B0846:TIBDPI%5D2.0.CO;2 (Caused by ProxyError('Unable to connect to proxy', OSError('Tunnel connection failed: 403 Forbidden')))",text/html,,,,,,,,,none,none,none,,302,identical,,REST,rest:sfw_publication,no,0,
https://new.soilfoodweb.com/publication/trophic-interactions-and-nitrogen-cycling-in-a-semiarid-grassland-soil-part-i-seasonal-dynamics-of-the-natural-populations-their-interactions-and-effects-on-nitrogen-cycling/,publication,302,https://scholar.google.com/citations?view_op=view_citation&hl=en&user=iOm3z4AAAAAJ&citation_for_view=iOm3z4AAAAAJ:u5HHmVD_uO8C,302->https://scholar.google.com/citations?view_op=view_citation&hl=en&user=iOm3z4AAAAAJ&citation_for_view=iOm3z4AAAAAJ:u5HHmVD_uO8C,"ProxyError: HTTPSConnectionPool(host='scholar.google.com', port=443): Max retries exceeded with url: /citations?view_op=view_citation&hl=en&user=iOm3z4AAAAAJ&citation_for_view=iOm3z4AAAAAJ:u5HHmVD_uO8C (Caused by ProxyError('Unable to connect to proxy', OSError('Tunnel connection failed: 403 Forbidden')))",text/html,,,,,,,,,none,none,none,,302,identical,,REST,rest:sfw_publication,no,0,
https://new.soilfoodweb.com/publication/trophic-interactions-and-nitrogen-cycling-in-a-semiarid-grassland-soil-part-ii-system-responses-to-removal-of-different-groups-of-soil-microbes-or-fauna/,publication,302,https://scholar.google.com/citations?view_op=view_citation&hl=en&user=iOm3z4AAAAAJ&citation_for_view=iOm3z4AAAAAJ:CHSYGLWDkRkC,302->https://scholar.google.com/citations?view_op=view_citation&hl=en&user=iOm3z4AAAAAJ&citation_for_view=iOm3z4AAAAAJ:CHSYGLWDkRkC,"ProxyError: HTTPSConnectionPool(host='scholar.google.com', port=443): Max retries exceeded with url: /citations?view_op=view_citation&hl=en&user=iOm3z4AAAAAJ&citation_for_view=iOm3z4AAAAAJ:CHSYGLWDkRkC (Caused by ProxyError('Unable to connect to proxy', OSError('Tunnel connection failed: 403 Forbidden')))",text/html,,,,,,,,,none,none,none,,302,identical,,REST,rest:sfw_publication,no,0,
https://new.soilfoodweb.com/publication/trophic-relationships-in-the-soil-microfood-web-predicting-the-responses-to-a-changing-global-environment/,publication,302,https://doi.org/10.1046/j.1365-2486.1998.00206.x,302->https://doi.org/10.1046/j.1365-2486.1998.00206.x,"ProxyError: HTTPSConnectionPool(host='doi.org', port=443): Max retries exceeded with url: /10.1046/j.1365-2486.1998.00206.x (Caused by ProxyError('Unable to connect to proxy', OSError('Tunnel connection failed: 403 Forbidden')))",text/html,,,,,,,,,none,none,none,,302,identical,,REST,rest:sfw_publication,no,0,
https://new.soilfoodweb.com/publication/ultraviolet-induced-autofluorescence-a-new-method-for-detecting-and-quantifying-vesicular-arbuscular-mycorrhizal-root-infections/,publication,200,https://new.soilfoodweb.com/publication/ultraviolet-induced-autofluorescence-a-new-method-for-detecting-and-quantifying-vesicular-arbuscular-mycorrhizal-root-infections/,,,text/html,Ultraviolet-induced autofluorescence: a new method for detecting and quantifying vesicular-arbuscular mycorrhizal root infections – Soil Food Web Foundation,Ultraviolet-induced autofluorescence: a new method for detecting and quantifying vesicular-arbuscular mycorrhizal root infections,1,"noindex, nofollow",https://new.soilfoodweb.com/publication/ultraviolet-induced-autofluorescence-a-new-method-for-detecting-and-quantifying-vesicular-arbuscular-mycorrhizal-root-infections/,yes,35,"width=device-width, initial-scale=1, maximum-scale=1, user-scalable=0",menu-v1,ocm-v1,footer-v1,DYNAMIC,200,identical,,"REST,crawl",rest:sfw_publication,no,2,VIEWPORT-BLOCKS-ZOOM
https://new.soilfoodweb.com/publication/ultraviolet-induced-autofluorescence-of-arbuscular-mycorrhizal-root-infections-an-alternative-to-clearing-and-staining-methods-for-assessing-infections/,publication,302,https://scholar.google.com/citations?view_op=view_citation&hl=en&user=iOm3z4AAAAAJ&citation_for_view=iOm3z4AAAAAJ:Se3iqnhoufwC,302->https://scholar.google.com/citations?view_op=view_citation&hl=en&user=iOm3z4AAAAAJ&citation_for_view=iOm3z4AAAAAJ:Se3iqnhoufwC,"ProxyError: HTTPSConnectionPool(host='scholar.google.com', port=443): Max retries exceeded with url: /citations?view_op=view_citation&hl=en&user=iOm3z4AAAAAJ&citation_for_view=iOm3z4AAAAAJ:Se3iqnhoufwC (Caused by ProxyError('Unable to connect to proxy', OSError('Tunnel connection failed: 403 Forbidden')))",text/html,,,,,,,,,none,none,none,,302,identical,,REST,rest:sfw_publication,no,0,
https://new.soilfoodweb.com/publication/uptake-of-lead-by-a-ciliate-stylonychia-mytilus-isolated-from-industrial-effluents-potential-use-in-bioremediation-of-wastewater/,publication,302,https://doi.org/10.1007/s00128-005-0751-7,302->https://doi.org/10.1007/s00128-005-0751-7,"ProxyError: HTTPSConnectionPool(host='doi.org', port=443): Max retries exceeded with url: /10.1007/s00128-005-0751-7 (Caused by ProxyError('Unable to connect to proxy', OSError('Tunnel connection failed: 403 Forbidden')))",text/html,,,,,,,,,none,none,none,,302,identical,,REST,rest:sfw_publication,no,0,
https://new.soilfoodweb.com/publication/use-of-soil-foodweb-structure-and-function-to-assess-superfund-sites/,publication,200,https://new.soilfoodweb.com/publication/use-of-soil-foodweb-structure-and-function-to-assess-superfund-sites/,,,text/html,Use of soil foodweb structure and function to assess superfund sites – Soil Food Web Foundation,Use of soil foodweb structure and function to assess superfund sites,1,"noindex, nofollow",https://new.soilfoodweb.com/publication/use-of-soil-foodweb-structure-and-function-to-assess-superfund-sites/,yes,37,"width=device-width, initial-scale=1, maximum-scale=1, user-scalable=0",menu-v1,ocm-v1,footer-v1,DYNAMIC,200,identical,,"REST,crawl",rest:sfw_publication,no,2,VIEWPORT-BLOCKS-ZOOM
https://new.soilfoodweb.com/publication/use-of-staining-and-inhibitors-to-separate-fungal-and-bacterial-activity-in-soil/,publication,302,https://scholar.google.com/citations?view_op=view_citation&hl=en&user=iOm3z4AAAAAJ&citation_for_view=iOm3z4AAAAAJ:pyW8ca7W8N0C,302->https://scholar.google.com/citations?view_op=view_citation&hl=en&user=iOm3z4AAAAAJ&citation_for_view=iOm3z4AAAAAJ:pyW8ca7W8N0C,"ProxyError: HTTPSConnectionPool(host='scholar.google.com', port=443): Max retries exceeded with url: /citations?view_op=view_citation&hl=en&user=iOm3z4AAAAAJ&citation_for_view=iOm3z4AAAAAJ:pyW8ca7W8N0C (Caused by ProxyError('Unable to connect to proxy', OSError('Tunnel connection failed: 403 Forbidden')))",text/html,,,,,,,,,none,none,none,,302,identical,,REST,rest:sfw_publication,no,0,
https://new.soilfoodweb.com/publication/use-of-sulfamethoxazole-penicillin-oxytetracycline-carbofuran-carbaryl-naphthalene-and-temik-to-remove-key-organism-groups-in-soil-in-a-corn-agroecosystem/,publication,302,https://doi.org/10.1300/J064v04n03_03,302->https://doi.org/10.1300/J064v04n03_03,"ProxyError: HTTPSConnectionPool(host='doi.org', port=443): Max retries exceeded with url: /10.1300/J064v04n03_03 (Caused by ProxyError('Unable to connect to proxy', OSError('Tunnel connection failed: 403 Forbidden')))",text/html,,,,,,,,,none,none,none,,302,identical,,REST,rest:sfw_publication,no,0,
https://new.soilfoodweb.com/publication/using-aerated-compost-tea-in-comparison-with-a-chemical-pesticide-for-controlling-rose-powdery-mildew/,publication,302,https://doi.org/10.1080/03235408.2013.817075,302->https://doi.org/10.1080/03235408.2013.817075,"ProxyError: HTTPSConnectionPool(host='doi.org', port=443): Max retries exceeded with url: /10.1080/03235408.2013.817075 (Caused by ProxyError('Unable to connect to proxy', OSError('Tunnel connection failed: 403 Forbidden')))",text/html,,,,,,,,,none,none,none,,302,identical,,REST,rest:sfw_publication,no,0,
https://new.soilfoodweb.com/publication/vermicompost-extracts-influence-growth-mineral-nutrients-phytonutrients-and-antioxidant-activity-in-pak-choi-brassica-rapa-cv-bonsai-chinensis-group-grown-under-vermicompost-and-chemical-fertili/,publication,302,https://doi.org/10.1002/jsfa.3732,302->https://doi.org/10.1002/jsfa.3732,"ProxyError: HTTPSConnectionPool(host='doi.org', port=443): Max retries exceeded with url: /10.1002/jsfa.3732 (Caused by ProxyError('Unable to connect to proxy', OSError('Tunnel connection failed: 403 Forbidden')))",text/html,,,,,,,,,none,none,none,,302,identical,,REST,rest:sfw_publication,no,0,
https://new.soilfoodweb.com/publication/wildlife-and-the-remediation-of-contaminated-soils-extending-the-analysis-of-ecological-risks-to-habitat-restoration/,publication,200,https://new.soilfoodweb.com/publication/wildlife-and-the-remediation-of-contaminated-soils-extending-the-analysis-of-ecological-risks-to-habitat-restoration/,,,text/html,Wildlife and the remediation of contaminated soils: Extending the analysis of ecological risks to habitat restoration – Soil Food Web Foundation,Wildlife and the remediation of contaminated soils: Extending the analysis of ecological risks to habitat restoration,1,"noindex, nofollow",https://new.soilfoodweb.com/publication/wildlife-and-the-remediation-of-contaminated-soils-extending-the-analysis-of-ecological-risks-to-habitat-restoration/,yes,38,"width=device-width, initial-scale=1, maximum-scale=1, user-scalable=0",menu-v1,ocm-v1,footer-v1,DYNAMIC,200,identical,,"REST,crawl",rest:sfw_publication,no,2,VIEWPORT-BLOCKS-ZOOM
https://new.soilfoodweb.com/publication/winter-soil-co2-flux-from-different-mid-latitude-sites-from-middle-taihang-mountain-in-north-china/,publication,302,https://doi.org/10.1371/journal.pone.0091589,302->https://doi.org/10.1371/journal.pone.0091589,"ProxyError: HTTPSConnectionPool(host='doi.org', port=443): Max retries exceeded with url: /10.1371/journal.pone.0091589 (Caused by ProxyError('Unable to connect to proxy', OSError('Tunnel connection failed: 403 Forbidden')))",text/html,,,,,,,,,none,none,none,,302,identical,,REST,rest:sfw_publication,no,0,
https://new.soilfoodweb.com/publications/,page,200,https://new.soilfoodweb.com/publications/,,,text/html,Publications – Soil Food Web Foundation,The research behind living soil,1,"noindex, nofollow",https://new.soilfoodweb.com/publications/,yes,4112,"width=device-width, initial-scale=1, maximum-scale=1, user-scalable=0",menu-v1,ocm-v1,footer-v1,DYNAMIC,200,identical,,"REST,crawl",rest:page,yes,410,PLACEHOLDER:citation not verified; VIEWPORT-BLOCKS-ZOOM
https://new.soilfoodweb.com/publications/?sfw_pub_collection=dr-elaines-publications,page,200,https://new.soilfoodweb.com/publications/?sfw_pub_collection=dr-elaines-publications,,,text/html,Publications – Soil Food Web Foundation,The research behind living soil,1,"noindex, nofollow",https://new.soilfoodweb.com/publications/,no,2642,"width=device-width, initial-scale=1, maximum-scale=1, user-scalable=0",menu-v1,ocm-v1,footer-v1,DYNAMIC,200,identical,,crawl,/publications/,no,4,VIEWPORT-BLOCKS-ZOOM
https://new.soilfoodweb.com/publications/?sfw_pub_collection=internet-articles,page,200,https://new.soilfoodweb.com/publications/?sfw_pub_collection=internet-articles,,,text/html,Publications – Soil Food Web Foundation,The research behind living soil,1,"noindex, nofollow",https://new.soilfoodweb.com/publications/,no,242,"width=device-width, initial-scale=1, maximum-scale=1, user-scalable=0",menu-v1,ocm-v1,footer-v1,DYNAMIC,200,identical,,crawl,/publications/,no,4,THIN; VIEWPORT-BLOCKS-ZOOM
https://new.soilfoodweb.com/publications/?sfw_pub_collection=other-relevant-publications,page,200,https://new.soilfoodweb.com/publications/?sfw_pub_collection=other-relevant-publications,,,text/html,Publications – Soil Food Web Foundation,The research behind living soil,1,"noindex, nofollow",https://new.soilfoodweb.com/publications/,no,1530,"width=device-width, initial-scale=1, maximum-scale=1, user-scalable=0",menu-v1,ocm-v1,footer-v1,DYNAMIC,200,identical,,crawl,/publications/,no,4,PLACEHOLDER:citation not verified; VIEWPORT-BLOCKS-ZOOM
https://new.soilfoodweb.com/publications/soil-sample-shovel-and-bag-1/,attachment page,200,https://new.soilfoodweb.com/wp-content/uploads/2026/09/soil-sample-shovel-and-bag-1.jpg,301->https://new.soilfoodweb.com/wp-content/uploads/2026/09/soil-sample-shovel-and-bag-1.jpg,,image/jpeg,,,,,,,,,none,none,none,REVALIDATED,200,identical,,REST,rest:attachment,no,0,
https://new.soilfoodweb.com/retirement-announcement-dr-elaine-ingham/,post,200,https://new.soilfoodweb.com/retirement-announcement-dr-elaine-ingham/,,,text/html,Retirement Announcement: Dr. Elaine Ingham – Soil Food Web Foundation,Retirement Announcement: Dr. Elaine Ingham,1,"noindex, nofollow",https://new.soilfoodweb.com/retirement-announcement-dr-elaine-ingham/,yes,580,"width=device-width, initial-scale=1, maximum-scale=1, user-scalable=0",menu-v1,ocm-v1,footer-v1,DYNAMIC,200,identical,,"REST,crawl",rest:post,no,9,VIEWPORT-BLOCKS-ZOOM
https://new.soilfoodweb.com/sadhguru-and-the-soil-food-web/,post,200,https://new.soilfoodweb.com/sadhguru-and-the-soil-food-web/,,,text/html,Sadhguru and the Soil Food Web – Soil Food Web Foundation,Sadhguru and the Soil Food Web,1,"noindex, nofollow",https://new.soilfoodweb.com/sadhguru-and-the-soil-food-web/,yes,679,"width=device-width, initial-scale=1, maximum-scale=1, user-scalable=0",menu-v1,ocm-v1,footer-v1,DYNAMIC,200,identical,,"REST,crawl",rest:post,no,6,VIEWPORT-BLOCKS-ZOOM
https://new.soilfoodweb.com/scholarship-opportunities/,page,200,https://new.soilfoodweb.com/scholarship-opportunities/,,,text/html,Scholarship Opportunities​​​​​​​ – Soil Food Web Foundation,Scholarship Opportunities,1,"noindex, nofollow",https://new.soilfoodweb.com/scholarship-opportunities/,yes,21,"width=device-width, initial-scale=1, maximum-scale=1, user-scalable=0",menu-v1,ocm-v1,footer-v1,DYNAMIC,200,identical,,"REST,crawl",rest:page,no,1,THIN; VIEWPORT-BLOCKS-ZOOM
https://new.soilfoodweb.com/scholarship/,page,200,https://new.soilfoodweb.com/scholarship/,,,text/html,Scholarship – Soil Food Web Foundation,Increasing the accessibility of our programs and the diversity of our community | How it works,2,"noindex, nofollow",https://new.soilfoodweb.com/scholarship/,yes,291,"width=device-width, initial-scale=1, maximum-scale=1, user-scalable=0",menu-v1,ocm-v1,footer-v1,DYNAMIC,200,identical,,"REST,crawl",rest:page,yes,410,THIN; PLACEHOLDER:John Doe|[VERIFY review cadence and criteria with; VIEWPORT-BLOCKS-ZOOM; H1x2
https://new.soilfoodweb.com/scholarship/screenshot-2026-08-28-095820/,attachment page,200,https://new.soilfoodweb.com/wp-content/uploads/2026/08/Screenshot-2026-08-28-095820.png,301->https://new.soilfoodweb.com/wp-content/uploads/2026/08/Screenshot-2026-08-28-095820.png,,image/png,,,,,,,,,none,none,none,MISS,200,identical,,REST,rest:attachment,no,0,
https://new.soilfoodweb.com/sfw-directory/,page,200,https://new.soilfoodweb.com/sfw-directory/,,,text/html,SFW Directory – Soil Food Web Foundation,,0,"noindex, nofollow",https://new.soilfoodweb.com/sfw-directory/,yes,449,"width=device-width, initial-scale=1, maximum-scale=1, user-scalable=0",menu-v1,ocm-v1,footer-v1,DYNAMIC,200,identical (see note),main content differs only in randomised directory order (not a cache issue),REST,rest:page,no,0,VIEWPORT-BLOCKS-ZOOM; NO-H1
https://new.soilfoodweb.com/soil-food-web-advanced-programs-reopen-2026/,post,200,https://new.soilfoodweb.com/soil-food-web-advanced-programs-reopen-2026/,,,text/html,Soil Food Web School Advanced Programs Are Reopening! – Soil Food Web Foundation,Soil Food Web School Advanced Programs Are Reopening! | Soil Food Web School Advanced Programs Are Now Available!,2,"noindex, nofollow",https://new.soilfoodweb.com/soil-food-web-advanced-programs-reopen-2026/,yes,1148,"width=device-width, initial-scale=1, maximum-scale=1, user-scalable=0",menu-v1,ocm-v1,footer-v1,DYNAMIC,200,identical,,"REST,crawl",rest:post,no,18,VIEWPORT-BLOCKS-ZOOM; H1x2
https://new.soilfoodweb.com/soil-food-web-foundation-launches-as-nonprofit-to-carry-forward-dr-elaine-inghams-legacy/,post,200,https://new.soilfoodweb.com/soil-food-web-foundation-launches-as-nonprofit-to-carry-forward-dr-elaine-inghams-legacy/,,,text/html,Soil Food Web Foundation Launches as Nonprofit to Carry Forward Dr. Elaine Ingham’s Legacy – Soil Food Web Foundation,Soil Food Web Foundation Launches as Nonprofit to Carry Forward Dr. Elaine Ingham’s Legacy,1,"noindex, nofollow",https://new.soilfoodweb.com/soil-food-web-foundation-launches-as-nonprofit-to-carry-forward-dr-elaine-inghams-legacy/,yes,670,"width=device-width, initial-scale=1, maximum-scale=1, user-scalable=0",menu-v1,ocm-v1,footer-v1,DYNAMIC,200,identical,,"REST,crawl",rest:post,no,10,VIEWPORT-BLOCKS-ZOOM
https://new.soilfoodweb.com/soil-food-web-foundation-welcomes-eric-feiler/,post,200,https://new.soilfoodweb.com/soil-food-web-foundation-welcomes-eric-feiler/,,,text/html,The Soil Food Web Welcomes a New Board Member – Eric Feiler – Soil Food Web Foundation,The Soil Food Web Welcomes a New Board Member – Eric Feiler,1,"noindex, nofollow",https://new.soilfoodweb.com/soil-food-web-foundation-welcomes-eric-feiler/,yes,763,"width=device-width, initial-scale=1, maximum-scale=1, user-scalable=0",menu-v1,ocm-v1,footer-v1,DYNAMIC,200,identical (see note),main content differs only in randomised 'related posts' block (not a cache issue),"REST,crawl",rest:post,no,13,VIEWPORT-BLOCKS-ZOOM
https://new.soilfoodweb.com/soil-food-web-school-first-permaculture-design-certificate-course/,post,200,https://new.soilfoodweb.com/soil-food-web-school-first-permaculture-design-certificate-course/,,,text/html,The Soil Food Web School Launches Its First-Ever Permaculture Design Certificate Course — A Milestone Moment for Regenerative Education – Soil Food Web Foundation,The Soil Food Web School Launches Its First-Ever Permaculture Design Certificate Course — A Milestone Moment for Regenerative Education | The Soil Food Web School Launches Its First-Ever Permaculture Design Certificate Course — A Milestone Moment for Regenerative Education,2,"noindex, nofollow",https://new.soilfoodweb.com/soil-food-web-school-first-permaculture-design-certificate-course/,yes,1283,"width=device-width, initial-scale=1, maximum-scale=1, user-scalable=0",menu-v1,ocm-v1,footer-v1,DYNAMIC,200,identical,,"REST,crawl",rest:post,no,26,VIEWPORT-BLOCKS-ZOOM; H1x2
https://new.soilfoodweb.com/soil-health-week-2025-wild-soils-uk-and-trashit-bring-the-soil-food-web-approach-to-pakistan/,post,200,https://new.soilfoodweb.com/soil-health-week-2025-wild-soils-uk-and-trashit-bring-the-soil-food-web-approach-to-pakistan/,,,text/html,Soil Health Week 2025: Wild Soils UK and TrashIt Bring the Soil Food Web Approach to Pakistan – Soil Food Web Foundation,Soil Health Week 2025: Wild Soils UK and TrashIt Bring the Soil Food Web Approach to Pakistan,1,"noindex, nofollow",https://new.soilfoodweb.com/soil-health-week-2025-wild-soils-uk-and-trashit-bring-the-soil-food-web-approach-to-pakistan/,yes,800,"width=device-width, initial-scale=1, maximum-scale=1, user-scalable=0",menu-v1,ocm-v1,footer-v1,DYNAMIC,200,identical,,"REST,crawl",rest:post,no,10,VIEWPORT-BLOCKS-ZOOM
https://new.soilfoodweb.com/student-map/,page,200,https://new.soilfoodweb.com/student-map/,,,text/html,Student Map – Soil Food Web Foundation,SFW Student Map,1,"noindex, nofollow",https://new.soilfoodweb.com/student-map/,yes,12,"width=device-width, initial-scale=1, maximum-scale=1, user-scalable=0",menu-v1,ocm-v1,footer-v1,DYNAMIC,200,identical,,REST,rest:page,no,0,THIN; VIEWPORT-BLOCKS-ZOOM
https://new.soilfoodweb.com/student-profile-su-kahumbu-stephanou/,post,200,https://new.soilfoodweb.com/student-profile-su-kahumbu-stephanou/,,,text/html,Student Profile: Su Kahumbu Stephanou – Soil Food Web Foundation,Student Profile: Su Kahumbu Stephanou,1,"noindex, nofollow",https://new.soilfoodweb.com/student-profile-su-kahumbu-stephanou/,yes,588,"width=device-width, initial-scale=1, maximum-scale=1, user-scalable=0",menu-v1,ocm-v1,footer-v1,DYNAMIC,200,identical,,"REST,crawl",rest:post,no,14,VIEWPORT-BLOCKS-ZOOM
https://new.soilfoodweb.com/tag/advanced-courses/,tag archive,200,https://new.soilfoodweb.com/tag/advanced-courses/,,,text/html,Advanced Courses – Soil Food Web Foundation,Advanced Courses,1,"noindex, nofollow",,,84,"width=device-width, initial-scale=1, maximum-scale=1, user-scalable=0",menu-v1,ocm-v1,footer-v1,DYNAMIC,200,identical,,"REST,crawl",rest:post_tag,no,55,VIEWPORT-BLOCKS-ZOOM
https://new.soilfoodweb.com/tag/africa/,tag archive,200,https://new.soilfoodweb.com/tag/africa/,,,text/html,Africa – Soil Food Web Foundation,Africa,1,"noindex, nofollow",,,76,"width=device-width, initial-scale=1, maximum-scale=1, user-scalable=0",menu-v1,ocm-v1,footer-v1,DYNAMIC,200,identical,,"REST,crawl",rest:post_tag,no,55,VIEWPORT-BLOCKS-ZOOM
https://new.soilfoodweb.com/tag/agroecological-model/,tag archive,200,https://new.soilfoodweb.com/tag/agroecological-model/,,,text/html,Agroecological Model – Soil Food Web Foundation,Agroecological Model,1,"noindex, nofollow",,,95,"width=device-width, initial-scale=1, maximum-scale=1, user-scalable=0",menu-v1,ocm-v1,footer-v1,DYNAMIC,200,identical,,"REST,crawl",rest:post_tag,no,55,VIEWPORT-BLOCKS-ZOOM
https://new.soilfoodweb.com/tag/board-member/,tag archive,200,https://new.soilfoodweb.com/tag/board-member/,,,text/html,Board Member – Soil Food Web Foundation,Board Member,1,"noindex, nofollow",,,92,"width=device-width, initial-scale=1, maximum-scale=1, user-scalable=0",menu-v1,ocm-v1,footer-v1,DYNAMIC,200,identical,,"REST,crawl",rest:post_tag,no,55,VIEWPORT-BLOCKS-ZOOM
https://new.soilfoodweb.com/tag/courses/,tag archive,200,https://new.soilfoodweb.com/tag/courses/,,,text/html,Courses – Soil Food Web Foundation,Courses,1,"noindex, nofollow",,,83,"width=device-width, initial-scale=1, maximum-scale=1, user-scalable=0",menu-v1,ocm-v1,footer-v1,DYNAMIC,200,identical,,"REST,crawl",rest:post_tag,no,55,VIEWPORT-BLOCKS-ZOOM
https://new.soilfoodweb.com/tag/ecological-succession/,tag archive,200,https://new.soilfoodweb.com/tag/ecological-succession/,,,text/html,Ecological succession – Soil Food Web Foundation,Ecological succession,1,"noindex, nofollow",,,95,"width=device-width, initial-scale=1, maximum-scale=1, user-scalable=0",menu-v1,ocm-v1,footer-v1,DYNAMIC,200,identical,,"REST,crawl",rest:post_tag,no,55,VIEWPORT-BLOCKS-ZOOM
https://new.soilfoodweb.com/tag/ecosystem-redesign/,tag archive,200,https://new.soilfoodweb.com/tag/ecosystem-redesign/,,,text/html,Ecosystem redesign – Soil Food Web Foundation,Ecosystem redesign,1,"noindex, nofollow",,,95,"width=device-width, initial-scale=1, maximum-scale=1, user-scalable=0",menu-v1,ocm-v1,footer-v1,DYNAMIC,200,identical,,"REST,crawl",rest:post_tag,no,55,VIEWPORT-BLOCKS-ZOOM
https://new.soilfoodweb.com/tag/educational/,tag archive,200,https://new.soilfoodweb.com/tag/educational/,,,text/html,Educational – Soil Food Web Foundation,Educational,1,"noindex, nofollow",,,91,"width=device-width, initial-scale=1, maximum-scale=1, user-scalable=0",menu-v1,ocm-v1,footer-v1,DYNAMIC,200,identical,,"REST,crawl",rest:post_tag,no,55,VIEWPORT-BLOCKS-ZOOM
https://new.soilfoodweb.com/tag/environmental-challenges/,tag archive,200,https://new.soilfoodweb.com/tag/environmental-challenges/,,,text/html,Environmental Challenges – Soil Food Web Foundation,Environmental Challenges,1,"noindex, nofollow",,,95,"width=device-width, initial-scale=1, maximum-scale=1, user-scalable=0",menu-v1,ocm-v1,footer-v1,DYNAMIC,200,identical,,"REST,crawl",rest:post_tag,no,55,VIEWPORT-BLOCKS-ZOOM
https://new.soilfoodweb.com/tag/ernst-gotsch/,tag archive,200,https://new.soilfoodweb.com/tag/ernst-gotsch/,,,text/html,Ernst Gotsch – Soil Food Web Foundation,Ernst Gotsch,1,"noindex, nofollow",,,95,"width=device-width, initial-scale=1, maximum-scale=1, user-scalable=0",menu-v1,ocm-v1,footer-v1,DYNAMIC,200,identical,,"REST,crawl",rest:post_tag,no,55,VIEWPORT-BLOCKS-ZOOM
https://new.soilfoodweb.com/tag/icow/,tag archive,200,https://new.soilfoodweb.com/tag/icow/,,,text/html,iCow – Soil Food Web Foundation,iCow,1,"noindex, nofollow",,,76,"width=device-width, initial-scale=1, maximum-scale=1, user-scalable=0",menu-v1,ocm-v1,footer-v1,DYNAMIC,200,identical,,"REST,crawl",rest:post_tag,no,55,VIEWPORT-BLOCKS-ZOOM
https://new.soilfoodweb.com/tag/kenya/,tag archive,200,https://new.soilfoodweb.com/tag/kenya/,,,text/html,Kenya – Soil Food Web Foundation,Kenya,1,"noindex, nofollow",,,76,"width=device-width, initial-scale=1, maximum-scale=1, user-scalable=0",menu-v1,ocm-v1,footer-v1,DYNAMIC,200,identical,,"REST,crawl",rest:post_tag,no,55,VIEWPORT-BLOCKS-ZOOM
https://new.soilfoodweb.com/tag/pdc/,tag archive,200,https://new.soilfoodweb.com/tag/pdc/,,,text/html,PDC – Soil Food Web Foundation,PDC,1,"noindex, nofollow",,,106,"width=device-width, initial-scale=1, maximum-scale=1, user-scalable=0",menu-v1,ocm-v1,footer-v1,DYNAMIC,200,identical,,"REST,crawl",rest:post_tag,no,55,VIEWPORT-BLOCKS-ZOOM
https://new.soilfoodweb.com/tag/regenerative-agriculture/,tag archive,200,https://new.soilfoodweb.com/tag/regenerative-agriculture/,,,text/html,Regenerative Agriculture – Soil Food Web Foundation,Regenerative Agriculture,1,"noindex, nofollow",,,95,"width=device-width, initial-scale=1, maximum-scale=1, user-scalable=0",menu-v1,ocm-v1,footer-v1,DYNAMIC,200,identical,,"REST,crawl",rest:post_tag,no,55,VIEWPORT-BLOCKS-ZOOM
https://new.soilfoodweb.com/tag/soil-food-web-school/,tag archive,200,https://new.soilfoodweb.com/tag/soil-food-web-school/,,,text/html,Soil Food Web School – Soil Food Web Foundation,Soil Food Web School,1,"noindex, nofollow",,,97,"width=device-width, initial-scale=1, maximum-scale=1, user-scalable=0",menu-v1,ocm-v1,footer-v1,DYNAMIC,200,identical,,"REST,crawl",rest:post_tag,no,55,VIEWPORT-BLOCKS-ZOOM
https://new.soilfoodweb.com/tag/soil-food-web/,tag archive,200,https://new.soilfoodweb.com/tag/soil-food-web/,,,text/html,Soil Food Web – Soil Food Web Foundation,Soil Food Web,1,"noindex, nofollow",,,137,"width=device-width, initial-scale=1, maximum-scale=1, user-scalable=0",menu-v1,ocm-v1,footer-v1,DYNAMIC,200,identical,,"REST,crawl",rest:post_tag,no,55,VIEWPORT-BLOCKS-ZOOM
https://new.soilfoodweb.com/tag/soil-microbiology/,tag archive,200,https://new.soilfoodweb.com/tag/soil-microbiology/,,,text/html,Soil Microbiology – Soil Food Web Foundation,Soil Microbiology,1,"noindex, nofollow",,,95,"width=device-width, initial-scale=1, maximum-scale=1, user-scalable=0",menu-v1,ocm-v1,footer-v1,DYNAMIC,200,identical,,"REST,crawl",rest:post_tag,no,55,VIEWPORT-BLOCKS-ZOOM
https://new.soilfoodweb.com/tag/student-spotlight/,tag archive,200,https://new.soilfoodweb.com/tag/student-spotlight/,,,text/html,Student Spotlight – Soil Food Web Foundation,Student Spotlight,1,"noindex, nofollow",,,77,"width=device-width, initial-scale=1, maximum-scale=1, user-scalable=0",menu-v1,ocm-v1,footer-v1,DYNAMIC,200,identical,,"REST,crawl",rest:post_tag,no,55,VIEWPORT-BLOCKS-ZOOM
https://new.soilfoodweb.com/tag/sustainability/,tag archive,200,https://new.soilfoodweb.com/tag/sustainability/,,,text/html,Sustainability – Soil Food Web Foundation,Sustainability,1,"noindex, nofollow",,,106,"width=device-width, initial-scale=1, maximum-scale=1, user-scalable=0",menu-v1,ocm-v1,footer-v1,DYNAMIC,200,identical,,"REST,crawl",rest:post_tag,no,55,VIEWPORT-BLOCKS-ZOOM
https://new.soilfoodweb.com/tag/symbiotic-impact/,tag archive,200,https://new.soilfoodweb.com/tag/symbiotic-impact/,,,text/html,Symbiotic impact – Soil Food Web Foundation,Symbiotic impact,1,"noindex, nofollow",,,95,"width=device-width, initial-scale=1, maximum-scale=1, user-scalable=0",menu-v1,ocm-v1,footer-v1,DYNAMIC,200,identical,,"REST,crawl",rest:post_tag,no,55,VIEWPORT-BLOCKS-ZOOM
https://new.soilfoodweb.com/tag/world-soil-day/,tag archive,200,https://new.soilfoodweb.com/tag/world-soil-day/,,,text/html,World Soil Day – Soil Food Web Foundation,World Soil Day,1,"noindex, nofollow",,,78,"width=device-width, initial-scale=1, maximum-scale=1, user-scalable=0",menu-v1,ocm-v1,footer-v1,DYNAMIC,200,identical,,"REST,crawl",rest:post_tag,no,55,VIEWPORT-BLOCKS-ZOOM
https://new.soilfoodweb.com/team-member/alex-andreou/,team-member,200,https://new.soilfoodweb.com/team-member/alex-andreou/,,,text/html,Alex Andreou – Soil Food Web Foundation,Alex Andreou,1,"noindex, nofollow",https://new.soilfoodweb.com/team-member/alex-andreou/,yes,201,"width=device-width, initial-scale=1, maximum-scale=1, user-scalable=0",menu-v1,ocm-v1,footer-v1,DYNAMIC,200,identical,,"REST,crawl",rest:team_member,no,2,VIEWPORT-BLOCKS-ZOOM
https://new.soilfoodweb.com/team-member/aysen-ustunay/,team-member,200,https://new.soilfoodweb.com/team-member/aysen-ustunay/,,,text/html,Ayşen Üstünay – Soil Food Web Foundation,Ayşen Üstünay,1,"noindex, nofollow",https://new.soilfoodweb.com/team-member/aysen-ustunay/,yes,160,"width=device-width, initial-scale=1, maximum-scale=1, user-scalable=0",menu-v1,ocm-v1,footer-v1,DYNAMIC,200,identical,,"REST,crawl",rest:team_member,no,2,VIEWPORT-BLOCKS-ZOOM
https://new.soilfoodweb.com/team-member/brian-daubenspeck/,team-member,200,https://new.soilfoodweb.com/team-member/brian-daubenspeck/,,,text/html,Brian Daubenspeck – Soil Food Web Foundation,Brian Daubenspeck,1,"noindex, nofollow",https://new.soilfoodweb.com/team-member/brian-daubenspeck/,yes,88,"width=device-width, initial-scale=1, maximum-scale=1, user-scalable=0",menu-v1,ocm-v1,footer-v1,DYNAMIC,200,identical,,"REST,crawl",rest:team_member,no,2,VIEWPORT-BLOCKS-ZOOM
https://new.soilfoodweb.com/team-member/casey-williams/,team-member,200,https://new.soilfoodweb.com/team-member/casey-williams/,,,text/html,Casey Williams – Soil Food Web Foundation,Casey Williams,1,"noindex, nofollow",https://new.soilfoodweb.com/team-member/casey-williams/,yes,131,"width=device-width, initial-scale=1, maximum-scale=1, user-scalable=0",menu-v1,ocm-v1,footer-v1,DYNAMIC,200,identical,,"REST,crawl",rest:team_member,no,2,VIEWPORT-BLOCKS-ZOOM
https://new.soilfoodweb.com/team-member/delvin-solkinson/,team-member,200,https://new.soilfoodweb.com/team-member/delvin-solkinson/,,,text/html,Delvin Solkinson – Soil Food Web Foundation,Delvin Solkinson,1,"noindex, nofollow",https://new.soilfoodweb.com/team-member/delvin-solkinson/,yes,303,"width=device-width, initial-scale=1, maximum-scale=1, user-scalable=0",menu-v1,ocm-v1,footer-v1,DYNAMIC,200,identical,,"REST,crawl",rest:team_member,no,2,VIEWPORT-BLOCKS-ZOOM
https://new.soilfoodweb.com/team-member/dora-tkalec/,team-member,200,https://new.soilfoodweb.com/team-member/dora-tkalec/,,,text/html,Dora Tkalec – Soil Food Web Foundation,Dora Tkalec,1,"noindex, nofollow",https://new.soilfoodweb.com/team-member/dora-tkalec/,yes,202,"width=device-width, initial-scale=1, maximum-scale=1, user-scalable=0",menu-v1,ocm-v1,footer-v1,DYNAMIC,200,identical,,"REST,crawl",rest:team_member,no,2,VIEWPORT-BLOCKS-ZOOM
https://new.soilfoodweb.com/team-member/dr-carla-ribeiro-machado-e-portugal/,team-member,200,https://new.soilfoodweb.com/team-member/dr-carla-ribeiro-machado-e-portugal/,,,text/html,Dr. Carla Ribeiro Machado e Portugal – Soil Food Web Foundation,Dr. Carla Ribeiro Machado e Portugal,1,"noindex, nofollow",https://new.soilfoodweb.com/team-member/dr-carla-ribeiro-machado-e-portugal/,yes,216,"width=device-width, initial-scale=1, maximum-scale=1, user-scalable=0",menu-v1,ocm-v1,footer-v1,DYNAMIC,200,identical,,"REST,crawl",rest:team_member,no,2,VIEWPORT-BLOCKS-ZOOM
https://new.soilfoodweb.com/team-member/dr-elaine-ingham/,team-member,200,https://new.soilfoodweb.com/team-member/dr-elaine-ingham/,,,text/html,Dr. Elaine Ingham – Soil Food Web Foundation,Dr. Elaine Ingham,1,"noindex, nofollow",https://new.soilfoodweb.com/team-member/dr-elaine-ingham/,yes,294,"width=device-width, initial-scale=1, maximum-scale=1, user-scalable=0",menu-v1,ocm-v1,footer-v1,DYNAMIC,200,identical,,"REST,crawl",rest:team_member,no,2,VIEWPORT-BLOCKS-ZOOM
https://new.soilfoodweb.com/team-member/elena-kalli/,team-member,200,https://new.soilfoodweb.com/team-member/elena-kalli/,,,text/html,Elena Kalli – Soil Food Web Foundation,Elena Kalli,1,"noindex, nofollow",https://new.soilfoodweb.com/team-member/elena-kalli/,yes,167,"width=device-width, initial-scale=1, maximum-scale=1, user-scalable=0",menu-v1,ocm-v1,footer-v1,DYNAMIC,200,identical,,"REST,crawl",rest:team_member,no,2,VIEWPORT-BLOCKS-ZOOM
https://new.soilfoodweb.com/team-member/eric-feiler/,team-member,200,https://new.soilfoodweb.com/team-member/eric-feiler/,,,text/html,Eric Feiler – Soil Food Web Foundation,Eric Feiler,1,"noindex, nofollow",https://new.soilfoodweb.com/team-member/eric-feiler/,yes,85,"width=device-width, initial-scale=1, maximum-scale=1, user-scalable=0",menu-v1,ocm-v1,footer-v1,DYNAMIC,200,identical,,"REST,crawl",rest:team_member,no,2,VIEWPORT-BLOCKS-ZOOM
https://new.soilfoodweb.com/team-member/evan-buckman/,team-member,200,https://new.soilfoodweb.com/team-member/evan-buckman/,,,text/html,Evan Buckman – Soil Food Web Foundation,Evan Buckman,1,"noindex, nofollow",https://new.soilfoodweb.com/team-member/evan-buckman/,yes,342,"width=device-width, initial-scale=1, maximum-scale=1, user-scalable=0",menu-v1,ocm-v1,footer-v1,DYNAMIC,200,identical,,"REST,crawl",rest:team_member,no,2,VIEWPORT-BLOCKS-ZOOM
https://new.soilfoodweb.com/team-member/gerald-ramirez/,team-member,200,https://new.soilfoodweb.com/team-member/gerald-ramirez/,,,text/html,Gerald Ramírez – Soil Food Web Foundation,Gerald Ramírez,1,"noindex, nofollow",https://new.soilfoodweb.com/team-member/gerald-ramirez/,yes,124,"width=device-width, initial-scale=1, maximum-scale=1, user-scalable=0",menu-v1,ocm-v1,footer-v1,DYNAMIC,200,identical,,"REST,crawl",rest:team_member,no,2,VIEWPORT-BLOCKS-ZOOM
https://new.soilfoodweb.com/team-member/ib-borup-pedersen/,team-member,200,https://new.soilfoodweb.com/team-member/ib-borup-pedersen/,,,text/html,Ib Borup Pedersen – Soil Food Web Foundation,Ib Borup Pedersen,1,"noindex, nofollow",https://new.soilfoodweb.com/team-member/ib-borup-pedersen/,yes,226,"width=device-width, initial-scale=1, maximum-scale=1, user-scalable=0",menu-v1,ocm-v1,footer-v1,DYNAMIC,200,identical,,"REST,crawl",rest:team_member,no,2,VIEWPORT-BLOCKS-ZOOM
https://new.soilfoodweb.com/team-member/isadora-shmidt/,team-member,200,https://new.soilfoodweb.com/team-member/isadora-shmidt/,,,text/html,Isadora Shmidt – Soil Food Web Foundation,Isadora Shmidt,1,"noindex, nofollow",https://new.soilfoodweb.com/team-member/isadora-shmidt/,yes,194,"width=device-width, initial-scale=1, maximum-scale=1, user-scalable=0",menu-v1,ocm-v1,footer-v1,DYNAMIC,200,identical,,"REST,crawl",rest:team_member,no,2,VIEWPORT-BLOCKS-ZOOM
https://new.soilfoodweb.com/team-member/jenna-noel/,team-member,200,https://new.soilfoodweb.com/team-member/jenna-noel/,,,text/html,Jenna Noel – Soil Food Web Foundation,Jenna Noel,1,"noindex, nofollow",https://new.soilfoodweb.com/team-member/jenna-noel/,yes,105,"width=device-width, initial-scale=1, maximum-scale=1, user-scalable=0",menu-v1,ocm-v1,footer-v1,DYNAMIC,200,identical,,"REST,crawl",rest:team_member,no,2,VIEWPORT-BLOCKS-ZOOM
https://new.soilfoodweb.com/team-member/leslie-w-lewis-ph-d/,team-member,200,https://new.soilfoodweb.com/team-member/leslie-w-lewis-ph-d/,,,text/html,"Leslie W. Lewis, Ph.D. – Soil Food Web Foundation","Leslie W. Lewis, Ph.D.",1,"noindex, nofollow",https://new.soilfoodweb.com/team-member/leslie-w-lewis-ph-d/,yes,173,"width=device-width, initial-scale=1, maximum-scale=1, user-scalable=0",menu-v1,ocm-v1,footer-v1,DYNAMIC,200,identical,,"REST,crawl",rest:team_member,no,2,VIEWPORT-BLOCKS-ZOOM
https://new.soilfoodweb.com/team-member/loida-vasquez/,team-member,200,https://new.soilfoodweb.com/team-member/loida-vasquez/,,,text/html,Loida Vasquez – Soil Food Web Foundation,Loida Vasquez,1,"noindex, nofollow",https://new.soilfoodweb.com/team-member/loida-vasquez/,yes,179,"width=device-width, initial-scale=1, maximum-scale=1, user-scalable=0",menu-v1,ocm-v1,footer-v1,DYNAMIC,200,identical,,"REST,crawl",rest:team_member,no,2,VIEWPORT-BLOCKS-ZOOM
https://new.soilfoodweb.com/team-member/nick-padwick/,team-member,200,https://new.soilfoodweb.com/team-member/nick-padwick/,,,text/html,Nick Padwick – Soil Food Web Foundation,Nick Padwick,1,"noindex, nofollow",https://new.soilfoodweb.com/team-member/nick-padwick/,yes,279,"width=device-width, initial-scale=1, maximum-scale=1, user-scalable=0",menu-v1,ocm-v1,footer-v1,DYNAMIC,200,identical,,"REST,crawl",rest:team_member,no,2,VIEWPORT-BLOCKS-ZOOM
https://new.soilfoodweb.com/team-member/pranjal-rajput/,team-member,200,https://new.soilfoodweb.com/team-member/pranjal-rajput/,,,text/html,Pranjal Rajput – Soil Food Web Foundation,Pranjal Rajput,1,"noindex, nofollow",https://new.soilfoodweb.com/team-member/pranjal-rajput/,yes,361,"width=device-width, initial-scale=1, maximum-scale=1, user-scalable=0",menu-v1,ocm-v1,footer-v1,DYNAMIC,200,identical,,"REST,crawl",rest:team_member,no,2,VIEWPORT-BLOCKS-ZOOM
https://new.soilfoodweb.com/team-member/sammie-bass/,team-member,200,https://new.soilfoodweb.com/team-member/sammie-bass/,,,text/html,Sammie Bass – Soil Food Web Foundation,Sammie Bass,1,"noindex, nofollow",https://new.soilfoodweb.com/team-member/sammie-bass/,yes,155,"width=device-width, initial-scale=1, maximum-scale=1, user-scalable=0",menu-v1,ocm-v1,footer-v1,DYNAMIC,200,identical,,"REST,crawl",rest:team_member,no,2,VIEWPORT-BLOCKS-ZOOM
https://new.soilfoodweb.com/team-member/stephanie-mcdaniel/,team-member,200,https://new.soilfoodweb.com/team-member/stephanie-mcdaniel/,,,text/html,Stephanie McDaniel – Soil Food Web Foundation,Stephanie McDaniel,1,"noindex, nofollow",https://new.soilfoodweb.com/team-member/stephanie-mcdaniel/,yes,107,"width=device-width, initial-scale=1, maximum-scale=1, user-scalable=0",menu-v1,ocm-v1,footer-v1,DYNAMIC,200,identical,,"REST,crawl",rest:team_member,no,2,VIEWPORT-BLOCKS-ZOOM
https://new.soilfoodweb.com/team-member/wesley-sander/,team-member,200,https://new.soilfoodweb.com/team-member/wesley-sander/,,,text/html,Wesley Sander – Soil Food Web Foundation,Wesley Sander,1,"noindex, nofollow",https://new.soilfoodweb.com/team-member/wesley-sander/,yes,171,"width=device-width, initial-scale=1, maximum-scale=1, user-scalable=0",menu-v1,ocm-v1,footer-v1,DYNAMIC,200,identical,,"REST,crawl",rest:team_member,no,2,VIEWPORT-BLOCKS-ZOOM
https://new.soilfoodweb.com/team/,page,200,https://new.soilfoodweb.com/team/,,,text/html,Team – Soil Food Web Foundation,The Team,1,"noindex, nofollow",https://new.soilfoodweb.com/team/,yes,116,"width=device-width, initial-scale=1, maximum-scale=1, user-scalable=0",menu-v1,ocm-v1,footer-v1,DYNAMIC,200,identical,,REST,rest:page,no,0,THIN; VIEWPORT-BLOCKS-ZOOM
https://new.soilfoodweb.com/templates-2/,page,200,https://new.soilfoodweb.com/templates-2/,,,text/html,templates 2 – Soil Food Web Foundation,Salient will breathe | new life to your | online presense.,3,"noindex, nofollow",https://new.soilfoodweb.com/templates-2/,yes,3020,"width=device-width, initial-scale=1, maximum-scale=1, user-scalable=0",menu-v1,ocm-v1,footer-v1,DYNAMIC,200,identical,,REST,rest:page,no,0,PLACEHOLDER:Lorem|Salient|ipsum; VIEWPORT-BLOCKS-ZOOM; H1x3
https://new.soilfoodweb.com/templates/,page,200,https://new.soilfoodweb.com/templates/,,,text/html,Templates – Soil Food Web Foundation,"Building stronger, more connected teams | SALIENT MAG | Frequently asked questions",3,"noindex, nofollow",https://new.soilfoodweb.com/templates/,yes,2478,"width=device-width, initial-scale=1, maximum-scale=1, user-scalable=0",menu-v1,ocm-v1,footer-v1,DYNAMIC,200,identical,,REST,rest:page,no,0,PLACEHOLDER:Lorem|Salient|Tether|ipsum; VIEWPORT-BLOCKS-ZOOM; H1x3
https://new.soilfoodweb.com/terms/,page,200,https://new.soilfoodweb.com/terms/,,,text/html,Terms & Conditions – Soil Food Web Foundation,Terms of Use,1,"noindex, nofollow",https://new.soilfoodweb.com/terms/,yes,1358,"width=device-width, initial-scale=1, maximum-scale=1, user-scalable=0",menu-v1,ocm-v1,footer-v1,DYNAMIC,200,identical,,"REST,crawl",rest:page,yes,410,VIEWPORT-BLOCKS-ZOOM
https://new.soilfoodweb.com/testimonial/amara-okafor/,testimonial,200,https://new.soilfoodweb.com/testimonial/amara-okafor/,,,text/html,Amara Okafor – Soil Food Web Foundation,Amara Okafor,1,"noindex, nofollow",https://new.soilfoodweb.com/testimonial/amara-okafor/,yes,73,"width=device-width, initial-scale=1, maximum-scale=1, user-scalable=0",menu-v1,ocm-v1,footer-v1,DYNAMIC,200,identical,,"REST,crawl",rest:sfw_testimonial,no,3,VIEWPORT-BLOCKS-ZOOM
https://new.soilfoodweb.com/testimonial/david-vance/,testimonial,200,https://new.soilfoodweb.com/testimonial/david-vance/,,,text/html,David Vance – Soil Food Web Foundation,David Vance,1,"noindex, nofollow",https://new.soilfoodweb.com/testimonial/david-vance/,yes,71,"width=device-width, initial-scale=1, maximum-scale=1, user-scalable=0",menu-v1,ocm-v1,footer-v1,DYNAMIC,200,identical,,"REST,crawl",rest:sfw_testimonial,no,3,VIEWPORT-BLOCKS-ZOOM
https://new.soilfoodweb.com/testimonial/john-doe/,testimonial,200,https://new.soilfoodweb.com/testimonial/john-doe/,,,text/html,John Doe – Soil Food Web Foundation,John Doe,1,"noindex, nofollow",https://new.soilfoodweb.com/testimonial/john-doe/,yes,85,"width=device-width, initial-scale=1, maximum-scale=1, user-scalable=0",menu-v1,ocm-v1,footer-v1,DYNAMIC,200,identical,,"REST,crawl",rest:sfw_testimonial,no,3,PLACEHOLDER:John Doe; VIEWPORT-BLOCKS-ZOOM
https://new.soilfoodweb.com/testimonial/marcus-thorne/,testimonial,200,https://new.soilfoodweb.com/testimonial/marcus-thorne/,,,text/html,Marcus Thorne – Soil Food Web Foundation,Marcus Thorne,1,"noindex, nofollow",https://new.soilfoodweb.com/testimonial/marcus-thorne/,yes,69,"width=device-width, initial-scale=1, maximum-scale=1, user-scalable=0",menu-v1,ocm-v1,footer-v1,DYNAMIC,200,identical,,"REST,crawl",rest:sfw_testimonial,no,3,VIEWPORT-BLOCKS-ZOOM
https://new.soilfoodweb.com/testimonial/yuki-tanaka/,testimonial,200,https://new.soilfoodweb.com/testimonial/yuki-tanaka/,,,text/html,Yuki Tanaka – Soil Food Web Foundation,Yuki Tanaka,1,"noindex, nofollow",https://new.soilfoodweb.com/testimonial/yuki-tanaka/,yes,68,"width=device-width, initial-scale=1, maximum-scale=1, user-scalable=0",menu-v1,ocm-v1,footer-v1,DYNAMIC,200,identical,,"REST,crawl",rest:sfw_testimonial,no,3,VIEWPORT-BLOCKS-ZOOM
https://new.soilfoodweb.com/timeline-preview/,page,200,https://new.soilfoodweb.com/timeline-preview/,,,text/html,Timeline preview – Soil Food Web Foundation,,0,"noindex, nofollow",https://new.soilfoodweb.com/timeline-preview/,yes,339,"width=device-width, initial-scale=1, maximum-scale=1, user-scalable=0",menu-v1,ocm-v1,footer-v1,DYNAMIC,200,identical,,REST,rest:page,no,0,VIEWPORT-BLOCKS-ZOOM; NO-H1
https://new.soilfoodweb.com/unconditional-freedom-at-home-and-in-the-world/,post,200,https://new.soilfoodweb.com/unconditional-freedom-at-home-and-in-the-world/,,,text/html,Unconditional Freedom: At Home and in the World – Soil Food Web Foundation,Unconditional Freedom: At Home and in the World,1,"noindex, nofollow",https://new.soilfoodweb.com/unconditional-freedom-at-home-and-in-the-world/,yes,1568,"width=device-width, initial-scale=1, maximum-scale=1, user-scalable=0",menu-v1,ocm-v1,footer-v1,DYNAMIC,200,identical,,"REST,crawl",rest:post,no,8,VIEWPORT-BLOCKS-ZOOM
https://new.soilfoodweb.com/video/172-acre-park-project/,video,200,https://new.soilfoodweb.com/video/172-acre-park-project/,,,text/html,172 Acre Park Project – Soil Food Web Foundation,172 Acre Park Project,1,"noindex, nofollow",https://new.soilfoodweb.com/video/172-acre-park-project/,yes,88,"width=device-width, initial-scale=1, maximum-scale=1, user-scalable=0",menu-v1,ocm-v1,footer-v1,DYNAMIC,200,identical,,REST,rest:sfw_video,no,0,VIEWPORT-BLOCKS-ZOOM
https://new.soilfoodweb.com/video/172-acre-park-project/?playlist=consultant-case-studies,attachment page,200,https://new.soilfoodweb.com/video/172-acre-park-project/?playlist=consultant-case-studies,,,text/html,172 Acre Park Project – Soil Food Web Foundation,172 Acre Park Project,1,"noindex, nofollow",https://new.soilfoodweb.com/video/172-acre-park-project/,no,88,"width=device-width, initial-scale=1, maximum-scale=1, user-scalable=0",menu-v1,ocm-v1,footer-v1,DYNAMIC,200,identical,,crawl,/practice/,no,13,VIEWPORT-BLOCKS-ZOOM
https://new.soilfoodweb.com/video/4000-acres-norfolk-england/,video,200,https://new.soilfoodweb.com/video/4000-acres-norfolk-england/,,,text/html,"4,000 acres Norfolk, England – Soil Food Web Foundation","4,000 acres Norfolk, England",1,"noindex, nofollow",https://new.soilfoodweb.com/video/4000-acres-norfolk-england/,yes,112,"width=device-width, initial-scale=1, maximum-scale=1, user-scalable=0",menu-v1,ocm-v1,footer-v1,DYNAMIC,200,identical,,REST,rest:sfw_video,no,0,VIEWPORT-BLOCKS-ZOOM
https://new.soilfoodweb.com/video/4000-acres-norfolk-england/?playlist=consultant-case-studies,attachment page,200,https://new.soilfoodweb.com/video/4000-acres-norfolk-england/?playlist=consultant-case-studies,,,text/html,"4,000 acres Norfolk, England – Soil Food Web Foundation","4,000 acres Norfolk, England",1,"noindex, nofollow",https://new.soilfoodweb.com/video/4000-acres-norfolk-england/,no,112,"width=device-width, initial-scale=1, maximum-scale=1, user-scalable=0",menu-v1,ocm-v1,footer-v1,DYNAMIC,200,identical,,crawl,/practice/,no,13,VIEWPORT-BLOCKS-ZOOM
https://new.soilfoodweb.com/video/about-the-soil-food-web/,video,200,https://new.soilfoodweb.com/video/about-the-soil-food-web/,,,text/html,About the Soil Food Web – Soil Food Web Foundation,About the Soil Food Web,1,"noindex, nofollow",https://new.soilfoodweb.com/video/about-the-soil-food-web/,yes,83,"width=device-width, initial-scale=1, maximum-scale=1, user-scalable=0",menu-v1,ocm-v1,footer-v1,DYNAMIC,200,identical,,REST,rest:sfw_video,no,0,VIEWPORT-BLOCKS-ZOOM
https://new.soilfoodweb.com/video/about-the-soil-food-web/?playlist=implementing-the-soil-food-web,attachment page,200,https://new.soilfoodweb.com/video/about-the-soil-food-web/?playlist=implementing-the-soil-food-web,,,text/html,About the Soil Food Web – Soil Food Web Foundation,About the Soil Food Web,1,"noindex, nofollow",https://new.soilfoodweb.com/video/about-the-soil-food-web/,no,83,"width=device-width, initial-scale=1, maximum-scale=1, user-scalable=0",menu-v1,ocm-v1,footer-v1,DYNAMIC,200,identical,,crawl,/practice/,no,5,VIEWPORT-BLOCKS-ZOOM
https://new.soilfoodweb.com/video/adam-york/,video,200,https://new.soilfoodweb.com/video/adam-york/,,,text/html,Adam York – Soil Food Web Foundation,Adam York,1,"noindex, nofollow",https://new.soilfoodweb.com/video/adam-york/,yes,66,"width=device-width, initial-scale=1, maximum-scale=1, user-scalable=0",menu-v1,ocm-v1,footer-v1,DYNAMIC,200,identical,,REST,rest:sfw_video,no,0,VIEWPORT-BLOCKS-ZOOM
https://new.soilfoodweb.com/video/adam-york/?playlist=farmer-case-studies,attachment page,200,https://new.soilfoodweb.com/video/adam-york/?playlist=farmer-case-studies,,,text/html,Adam York – Soil Food Web Foundation,Adam York,1,"noindex, nofollow",https://new.soilfoodweb.com/video/adam-york/,no,66,"width=device-width, initial-scale=1, maximum-scale=1, user-scalable=0",menu-v1,ocm-v1,footer-v1,DYNAMIC,200,identical,,crawl,/practice/,no,7,VIEWPORT-BLOCKS-ZOOM
https://new.soilfoodweb.com/video/alfalfa-potatoes-beans/,video,200,https://new.soilfoodweb.com/video/alfalfa-potatoes-beans/,,,text/html,"Alfalfa, Potatoes, & Beans – Soil Food Web Foundation","Alfalfa, Potatoes, & Beans",1,"noindex, nofollow",https://new.soilfoodweb.com/video/alfalfa-potatoes-beans/,yes,99,"width=device-width, initial-scale=1, maximum-scale=1, user-scalable=0",menu-v1,ocm-v1,footer-v1,DYNAMIC,200,identical,,REST,rest:sfw_video,no,0,VIEWPORT-BLOCKS-ZOOM
https://new.soilfoodweb.com/video/alfalfa-potatoes-beans/?playlist=consultant-case-studies,attachment page,200,https://new.soilfoodweb.com/video/alfalfa-potatoes-beans/?playlist=consultant-case-studies,,,text/html,"Alfalfa, Potatoes, & Beans – Soil Food Web Foundation","Alfalfa, Potatoes, & Beans",1,"noindex, nofollow",https://new.soilfoodweb.com/video/alfalfa-potatoes-beans/,no,99,"width=device-width, initial-scale=1, maximum-scale=1, user-scalable=0",menu-v1,ocm-v1,footer-v1,DYNAMIC,200,identical,,crawl,/practice/,no,13,VIEWPORT-BLOCKS-ZOOM
https://new.soilfoodweb.com/video/compost-producers-keisha-and-casey/,video,200,https://new.soilfoodweb.com/video/compost-producers-keisha-and-casey/,,,text/html,Compost Producers Keisha and Casey – Soil Food Web Foundation,Compost Producers Keisha and Casey,1,"noindex, nofollow",https://new.soilfoodweb.com/video/compost-producers-keisha-and-casey/,yes,34,"width=device-width, initial-scale=1, maximum-scale=1, user-scalable=0",menu-v1,ocm-v1,footer-v1,DYNAMIC,200,identical,,REST,rest:sfw_video,no,0,VIEWPORT-BLOCKS-ZOOM
https://new.soilfoodweb.com/video/compost-producers-keisha-and-casey/?playlist=testimonials,attachment page,200,https://new.soilfoodweb.com/video/compost-producers-keisha-and-casey/?playlist=testimonials,,,text/html,Compost Producers Keisha and Casey – Soil Food Web Foundation,Compost Producers Keisha and Casey,1,"noindex, nofollow",https://new.soilfoodweb.com/video/compost-producers-keisha-and-casey/,no,34,"width=device-width, initial-scale=1, maximum-scale=1, user-scalable=0",menu-v1,ocm-v1,footer-v1,DYNAMIC,200,identical,,crawl,/practice/,no,7,VIEWPORT-BLOCKS-ZOOM
https://new.soilfoodweb.com/video/consultants/,video,200,https://new.soilfoodweb.com/video/consultants/,,,text/html,Consultants – Soil Food Web Foundation,Consultants,1,"noindex, nofollow",https://new.soilfoodweb.com/video/consultants/,yes,46,"width=device-width, initial-scale=1, maximum-scale=1, user-scalable=0",menu-v1,ocm-v1,footer-v1,DYNAMIC,200,identical,,REST,rest:sfw_video,no,0,VIEWPORT-BLOCKS-ZOOM
https://new.soilfoodweb.com/video/consultants/?playlist=meet-the-soil-food-web-family,attachment page,200,https://new.soilfoodweb.com/video/consultants/?playlist=meet-the-soil-food-web-family,,,text/html,Consultants – Soil Food Web Foundation,Consultants,1,"noindex, nofollow",https://new.soilfoodweb.com/video/consultants/,no,46,"width=device-width, initial-scale=1, maximum-scale=1, user-scalable=0",menu-v1,ocm-v1,footer-v1,DYNAMIC,200,identical,,crawl,/practice/,no,3,VIEWPORT-BLOCKS-ZOOM
https://new.soilfoodweb.com/video/corn-soy-10000-acres/,video,200,https://new.soilfoodweb.com/video/corn-soy-10000-acres/,,,text/html,"Corn & Soy: 10,000 Acres – Soil Food Web Foundation","Corn & Soy: 10,000 Acres",1,"noindex, nofollow",https://new.soilfoodweb.com/video/corn-soy-10000-acres/,yes,102,"width=device-width, initial-scale=1, maximum-scale=1, user-scalable=0",menu-v1,ocm-v1,footer-v1,DYNAMIC,200,identical,,REST,rest:sfw_video,no,0,VIEWPORT-BLOCKS-ZOOM
https://new.soilfoodweb.com/video/corn-soy-10000-acres/?playlist=consultant-case-studies,attachment page,200,https://new.soilfoodweb.com/video/corn-soy-10000-acres/?playlist=consultant-case-studies,,,text/html,"Corn & Soy: 10,000 Acres – Soil Food Web Foundation","Corn & Soy: 10,000 Acres",1,"noindex, nofollow",https://new.soilfoodweb.com/video/corn-soy-10000-acres/,no,102,"width=device-width, initial-scale=1, maximum-scale=1, user-scalable=0",menu-v1,ocm-v1,footer-v1,DYNAMIC,200,identical,,crawl,/practice/,no,13,VIEWPORT-BLOCKS-ZOOM
https://new.soilfoodweb.com/video/cory-miller/,video,200,https://new.soilfoodweb.com/video/cory-miller/,,,text/html,Cory Miller – Soil Food Web Foundation,Cory Miller,1,"noindex, nofollow",https://new.soilfoodweb.com/video/cory-miller/,yes,59,"width=device-width, initial-scale=1, maximum-scale=1, user-scalable=0",menu-v1,ocm-v1,footer-v1,DYNAMIC,200,identical,,REST,rest:sfw_video,no,0,VIEWPORT-BLOCKS-ZOOM
https://new.soilfoodweb.com/video/cory-miller/?playlist=farmer-case-studies,attachment page,200,https://new.soilfoodweb.com/video/cory-miller/?playlist=farmer-case-studies,,,text/html,Cory Miller – Soil Food Web Foundation,Cory Miller,1,"noindex, nofollow",https://new.soilfoodweb.com/video/cory-miller/,no,59,"width=device-width, initial-scale=1, maximum-scale=1, user-scalable=0",menu-v1,ocm-v1,footer-v1,DYNAMIC,200,identical,,crawl,/practice/,no,7,VIEWPORT-BLOCKS-ZOOM
https://new.soilfoodweb.com/video/grapes-cannabis-turmeric-more/,video,200,https://new.soilfoodweb.com/video/grapes-cannabis-turmeric-more/,,,text/html,"Grapes, Cannabis, Turmeric & more – Soil Food Web Foundation","Grapes, Cannabis, Turmeric & more",1,"noindex, nofollow",https://new.soilfoodweb.com/video/grapes-cannabis-turmeric-more/,yes,103,"width=device-width, initial-scale=1, maximum-scale=1, user-scalable=0",menu-v1,ocm-v1,footer-v1,DYNAMIC,200,identical,,REST,rest:sfw_video,no,0,VIEWPORT-BLOCKS-ZOOM
https://new.soilfoodweb.com/video/grapes-cannabis-turmeric-more/?playlist=consultant-case-studies,attachment page,200,https://new.soilfoodweb.com/video/grapes-cannabis-turmeric-more/?playlist=consultant-case-studies,,,text/html,"Grapes, Cannabis, Turmeric & more – Soil Food Web Foundation","Grapes, Cannabis, Turmeric & more",1,"noindex, nofollow",https://new.soilfoodweb.com/video/grapes-cannabis-turmeric-more/,no,103,"width=device-width, initial-scale=1, maximum-scale=1, user-scalable=0",menu-v1,ocm-v1,footer-v1,DYNAMIC,200,identical,,crawl,/practice/,no,13,VIEWPORT-BLOCKS-ZOOM
https://new.soilfoodweb.com/video/jenn-sirp/,video,200,https://new.soilfoodweb.com/video/jenn-sirp/,,,text/html,Jenn Sirp – Soil Food Web Foundation,Jenn Sirp,1,"noindex, nofollow",https://new.soilfoodweb.com/video/jenn-sirp/,yes,57,"width=device-width, initial-scale=1, maximum-scale=1, user-scalable=0",menu-v1,ocm-v1,footer-v1,DYNAMIC,200,identical,,REST,rest:sfw_video,no,0,VIEWPORT-BLOCKS-ZOOM
https://new.soilfoodweb.com/video/jenn-sirp/?playlist=farmer-case-studies,attachment page,200,https://new.soilfoodweb.com/video/jenn-sirp/?playlist=farmer-case-studies,,,text/html,Jenn Sirp – Soil Food Web Foundation,Jenn Sirp,1,"noindex, nofollow",https://new.soilfoodweb.com/video/jenn-sirp/,no,57,"width=device-width, initial-scale=1, maximum-scale=1, user-scalable=0",menu-v1,ocm-v1,footer-v1,DYNAMIC,200,identical,,crawl,/practice/,no,7,VIEWPORT-BLOCKS-ZOOM
https://new.soilfoodweb.com/video/making-compost-extract-and-tea/,video,200,https://new.soilfoodweb.com/video/making-compost-extract-and-tea/,,,text/html,Making Compost Extract and Tea – Soil Food Web Foundation,Making Compost Extract and Tea,1,"noindex, nofollow",https://new.soilfoodweb.com/video/making-compost-extract-and-tea/,yes,65,"width=device-width, initial-scale=1, maximum-scale=1, user-scalable=0",menu-v1,ocm-v1,footer-v1,DYNAMIC,200,identical,,REST,rest:sfw_video,no,0,VIEWPORT-BLOCKS-ZOOM
https://new.soilfoodweb.com/video/making-compost-extract-and-tea/?playlist=implementing-the-soil-food-web,attachment page,200,https://new.soilfoodweb.com/video/making-compost-extract-and-tea/?playlist=implementing-the-soil-food-web,,,text/html,Making Compost Extract and Tea – Soil Food Web Foundation,Making Compost Extract and Tea,1,"noindex, nofollow",https://new.soilfoodweb.com/video/making-compost-extract-and-tea/,no,65,"width=device-width, initial-scale=1, maximum-scale=1, user-scalable=0",menu-v1,ocm-v1,footer-v1,DYNAMIC,200,identical,,crawl,/practice/,no,5,VIEWPORT-BLOCKS-ZOOM
https://new.soilfoodweb.com/video/organic-banana-farm-south-africa/,video,200,https://new.soilfoodweb.com/video/organic-banana-farm-south-africa/,,,text/html,"Organic Banana Farm, South Africa – Soil Food Web Foundation","Organic Banana Farm, South Africa",1,"noindex, nofollow",https://new.soilfoodweb.com/video/organic-banana-farm-south-africa/,yes,130,"width=device-width, initial-scale=1, maximum-scale=1, user-scalable=0",menu-v1,ocm-v1,footer-v1,DYNAMIC,200,identical,,REST,rest:sfw_video,no,0,VIEWPORT-BLOCKS-ZOOM
https://new.soilfoodweb.com/video/organic-banana-farm-south-africa/?playlist=consultant-case-studies,attachment page,200,https://new.soilfoodweb.com/video/organic-banana-farm-south-africa/?playlist=consultant-case-studies,,,text/html,"Organic Banana Farm, South Africa – Soil Food Web Foundation","Organic Banana Farm, South Africa",1,"noindex, nofollow",https://new.soilfoodweb.com/video/organic-banana-farm-south-africa/,no,130,"width=device-width, initial-scale=1, maximum-scale=1, user-scalable=0",menu-v1,ocm-v1,footer-v1,DYNAMIC,200,identical,,crawl,/practice/,no,13,VIEWPORT-BLOCKS-ZOOM
https://new.soilfoodweb.com/video/renald-flores/,video,200,https://new.soilfoodweb.com/video/renald-flores/,,,text/html,Renald Flores – Soil Food Web Foundation,Renald Flores,1,"noindex, nofollow",https://new.soilfoodweb.com/video/renald-flores/,yes,81,"width=device-width, initial-scale=1, maximum-scale=1, user-scalable=0",menu-v1,ocm-v1,footer-v1,DYNAMIC,200,identical,,REST,rest:sfw_video,no,0,VIEWPORT-BLOCKS-ZOOM
https://new.soilfoodweb.com/video/renald-flores/?playlist=consultant-case-studies,attachment page,200,https://new.soilfoodweb.com/video/renald-flores/?playlist=consultant-case-studies,,,text/html,Renald Flores – Soil Food Web Foundation,Renald Flores,1,"noindex, nofollow",https://new.soilfoodweb.com/video/renald-flores/,no,81,"width=device-width, initial-scale=1, maximum-scale=1, user-scalable=0",menu-v1,ocm-v1,footer-v1,DYNAMIC,200,identical,,crawl,/practice/,no,13,VIEWPORT-BLOCKS-ZOOM
https://new.soilfoodweb.com/video/roberto-silva/,video,200,https://new.soilfoodweb.com/video/roberto-silva/,,,text/html,Roberto Silva – Soil Food Web Foundation,Roberto Silva,1,"noindex, nofollow",https://new.soilfoodweb.com/video/roberto-silva/,yes,63,"width=device-width, initial-scale=1, maximum-scale=1, user-scalable=0",menu-v1,ocm-v1,footer-v1,DYNAMIC,200,identical,,REST,rest:sfw_video,no,0,VIEWPORT-BLOCKS-ZOOM
https://new.soilfoodweb.com/video/roberto-silva/?playlist=farmer-case-studies,attachment page,200,https://new.soilfoodweb.com/video/roberto-silva/?playlist=farmer-case-studies,,,text/html,Roberto Silva – Soil Food Web Foundation,Roberto Silva,1,"noindex, nofollow",https://new.soilfoodweb.com/video/roberto-silva/,no,63,"width=device-width, initial-scale=1, maximum-scale=1, user-scalable=0",menu-v1,ocm-v1,footer-v1,DYNAMIC,200,identical,,crawl,/practice/,no,7,VIEWPORT-BLOCKS-ZOOM
https://new.soilfoodweb.com/video/sfw-consultant-brian-vagg/,video,200,https://new.soilfoodweb.com/video/sfw-consultant-brian-vagg/,,,text/html,SFW Consultant Brian Vagg – Soil Food Web Foundation,SFW Consultant Brian Vagg,1,"noindex, nofollow",https://new.soilfoodweb.com/video/sfw-consultant-brian-vagg/,yes,33,"width=device-width, initial-scale=1, maximum-scale=1, user-scalable=0",menu-v1,ocm-v1,footer-v1,DYNAMIC,200,identical,,REST,rest:sfw_video,no,0,VIEWPORT-BLOCKS-ZOOM
https://new.soilfoodweb.com/video/sfw-consultant-brian-vagg/?playlist=testimonials,attachment page,200,https://new.soilfoodweb.com/video/sfw-consultant-brian-vagg/?playlist=testimonials,,,text/html,SFW Consultant Brian Vagg – Soil Food Web Foundation,SFW Consultant Brian Vagg,1,"noindex, nofollow",https://new.soilfoodweb.com/video/sfw-consultant-brian-vagg/,no,33,"width=device-width, initial-scale=1, maximum-scale=1, user-scalable=0",menu-v1,ocm-v1,footer-v1,DYNAMIC,200,identical,,crawl,/practice/,no,7,VIEWPORT-BLOCKS-ZOOM
https://new.soilfoodweb.com/video/sfw-consultant-nick-tomasini/,video,200,https://new.soilfoodweb.com/video/sfw-consultant-nick-tomasini/,,,text/html,SFW Consultant Nick Tomasini – Soil Food Web Foundation,SFW Consultant Nick Tomasini,1,"noindex, nofollow",https://new.soilfoodweb.com/video/sfw-consultant-nick-tomasini/,yes,33,"width=device-width, initial-scale=1, maximum-scale=1, user-scalable=0",menu-v1,ocm-v1,footer-v1,DYNAMIC,200,identical,,REST,rest:sfw_video,no,0,VIEWPORT-BLOCKS-ZOOM
https://new.soilfoodweb.com/video/sfw-consultant-nick-tomasini/?playlist=testimonials,attachment page,200,https://new.soilfoodweb.com/video/sfw-consultant-nick-tomasini/?playlist=testimonials,,,text/html,SFW Consultant Nick Tomasini – Soil Food Web Foundation,SFW Consultant Nick Tomasini,1,"noindex, nofollow",https://new.soilfoodweb.com/video/sfw-consultant-nick-tomasini/,no,33,"width=device-width, initial-scale=1, maximum-scale=1, user-scalable=0",menu-v1,ocm-v1,footer-v1,DYNAMIC,200,identical,,crawl,/practice/,no,7,VIEWPORT-BLOCKS-ZOOM
https://new.soilfoodweb.com/video/sfw-consultant-todd-harrington/,video,200,https://new.soilfoodweb.com/video/sfw-consultant-todd-harrington/,,,text/html,SFW Consultant Todd Harrington – Soil Food Web Foundation,SFW Consultant Todd Harrington,1,"noindex, nofollow",https://new.soilfoodweb.com/video/sfw-consultant-todd-harrington/,yes,33,"width=device-width, initial-scale=1, maximum-scale=1, user-scalable=0",menu-v1,ocm-v1,footer-v1,DYNAMIC,200,identical,,REST,rest:sfw_video,no,0,VIEWPORT-BLOCKS-ZOOM
https://new.soilfoodweb.com/video/sfw-consultant-todd-harrington/?playlist=testimonials,attachment page,200,https://new.soilfoodweb.com/video/sfw-consultant-todd-harrington/?playlist=testimonials,,,text/html,SFW Consultant Todd Harrington – Soil Food Web Foundation,SFW Consultant Todd Harrington,1,"noindex, nofollow",https://new.soilfoodweb.com/video/sfw-consultant-todd-harrington/,no,33,"width=device-width, initial-scale=1, maximum-scale=1, user-scalable=0",menu-v1,ocm-v1,footer-v1,DYNAMIC,200,identical,,crawl,/practice/,no,7,VIEWPORT-BLOCKS-ZOOM
https://new.soilfoodweb.com/video/students/,video,200,https://new.soilfoodweb.com/video/students/,,,text/html,Students – Soil Food Web Foundation,Students,1,"noindex, nofollow",https://new.soilfoodweb.com/video/students/,yes,37,"width=device-width, initial-scale=1, maximum-scale=1, user-scalable=0",menu-v1,ocm-v1,footer-v1,DYNAMIC,200,identical,,REST,rest:sfw_video,no,0,VIEWPORT-BLOCKS-ZOOM
https://new.soilfoodweb.com/video/students/?playlist=meet-the-soil-food-web-family,attachment page,200,https://new.soilfoodweb.com/video/students/?playlist=meet-the-soil-food-web-family,,,text/html,Students – Soil Food Web Foundation,Students,1,"noindex, nofollow",https://new.soilfoodweb.com/video/students/,no,37,"width=device-width, initial-scale=1, maximum-scale=1, user-scalable=0",menu-v1,ocm-v1,footer-v1,DYNAMIC,200,identical,,crawl,/practice/,no,3,VIEWPORT-BLOCKS-ZOOM
https://new.soilfoodweb.com/video/using-the-microscope/,video,200,https://new.soilfoodweb.com/video/using-the-microscope/,,,text/html,Using the Microscope – Soil Food Web Foundation,Using the Microscope,1,"noindex, nofollow",https://new.soilfoodweb.com/video/using-the-microscope/,yes,87,"width=device-width, initial-scale=1, maximum-scale=1, user-scalable=0",menu-v1,ocm-v1,footer-v1,DYNAMIC,200,identical,,REST,rest:sfw_video,no,0,VIEWPORT-BLOCKS-ZOOM
https://new.soilfoodweb.com/video/using-the-microscope/?playlist=implementing-the-soil-food-web,attachment page,200,https://new.soilfoodweb.com/video/using-the-microscope/?playlist=implementing-the-soil-food-web,,,text/html,Using the Microscope – Soil Food Web Foundation,Using the Microscope,1,"noindex, nofollow",https://new.soilfoodweb.com/video/using-the-microscope/,no,87,"width=device-width, initial-scale=1, maximum-scale=1, user-scalable=0",menu-v1,ocm-v1,footer-v1,DYNAMIC,200,identical,,crawl,/practice/,no,5,VIEWPORT-BLOCKS-ZOOM
https://new.soilfoodweb.com/volunteer/,page,200,https://new.soilfoodweb.com/volunteer/,,,text/html,Volunteer – Soil Food Web Foundation,In service to the soil that sustains us all | The woman who started it all,2,"noindex, nofollow",https://new.soilfoodweb.com/volunteer/,yes,357,"width=device-width, initial-scale=1, maximum-scale=1, user-scalable=0",menu-v1,ocm-v1,footer-v1,DYNAMIC,200,identical,,"REST,crawl",rest:page,yes,410,VIEWPORT-BLOCKS-ZOOM; H1x2
https://new.soilfoodweb.com/workshops/,page,200,https://new.soilfoodweb.com/workshops/,,,text/html,Workshops – Soil Food Web Foundation,Workshops,1,"noindex, nofollow",https://new.soilfoodweb.com/workshops/,yes,1,"width=device-width, initial-scale=1, maximum-scale=1, user-scalable=0",menu-v1,ocm-v1,footer-v1,DYNAMIC,200,identical,,"REST,crawl",rest:page,yes,410,THIN; VIEWPORT-BLOCKS-ZOOM
https://new.soilfoodweb.com/wp-content/uploads/2026/05/How-A-Rare-Microscope-Sighting-1400x1400-1-scaled.png,media file,200,https://new.soilfoodweb.com/wp-content/uploads/2026/05/How-A-Rare-Microscope-Sighting-1400x1400-1-scaled.png,,,image/png,,,,,,,,,none,none,none,HIT,200,identical,,redirect,redirect-from:/ciliates-soil-health-microscope-watermelon-crop/how-a-rare-microscope-sighting-1400x1400/,no,0,
https://new.soilfoodweb.com/wp-content/uploads/2026/05/How-A-Rare-Microscope-Sighting-Desktop-Header-1920%C3%97720-scaled.png,media file,200,https://new.soilfoodweb.com/wp-content/uploads/2026/05/How-A-Rare-Microscope-Sighting-Desktop-Header-1920%C3%97720-scaled.png,,,image/png,,,,,,,,,none,none,none,HIT,200,identical,,redirect,redirect-from:/ciliates-soil-health-microscope-watermelon-crop/how-a-rare-microscope-sighting-desktop-header-1920x720/,no,0,
https://new.soilfoodweb.com/wp-content/uploads/2026/05/How-A-Rare-Microscope-Sighting-Mobile-Header-750%C3%971000-scaled.png,media file,200,https://new.soilfoodweb.com/wp-content/uploads/2026/05/How-A-Rare-Microscope-Sighting-Mobile-Header-750%C3%971000-scaled.png,,,image/png,,,,,,,,,none,none,none,HIT,200,identical,,redirect,redirect-from:/ciliates-soil-health-microscope-watermelon-crop/how-a-rare-microscope-sighting-mobile-header-750x1000/,no,0,
https://new.soilfoodweb.com/wp-content/uploads/2026/05/How-A-Rare-Microscope-Sighting-Tablet-Header-1024%C3%97768-scaled.png,media file,200,https://new.soilfoodweb.com/wp-content/uploads/2026/05/How-A-Rare-Microscope-Sighting-Tablet-Header-1024%C3%97768-scaled.png,,,image/png,,,,,,,,,none,none,none,HIT,200,identical,,redirect,redirect-from:/ciliates-soil-health-microscope-watermelon-crop/how-a-rare-microscope-sighting-tablet-header-1024x768/,no,0,
https://new.soilfoodweb.com/wp-content/uploads/2026/08/1000000372.jpg,media file,200,https://new.soilfoodweb.com/wp-content/uploads/2026/08/1000000372.jpg,,,image/jpeg,,,,,,,,,none,none,none,HIT,200,identical,,redirect,redirect-from:/directory-member/robert/attachment/1000000372/,no,0,
https://new.soilfoodweb.com/wp-content/uploads/2026/08/2024USCCTue067.jpg,media file,200,https://new.soilfoodweb.com/wp-content/uploads/2026/08/2024USCCTue067.jpg,,,image/jpeg,,,,,,,,,none,none,none,HIT,200,identical,,redirect,redirect-from:/directory-member/simeon-kleinsasser/2024uscctue067/,no,0,
https://new.soilfoodweb.com/wp-content/uploads/2026/08/281.jpeg,media file,200,https://new.soilfoodweb.com/wp-content/uploads/2026/08/281.jpeg,,,image/jpeg,,,,,,,,,none,none,none,HIT,200,identical,,redirect,redirect-from:/directory-member/spero-latchis/attachment/281/,no,0,
https://new.soilfoodweb.com/wp-content/uploads/2026/08/6.jpg,media file,200,https://new.soilfoodweb.com/wp-content/uploads/2026/08/6.jpg,,,image/jpeg,,,,,,,,,none,none,none,HIT,200,identical,,redirect,redirect-from:/how-it-works/attachment/6/,no,0,
https://new.soilfoodweb.com/wp-content/uploads/2026/08/7.jpg,media file,200,https://new.soilfoodweb.com/wp-content/uploads/2026/08/7.jpg,,,image/jpeg,,,,,,,,,none,none,none,HIT,200,identical,,redirect,redirect-from:/how-it-works/attachment/7/,no,0,
https://new.soilfoodweb.com/wp-content/uploads/2026/08/8.jpg,media file,200,https://new.soilfoodweb.com/wp-content/uploads/2026/08/8.jpg,,,image/jpeg,,,,,,,,,none,none,none,HIT,200,identical,,redirect,redirect-from:/how-it-works/attachment/8/,no,0,
https://new.soilfoodweb.com/wp-content/uploads/2026/08/9.jpg,media file,200,https://new.soilfoodweb.com/wp-content/uploads/2026/08/9.jpg,,,image/jpeg,,,,,,,,,none,none,none,HIT,200,identical,,redirect,redirect-from:/how-it-works/attachment/9/,no,0,
https://new.soilfoodweb.com/wp-content/uploads/2026/08/Cropped-image-for-CV.jpg,media file,200,https://new.soilfoodweb.com/wp-content/uploads/2026/08/Cropped-image-for-CV.jpg,,,image/jpeg,,,,,,,,,none,none,none,HIT,200,identical,,redirect,redirect-from:/directory-member/tallis-tibbo/cropped-image-for-cv/,no,0,
https://new.soilfoodweb.com/wp-content/uploads/2026/08/FXH140792.jpg,media file,200,https://new.soilfoodweb.com/wp-content/uploads/2026/08/FXH140792.jpg,,,image/jpeg,,,,,,,,,none,none,none,HIT,200,identical,,redirect,redirect-from:/directory-member/ronald-cain/fxh140792/,no,0,
https://new.soilfoodweb.com/wp-content/uploads/2026/08/Hungry-Worms-1080p.png,media file,200,https://new.soilfoodweb.com/wp-content/uploads/2026/08/Hungry-Worms-1080p.png,,,image/png,,,,,,,,,none,none,none,HIT,200,identical,,redirect,redirect-from:/directory-member/scott-kent/hungry-worms-1080p/,no,0,
https://new.soilfoodweb.com/wp-content/uploads/2026/08/IMG_0007.png,media file,200,https://new.soilfoodweb.com/wp-content/uploads/2026/08/IMG_0007.png,,,image/png,,,,,,,,,none,none,none,HIT,200,identical,,redirect,redirect-from:/directory-member/suzanne-shea/img_0007/,no,0,
https://new.soilfoodweb.com/wp-content/uploads/2026/08/IMG_1670.jpg,media file,200,https://new.soilfoodweb.com/wp-content/uploads/2026/08/IMG_1670.jpg,,,image/jpeg,,,,,,,,,none,none,none,HIT,200,identical,,redirect,redirect-from:/directory-member/surinder-sarwara/img_1670/,no,0,
https://new.soilfoodweb.com/wp-content/uploads/2026/08/IMG_20260219_165218.jpg,media file,200,https://new.soilfoodweb.com/wp-content/uploads/2026/08/IMG_20260219_165218.jpg,,,image/jpeg,,,,,,,,,none,none,none,HIT,200,identical,,redirect,redirect-from:/directory-member/sarah-sobel/img_20260219_165218/,no,0,
https://new.soilfoodweb.com/wp-content/uploads/2026/08/IMG_2408.jpeg,media file,200,https://new.soilfoodweb.com/wp-content/uploads/2026/08/IMG_2408.jpeg,,,image/jpeg,,,,,,,,,none,none,none,HIT,200,identical,,redirect,redirect-from:/directory-member/scott-walker/img_2408/,no,0,
https://new.soilfoodweb.com/wp-content/uploads/2026/08/IMG_3426-1-scaled.jpg,media file,200,https://new.soilfoodweb.com/wp-content/uploads/2026/08/IMG_3426-1-scaled.jpg,,,image/jpeg,,,,,,,,,none,none,none,HIT,200,identical,,redirect,redirect-from:/calendar-event/aw-new-mexico-usa-2027/img_3426-1/,no,0,
https://new.soilfoodweb.com/wp-content/uploads/2026/08/IMG_5705-scaled.jpeg,media file,200,https://new.soilfoodweb.com/wp-content/uploads/2026/08/IMG_5705-scaled.jpeg,,,image/jpeg,,,,,,,,,none,none,none,HIT,200,identical,,redirect,redirect-from:/directory-member/stephanie-mcdaniel/img_5705-jpeg/,no,0,
https://new.soilfoodweb.com/wp-content/uploads/2026/08/IMG_7191.jpg,media file,200,https://new.soilfoodweb.com/wp-content/uploads/2026/08/IMG_7191.jpg,,,image/jpeg,,,,,,,,,none,none,none,HIT,200,identical,,redirect,redirect-from:/directory-member/seshu/img_7191/,no,0,
https://new.soilfoodweb.com/wp-content/uploads/2026/08/IMG_9301.jpeg,media file,200,https://new.soilfoodweb.com/wp-content/uploads/2026/08/IMG_9301.jpeg,,,image/jpeg,,,,,,,,,none,none,none,HIT,200,identical,,redirect,redirect-from:/directory-member/sedrika-maka-anuhealii/img_9301/,no,0,
https://new.soilfoodweb.com/wp-content/uploads/2026/08/JosefinaBergsten-scaled.jpg,media file,200,https://new.soilfoodweb.com/wp-content/uploads/2026/08/JosefinaBergsten-scaled.jpg,,,image/jpeg,,,,,,,,,none,none,none,HIT,200,identical,,redirect,redirect-from:/directory-member/josefina-bergsten/josefinabergsten/,no,0,
https://new.soilfoodweb.com/wp-content/uploads/2026/08/Logo-Opleiding-Site.png,media file,200,https://new.soilfoodweb.com/wp-content/uploads/2026/08/Logo-Opleiding-Site.png,,,image/png,,,,,,,,,none,none,none,HIT,200,identical,,redirect,redirect-from:/directory-member/thomas-ruttel/logo-opleiding-site/,no,0,
https://new.soilfoodweb.com/wp-content/uploads/2026/08/PXL_20230719_033259139.jpg,media file,200,https://new.soilfoodweb.com/wp-content/uploads/2026/08/PXL_20230719_033259139.jpg,,,image/jpeg,,,,,,,,,none,none,none,HIT,200,identical,,redirect,redirect-from:/directory-member/vera-dorzhinova/pxl_20230719_033259139/,no,0,
https://new.soilfoodweb.com/wp-content/uploads/2026/08/Picture.jpg,media file,200,https://new.soilfoodweb.com/wp-content/uploads/2026/08/Picture.jpg,,,image/jpeg,,,,,,,,,none,none,none,HIT,200,identical,,redirect,redirect-from:/directory-member/steven-fleming/picture/,no,0,
https://new.soilfoodweb.com/wp-content/uploads/2026/08/RP-2025.jpg,media file,200,https://new.soilfoodweb.com/wp-content/uploads/2026/08/RP-2025.jpg,,,image/jpeg,,,,,,,,,none,none,none,HIT,200,identical,,redirect,redirect-from:/directory-member/daisy-fair/rp-2025/,no,0,
https://new.soilfoodweb.com/wp-content/uploads/2026/08/Screenshot-2026-08-28-095820.png,media file,200,https://new.soilfoodweb.com/wp-content/uploads/2026/08/Screenshot-2026-08-28-095820.png,,,image/png,,,,,,,,,none,none,none,HIT,200,identical,,redirect,redirect-from:/scholarship/screenshot-2026-08-28-095820/,no,0,
https://new.soilfoodweb.com/wp-content/uploads/2026/08/Screenshot-2026-08-28-101542.png,media file,200,https://new.soilfoodweb.com/wp-content/uploads/2026/08/Screenshot-2026-08-28-101542.png,,,image/png,,,,,,,,,none,none,none,HIT,200,identical,,redirect,redirect-from:/how-it-works/screenshot-2026-08-28-101542/,no,0,
https://new.soilfoodweb.com/wp-content/uploads/2026/08/Screenshot-2026-08-28-105615.png,media file,200,https://new.soilfoodweb.com/wp-content/uploads/2026/08/Screenshot-2026-08-28-105615.png,,,image/png,,,,,,,,,none,none,none,HIT,200,identical,,redirect,redirect-from:/community/screenshot-2026-08-28-105615/,no,0,
https://new.soilfoodweb.com/wp-content/uploads/2026/08/Screenshot-2026-08-28-110832.png,media file,200,https://new.soilfoodweb.com/wp-content/uploads/2026/08/Screenshot-2026-08-28-110832.png,,,image/png,,,,,,,,,none,none,none,HIT,200,identical,,redirect,redirect-from:/practice/screenshot-2026-08-28-110832/,no,0,
https://new.soilfoodweb.com/wp-content/uploads/2026/08/Screenshot-2026-08-28-113240.png,media file,200,https://new.soilfoodweb.com/wp-content/uploads/2026/08/Screenshot-2026-08-28-113240.png,,,image/png,,,,,,,,,none,none,none,HIT,200,identical,,redirect,redirect-from:/programs-overview/screenshot-2026-08-28-113240/,no,0,
https://new.soilfoodweb.com/wp-content/uploads/2026/08/Screenshot_20210507-152741_Samsung-Internet.jpg,media file,200,https://new.soilfoodweb.com/wp-content/uploads/2026/08/Screenshot_20210507-152741_Samsung-Internet.jpg,,,image/jpeg,,,,,,,,,none,none,none,HIT,200,identical,,redirect,redirect-from:/directory-member/sarah-talia/screenshot_20210507-152741_samsung-internet/,no,0,
https://new.soilfoodweb.com/wp-content/uploads/2026/08/Shane_Plath.jpg,media file,200,https://new.soilfoodweb.com/wp-content/uploads/2026/08/Shane_Plath.jpg,,,image/jpeg,,,,,,,,,none,none,none,HIT,200,identical,,redirect,redirect-from:/directory-member/shane-plath/shane_plath/,no,0,
https://new.soilfoodweb.com/wp-content/uploads/2026/08/Sofya-Brown-scaled.jpg,media file,200,https://new.soilfoodweb.com/wp-content/uploads/2026/08/Sofya-Brown-scaled.jpg,,,image/jpeg,,,,,,,,,none,none,none,HIT,200,identical,,redirect,redirect-from:/directory-member/henk-breugem/sofya-brown/,no,0,
https://new.soilfoodweb.com/wp-content/uploads/2026/08/Sonja-Basson.jpg,media file,200,https://new.soilfoodweb.com/wp-content/uploads/2026/08/Sonja-Basson.jpg,,,image/jpeg,,,,,,,,,none,none,none,HIT,200,identical,,redirect,redirect-from:/directory-member/sonja-basson-pure-soil-lab/sonja-basson/,no,0,
https://new.soilfoodweb.com/wp-content/uploads/2026/08/Stephen-Suau.png,media file,200,https://new.soilfoodweb.com/wp-content/uploads/2026/08/Stephen-Suau.png,,,image/png,,,,,,,,,none,none,none,HIT,200,identical,,redirect,redirect-from:/directory-member/stephen-suau/stephen-suau-2/,no,0,
https://new.soilfoodweb.com/wp-content/uploads/2026/08/Sue-Patrick_400_EX.jpg,media file,200,https://new.soilfoodweb.com/wp-content/uploads/2026/08/Sue-Patrick_400_EX.jpg,,,image/jpeg,,,,,,,,,none,none,none,HIT,200,identical,,redirect,redirect-from:/directory-member/sue-patrick/sue-patrick_400_ex/,no,0,
https://new.soilfoodweb.com/wp-content/uploads/2026/08/Sustraiak_horizontal.png,media file,200,https://new.soilfoodweb.com/wp-content/uploads/2026/08/Sustraiak_horizontal.png,,,image/png,,,,,,,,,none,none,none,HIT,200,identical,,redirect,redirect-from:/directory-member/sustraiak-koop/sustraiak_horizontal/,no,0,
https://new.soilfoodweb.com/wp-content/uploads/2026/08/Tanja-Consultants-574x574-2.jpg,media file,200,https://new.soilfoodweb.com/wp-content/uploads/2026/08/Tanja-Consultants-574x574-2.jpg,,,image/jpeg,,,,,,,,,none,none,none,HIT,200,identical,,redirect,redirect-from:/directory-member/tanja-dekker/tanja-consultants-574x574-2/,no,0,
https://new.soilfoodweb.com/wp-content/uploads/2026/08/The-Soil-Assistant-Logo_Brown.png,media file,200,https://new.soilfoodweb.com/wp-content/uploads/2026/08/The-Soil-Assistant-Logo_Brown.png,,,image/png,,,,,,,,,none,none,none,HIT,200,identical,,redirect,redirect-from:/directory-member/the-soil-assistant/the-soil-assistant-logo_brown/,no,0,
https://new.soilfoodweb.com/wp-content/uploads/2026/08/Thomas_Schneider.jpg,media file,200,https://new.soilfoodweb.com/wp-content/uploads/2026/08/Thomas_Schneider.jpg,,,image/jpeg,,,,,,,,,none,none,none,HIT,200,identical,,redirect,redirect-from:/directory-member/thomas-schneider/thomas_schneider/,no,0,
https://new.soilfoodweb.com/wp-content/uploads/2026/08/Todd-at-truck-consultants-page-e1675876699300-500x383-1.jpg,media file,200,https://new.soilfoodweb.com/wp-content/uploads/2026/08/Todd-at-truck-consultants-page-e1675876699300-500x383-1.jpg,,,image/jpeg,,,,,,,,,none,none,none,HIT,200,identical,,redirect,redirect-from:/directory-member/todd-harrington/todd-at-truck-consultants-page-e1675876699300-500x383-1/,no,0,
https://new.soilfoodweb.com/wp-content/uploads/2026/08/Untitled-500-x-500-px.jpeg,media file,200,https://new.soilfoodweb.com/wp-content/uploads/2026/08/Untitled-500-x-500-px.jpeg,,,image/jpeg,,,,,,,,,none,none,none,HIT,200,identical,,redirect,redirect-from:/directory-member/wendy-mickle/untitled-500-x-500-px/,no,0,
https://new.soilfoodweb.com/wp-content/uploads/2026/08/Video-Thumbnails-5.jpg,media file,200,https://new.soilfoodweb.com/wp-content/uploads/2026/08/Video-Thumbnails-5.jpg,,,image/jpeg,,,,,,,,,none,none,none,HIT,200,identical,,redirect,redirect-from:/how-it-works/video-thumbnails-5/,no,0,
https://new.soilfoodweb.com/wp-content/uploads/2026/08/Vivian_Kaloxilos.jpg,media file,200,https://new.soilfoodweb.com/wp-content/uploads/2026/08/Vivian_Kaloxilos.jpg,,,image/jpeg,,,,,,,,,none,none,none,HIT,200,identical,,redirect,redirect-from:/directory-member/vivian-kaloxilos/vivian_kaloxilos/,no,0,
https://new.soilfoodweb.com/wp-content/uploads/2026/08/Wes-Sander-headshot.jpg,media file,200,https://new.soilfoodweb.com/wp-content/uploads/2026/08/Wes-Sander-headshot.jpg,,,image/jpeg,,,,,,,,,none,none,none,HIT,200,identical,,redirect,redirect-from:/directory-member/wesley-sander/wes-sander-headshot/,no,0,
https://new.soilfoodweb.com/wp-content/uploads/2026/08/WhatsApp-Image-2026-02-05-at-17.42.05.jpeg,media file,200,https://new.soilfoodweb.com/wp-content/uploads/2026/08/WhatsApp-Image-2026-02-05-at-17.42.05.jpeg,,,image/jpeg,,,,,,,,,none,none,none,HIT,200,identical,,redirect,redirect-from:/directory-member/soledad-reinoso/whatsapp-image-2026-02-05-at-17-42-05/,no,0,
https://new.soilfoodweb.com/wp-content/uploads/2026/08/WhatsApp-Image-2026-02-23-at-16.06.55.jpeg,media file,200,https://new.soilfoodweb.com/wp-content/uploads/2026/08/WhatsApp-Image-2026-02-23-at-16.06.55.jpeg,,,image/jpeg,,,,,,,,,none,none,none,HIT,200,identical,,redirect,redirect-from:/directory-member/josh-cheng/whatsapp-image-2026-02-23-at-16-06-55/,no,0,
https://new.soilfoodweb.com/wp-content/uploads/2026/08/Witold11.jpg,media file,200,https://new.soilfoodweb.com/wp-content/uploads/2026/08/Witold11.jpg,,,image/jpeg,,,,,,,,,none,none,none,HIT,200,identical,,redirect,redirect-from:/directory-member/witold-krawiec/witold11/,no,0,
https://new.soilfoodweb.com/wp-content/uploads/2026/08/directory-profile-224_2ca460420ae64be38dfe9930ecb400eb.jpg,media file,200,https://new.soilfoodweb.com/wp-content/uploads/2026/08/directory-profile-224_2ca460420ae64be38dfe9930ecb400eb.jpg,,,image/jpeg,,,,,,,,,none,none,none,HIT,200,identical,,redirect,redirect-from:/directory-member/veronica-alice/directory-profile-224_2ca460420ae64be38dfe9930ecb400eb/,no,0,
https://new.soilfoodweb.com/wp-content/uploads/2026/08/directory-profile-2347_6908be8c117c4fc18476851f1687a36a.jpeg,media file,200,https://new.soilfoodweb.com/wp-content/uploads/2026/08/directory-profile-2347_6908be8c117c4fc18476851f1687a36a.jpeg,,,image/jpeg,,,,,,,,,none,none,none,HIT,200,identical,,redirect,redirect-from:/directory-member/tim-spencer/directory-profile-2347_6908be8c117c4fc18476851f1687a36a/,no,0,
https://new.soilfoodweb.com/wp-content/uploads/2026/08/logo-search-grid-2x-1.png,media file,200,https://new.soilfoodweb.com/wp-content/uploads/2026/08/logo-search-grid-2x-1.png,,,image/png,,,,,,,,,none,none,none,HIT,200,identical,,redirect,redirect-from:/directory-member/saoirse-niehus/logo-search-grid-2x-1/,no,0,
https://new.soilfoodweb.com/wp-content/uploads/2026/08/pile-turning-wes-8-scaled.jpg,media file,200,https://new.soilfoodweb.com/wp-content/uploads/2026/08/pile-turning-wes-8-scaled.jpg,,,image/jpeg,,,,,,,,,none,none,none,HIT,200,identical,,redirect,redirect-from:/calendar-event/aw-costa-rica-2027/pile-turning-wes-8/,no,0,
https://new.soilfoodweb.com/wp-content/uploads/2026/08/stine-foto-2.jpg,media file,200,https://new.soilfoodweb.com/wp-content/uploads/2026/08/stine-foto-2.jpg,,,image/jpeg,,,,,,,,,none,none,none,HIT,200,identical,,redirect,redirect-from:/directory-member/stine-hvidtfeldt-svendsen/stine-foto-2/,no,0,
https://new.soilfoodweb.com/wp-content/uploads/2026/08/the-soil-food-web.jpg,media file,200,https://new.soilfoodweb.com/wp-content/uploads/2026/08/the-soil-food-web.jpg,,,image/jpeg,,,,,,,,,none,none,none,HIT,200,identical,,redirect,redirect-from:/how-it-works/the-soil-food-web/,no,0,
https://new.soilfoodweb.com/wp-content/uploads/2026/09/CIC-4.png,media file,200,https://new.soilfoodweb.com/wp-content/uploads/2026/09/CIC-4.png,,,image/png,,,,,,,,,none,none,none,HIT,200,identical,,redirect,redirect-from:/calendar-event/compost-intensive-course-2027-cohort-1/cic-4/,no,0,
https://new.soilfoodweb.com/wp-content/uploads/2026/09/IMG_1942-scaled.jpg,media file,200,https://new.soilfoodweb.com/wp-content/uploads/2026/09/IMG_1942-scaled.jpg,,,image/jpeg,,,,,,,,,none,none,none,HIT,200,identical,,redirect,redirect-from:/calendar-event/aw-uk-2027/img_1942/,no,0,
https://new.soilfoodweb.com/wp-content/uploads/2026/09/PDC-Community-3.png,media file,200,https://new.soilfoodweb.com/wp-content/uploads/2026/09/PDC-Community-3.png,,,image/png,,,,,,,,,none,none,none,HIT,200,identical,,redirect,redirect-from:/calendar-event/permaculture-design-certificate-2027-cohort-2/pdc-community-3/,no,0,
https://new.soilfoodweb.com/wp-content/uploads/2026/09/Screenshot-2026-09-17-171937.png,media file,200,https://new.soilfoodweb.com/wp-content/uploads/2026/09/Screenshot-2026-09-17-171937.png,,,image/png,,,,,,,,,none,none,none,HIT,200,identical,,redirect,redirect-from:/about-us/screenshot-2026-09-17-171937/,no,0,
https://new.soilfoodweb.com/wp-content/uploads/2026/09/Screenshot-2026-09-17-171946.png,media file,200,https://new.soilfoodweb.com/wp-content/uploads/2026/09/Screenshot-2026-09-17-171946.png,,,image/png,,,,,,,,,none,none,none,HIT,200,identical,,redirect,redirect-from:/about-us/screenshot-2026-09-17-171946/,no,0,
https://new.soilfoodweb.com/wp-content/uploads/2026/09/Screenshot-2026-09-17-171953.png,media file,200,https://new.soilfoodweb.com/wp-content/uploads/2026/09/Screenshot-2026-09-17-171953.png,,,image/png,,,,,,,,,none,none,none,HIT,200,identical,,redirect,redirect-from:/about-us/screenshot-2026-09-17-171953/,no,0,
https://new.soilfoodweb.com/wp-content/uploads/2026/09/Screenshot-2026-09-17-172024.png,media file,200,https://new.soilfoodweb.com/wp-content/uploads/2026/09/Screenshot-2026-09-17-172024.png,,,image/png,,,,,,,,,none,none,none,HIT,200,identical,,redirect,redirect-from:/about-us/screenshot-2026-09-17-172024/,no,0,
https://new.soilfoodweb.com/wp-content/uploads/2026/09/Screenshot-2026-09-17-172507.png,media file,200,https://new.soilfoodweb.com/wp-content/uploads/2026/09/Screenshot-2026-09-17-172507.png,,,image/png,,,,,,,,,none,none,none,HIT,200,identical,,redirect,redirect-from:/how-it-works/screenshot-2026-09-17-172507/,no,0,
https://new.soilfoodweb.com/wp-content/uploads/2026/09/Screenshot-2026-09-17-173253.png,media file,200,https://new.soilfoodweb.com/wp-content/uploads/2026/09/Screenshot-2026-09-17-173253.png,,,image/png,,,,,,,,,none,none,none,HIT,200,identical,,redirect,redirect-from:/how-it-works/screenshot-2026-09-17-173253/,no,0,
https://new.soilfoodweb.com/wp-content/uploads/2026/09/Screenshot-2026-09-29-161820.png,media file,200,https://new.soilfoodweb.com/wp-content/uploads/2026/09/Screenshot-2026-09-29-161820.png,,,image/png,,,,,,,,,none,none,none,HIT,200,identical,,redirect,redirect-from:/new-homepage/screenshot-2026-09-29-161820/,no,0,
https://new.soilfoodweb.com/wp-content/uploads/2026/09/carla-nicks-son-nick-eri-wild-soils-event-11-2024.jpg,media file,200,https://new.soilfoodweb.com/wp-content/uploads/2026/09/carla-nicks-son-nick-eri-wild-soils-event-11-2024.jpg,,,image/jpeg,,,,,,,,,none,none,none,HIT,200,identical,,redirect,redirect-from:/about-us/carla-nicks-son-nick-eri-wild-soils-event-11-2024/,no,0,
https://new.soilfoodweb.com/wp-content/uploads/2026/09/ctpfw-student-moving-compost-1.jpg,media file,200,https://new.soilfoodweb.com/wp-content/uploads/2026/09/ctpfw-student-moving-compost-1.jpg,,,image/jpeg,,,,,,,,,none,none,none,HIT,200,identical,,redirect,redirect-from:/calendar/ctpfw-student-moving-compost-1/,no,0,
https://new.soilfoodweb.com/wp-content/uploads/2026/09/ctpfw-student-squeezing-compost-1-1.jpg,media file,200,https://new.soilfoodweb.com/wp-content/uploads/2026/09/ctpfw-student-squeezing-compost-1-1.jpg,,,image/jpeg,,,,,,,,,none,none,none,HIT,200,identical,,redirect,redirect-from:/about-us/ctpfw-student-squeezing-compost-1/,no,0,
https://new.soilfoodweb.com/wp-content/uploads/2026/09/elaine-flower-shirt-microscope.jpg,media file,200,https://new.soilfoodweb.com/wp-content/uploads/2026/09/elaine-flower-shirt-microscope.jpg,,,image/jpeg,,,,,,,,,none,none,none,HIT,200,identical,,redirect,redirect-from:/programs-overview/elaine-flower-shirt-microscope/,no,0,
https://new.soilfoodweb.com/wp-content/uploads/2026/09/elaine-smile-talking-800.jpg,media file,200,https://new.soilfoodweb.com/wp-content/uploads/2026/09/elaine-smile-talking-800.jpg,,,image/jpeg,,,,,,,,,none,none,none,HIT,200,identical,,redirect,redirect-from:/new-homepage/elaine-smile-talking-800/,no,0,
https://new.soilfoodweb.com/wp-content/uploads/2026/09/erc-panchmana-treeplanting-fb-img-1666270907385.jpg,media file,200,https://new.soilfoodweb.com/wp-content/uploads/2026/09/erc-panchmana-treeplanting-fb-img-1666270907385.jpg,,,image/jpeg,,,,,,,,,none,none,none,HIT,200,identical,,redirect,redirect-from:/about-us/erc-panchmana-treeplanting-fb-img-1666270907385/,no,0,
https://new.soilfoodweb.com/wp-content/uploads/2026/09/erc-rancho-cacachilas-agro.jpg,media file,200,https://new.soilfoodweb.com/wp-content/uploads/2026/09/erc-rancho-cacachilas-agro.jpg,,,image/jpeg,,,,,,,,,none,none,none,HIT,200,identical,,redirect,redirect-from:/new-homepage/erc-rancho-cacachilas-agro/,no,0,
https://new.soilfoodweb.com/wp-content/uploads/2026/09/garden-vegetable-beds.jpg,media file,200,https://new.soilfoodweb.com/wp-content/uploads/2026/09/garden-vegetable-beds.jpg,,,image/jpeg,,,,,,,,,none,none,none,HIT,200,identical,,redirect,redirect-from:/practice/garden-vegetable-beds/,no,0,
https://new.soilfoodweb.com/wp-content/uploads/2026/09/handling-loose-soil.jpg,media file,200,https://new.soilfoodweb.com/wp-content/uploads/2026/09/handling-loose-soil.jpg,,,image/jpeg,,,,,,,,,none,none,none,HIT,200,identical,,redirect,redirect-from:/about-us/handling-loose-soil/,no,0,
https://new.soilfoodweb.com/wp-content/uploads/2026/09/hero.jpg,media file,200,https://new.soilfoodweb.com/wp-content/uploads/2026/09/hero.jpg,,,image/jpeg,,,,,,,,,none,none,none,HIT,200,identical,,redirect,redirect-from:/new-homepage/hero-2/,no,0,
https://new.soilfoodweb.com/wp-content/uploads/2026/09/mar-group-photo-2.jpg,media file,200,https://new.soilfoodweb.com/wp-content/uploads/2026/09/mar-group-photo-2.jpg,,,image/jpeg,,,,,,,,,none,none,none,HIT,200,identical,,redirect,redirect-from:/community/mar-group-photo-2/,no,0,
https://new.soilfoodweb.com/wp-content/uploads/2026/09/mar25-group-photo-rotated.jpg,media file,200,https://new.soilfoodweb.com/wp-content/uploads/2026/09/mar25-group-photo-rotated.jpg,,,image/jpeg,,,,,,,,,none,none,none,HIT,200,identical,,redirect,redirect-from:/community/mar25-group-photo/,no,0,
https://new.soilfoodweb.com/wp-content/uploads/2026/09/our-students-testimonials.jpg,media file,200,https://new.soilfoodweb.com/wp-content/uploads/2026/09/our-students-testimonials.jpg,,,image/jpeg,,,,,,,,,none,none,none,HIT,200,identical,,redirect,redirect-from:/new-homepage/our-students-testimonials/,no,0,
https://new.soilfoodweb.com/wp-content/uploads/2026/09/red-soil-hand.jpg,media file,200,https://new.soilfoodweb.com/wp-content/uploads/2026/09/red-soil-hand.jpg,,,image/jpeg,,,,,,,,,none,none,none,HIT,200,identical,,redirect,redirect-from:/practice/red-soil-hand/,no,0,
https://new.soilfoodweb.com/wp-content/uploads/2026/09/soil-sample-close-up-test-tube.jpg,media file,200,https://new.soilfoodweb.com/wp-content/uploads/2026/09/soil-sample-close-up-test-tube.jpg,,,image/jpeg,,,,,,,,,none,none,none,HIT,200,identical,,redirect,redirect-from:/about-us/soil-sample-close-up-test-tube/,no,0,
https://new.soilfoodweb.com/wp-content/uploads/2026/09/soil-sample-shovel-and-bag-1.jpg,media file,200,https://new.soilfoodweb.com/wp-content/uploads/2026/09/soil-sample-shovel-and-bag-1.jpg,,,image/jpeg,,,,,,,,,none,none,none,HIT,200,identical,,redirect,redirect-from:/publications/soil-sample-shovel-and-bag-1/,no,0,
https://new.soilfoodweb.com/wp-login.php,system,200,https://new.soilfoodweb.com/wp-login.php,,,text/html,Log In ‹ Soil Food Web Foundation — WordPress,Log In | Powered by WordPress,2,"noindex, nofollow, noarchive",,,53,"width=device-width, initial-scale=1.0",none,none,none,DYNAMIC,200,identical,,crawl,/?attachment_id=1229,no,19,H1x2
https://new.soilfoodweb.com/wp-login.php?action=lostpassword,system,200,https://new.soilfoodweb.com/wp-login.php?action=lostpassword,,,text/html,Lost Password ‹ Soil Food Web Foundation — WordPress,Lost Password | Powered by WordPress,2,"noindex, nofollow, noarchive",,,39,"width=device-width, initial-scale=1.0",none,none,none,DYNAMIC,200,identical,,crawl,/wp-login.php,no,1,H1x2
