page,page_url,section_heading,order_on_page,image_file_in_repo,original_file_name,original_drive_link,alt_text,caption
/,https://finalsite-git-final-images-v2-linneamoritznycs-projects.vercel.app/,Join a global community of Soil Regenerators,1,img/new/students-laughing-at-compost-cage-1600w.jpg,CTPFW Students Laughing at Compost 1.jpg,https://drive.google.com/file/d/18-FeH_-PCJRUTY5vmwRFvxXI9xzu0ota/view,A man in a bucket hat and a laughing woman working a wire compost cage with a pitchfork,
/,https://finalsite-git-final-images-v2-linneamoritznycs-projects.vercel.app/,A foundation built on living soil,2,img/elaine-smile-talking.webp,elaine-smile-talking-800.jpg,https://new.soilfoodweb.com/wp-content/uploads/2026/09/elaine-smile-talking-800.jpg,Dr. Elaine Ingham smiling as she talks at an outdoor table,
/,https://finalsite-git-final-images-v2-linneamoritznycs-projects.vercel.app/,Partner with nature's intelligence,3,img/new/r5a-3994-1499w.jpg,"r5a-3994 (repo, img/new-2026-10/)",,A compost thermometer dial pushed into a compost pile,
/,https://finalsite-git-final-images-v2-linneamoritznycs-projects.vercel.app/,Partner with nature's intelligence,4,img/new/sfw-inc-windrow-708w.jpg,Soil-food-Web-Inc.-Windrow2-708X466.jpg,https://drive.google.com/file/d/1lDbMSt-QF1wJlhk6LyGJazudaDVmvOAy/view,"A yellow backhoe and trailer beside a long, steaming compost windrow, a man standing at the far end, pine forest behind",
/,https://finalsite-git-final-images-v2-linneamoritznycs-projects.vercel.app/,Partner with nature's intelligence,5,img/new/sfw-inc-geo-tea-brewer-708w.jpg,Soil-food-Web-Inc.-Geo_Tea_Brewer-708X466.jpg,https://drive.google.com/file/d/12U9jIBYydTDcGsjniw9k7pJHzTJLfu66/view,A man stirring compost in a large plastic tote fitted with a stainless steel brewing rig,
/,https://finalsite-git-final-images-v2-linneamoritznycs-projects.vercel.app/,Partner with nature's intelligence,6,img/new/sfw-inc-taking-temp-after-turning-708w.jpg,Soil-food-Web-Inc.-Taking_Temp_After_Turning-708X466.jpg,https://drive.google.com/file/d/1i0u2ir1AwCdbWe6X61Ygl7baUzyKuFXS/view,A man in a blue jacket and knit hat pushing a probe thermometer into a dark compost pile,
/,https://finalsite-git-final-images-v2-linneamoritznycs-projects.vercel.app/,Customize your learning path according to your needs and goals,7,img/new/forest-mycelium-aysen-ustunay-1200w.jpg,forest mycellium.jpeg,https://drive.google.com/file/d/1Eq9LA7za4jemggY2i4jf7SsGuQn3UVBW/view,A hand holding a piece of rotting wood threaded with white fungal strands,Photo: Aysen Ustunay
/,https://finalsite-git-final-images-v2-linneamoritznycs-projects.vercel.app/,Customize your learning path according to your needs and goals,8,img/new/ctpfw-student-moving-compost-1-1600w.jpg,"ctpfw-student-moving-compost-1 (repo, img/new-2026-10/)",,A woman lifting an armful of dark compost out of a wire bin while a man sprays it with a hose,
/,https://finalsite-git-final-images-v2-linneamoritznycs-projects.vercel.app/,Customize your learning path according to your needs and goals,9,img/new/card-compost-tea-jug-1600w.jpg,20250619_113304 CompostTea,https://drive.google.com/file/d/16vhHB-eEgC5QI3pVctK1QLT9NycZkaEc/view,A yellow-gloved hand pointing at a measuring jug of brown liquid in a large shed,
/,https://finalsite-git-final-images-v2-linneamoritznycs-projects.vercel.app/,Customize your learning path according to your needs and goals,10,img/new/card-student-at-microscope-952w.jpg,"costa-rica-2025-microscopy-students-mentors.jpg (repo, img/new-2026-10/)",,"A woman looking into a microscope at a long table, with other students at microscopes behind her",
/,https://finalsite-git-final-images-v2-linneamoritznycs-projects.vercel.app/,Hear from our students,11,img/our-students-testimonials.webp,our-students-testimonials.jpg,https://new.soilfoodweb.com/wp-content/uploads/2026/09/our-students-testimonials.jpg,A grid of video-call portraits of students and practitioners,
/,https://finalsite-git-final-images-v2-linneamoritznycs-projects.vercel.app/,Happening across the community,12,img/img-1493.webp,IMG_1493.jpg,,"Workshop participants standing around a tall wire compost cage topped with flowers, inside a barn",
/,https://finalsite-git-final-images-v2-linneamoritznycs-projects.vercel.app/,Happening across the community,13,img/how-a-rare-microscope-sighting-1400x1400.webp,How-A-Rare-Microscope-Sighting-1400x1400-1-scaled.png,https://new.soilfoodweb.com/wp-content/uploads/2026/05/How-A-Rare-Microscope-Sighting-1400x1400-1-scaled.png,A graphic reading Education: how a Soil Food Web education helps gardeners solve crop issues,
/,https://finalsite-git-final-images-v2-linneamoritznycs-projects.vercel.app/,Happening across the community,14,img/pd-cohort-1-launches.webp,PD-Cohort-1-Launches.jpg,https://new.soilfoodweb.com/wp-content/uploads/2026/04/PD-Cohort-1-Launches.jpg,"A yellow graphic reading A timely solution for uncertain times, with the Permaculture Design Course mark",
/,https://finalsite-git-final-images-v2-linneamoritznycs-projects.vercel.app/,Happening across the community,15,img/new/inspecting-feedstock-barrels-group-1600w.jpg,Inspecting Feedstock 2.HEIC,https://drive.google.com/file/d/1XTXjD7wDrvty5n0g9_MxNJXEsUHQq_5e/view,"Workshop participants in caps gathered around open blue barrels, looking at the feedstock inside",
/,https://finalsite-git-final-images-v2-linneamoritznycs-projects.vercel.app/,Happening across the community,16,img/new/cy-workshop-8-1600w.jpg,cy-workshop-8.jpg,,A large group of workshop participants and mentors posing together under a garden pergola hung with burlap bunting,
/about/,https://finalsite-git-final-images-v2-linneamoritznycs-projects.vercel.app/about/,In service to the soil that sustains us all,1,img/new/handling-loose-soil-1600w.jpg,handling-loose-soil.jpg,,Dark soil running from one hand into the other above a freshly worked field,
/about/,https://finalsite-git-final-images-v2-linneamoritznycs-projects.vercel.app/about/,Four ways we grow this work,2,img/new/instructor-teaching-workshop-group-1600w.jpg,IMG_3536.heic,https://drive.google.com/file/d/1tpizv6rYE1Cb3HM8rz6dpRq9dp3r6g5L/view,,
/about/,https://finalsite-git-final-images-v2-linneamoritznycs-projects.vercel.app/about/,Four ways we grow this work,3,img/new/bacterial-feeding-nematode-40x-sid-jensen-1600w.jpg,"bacterial-feeding-nematode-40x-sid-jensen (repo, img/new-2026-10/)",,,
/about/,https://finalsite-git-final-images-v2-linneamoritznycs-projects.vercel.app/about/,Four ways we grow this work,4,img/new/garden-vegetable-beds-1600w.jpg,garden-vegetable-beds.jpg,,,
/about/,https://finalsite-git-final-images-v2-linneamoritznycs-projects.vercel.app/about/,Four ways we grow this work,5,img/new/aug2023-workshop-group-7-1600w.jpg,aug2023-workshop-group-7.jpg,,,
/about/,https://finalsite-git-final-images-v2-linneamoritznycs-projects.vercel.app/about/,The people tending this work,6,img/dr-elaine-ingham-with-microscope.webp,Dr Elaine Ingham with Microscope.jpg,,Dr. Elaine Ingham smiling beside a microscope,
/funding/,https://finalsite-git-final-images-v2-linneamoritznycs-projects.vercel.app/funding/,Scholarships,1,img/new/r5a-4006-1499w.jpg,"r5a-4006 (repo, img/new-2026-10/)",,A woman in a wide-brimmed hat looking down at the compost she is working on,
/year-one-report/,https://finalsite-git-final-images-v2-linneamoritznycs-projects.vercel.app/year-one-report/,"The year, month by month",1,img/new/graduates-holding-certificates-purple-shirts-1600w.jpg,"graduates-holding-certificates-purple-shirts (repo, img/new-2026-10/)",,A large group in purple Soil Food Web shirts holding up their certificates around a long wooden table,"Graduates of the Accelerator Workshop, Santa Fe, United States, February to March 2026"
/year-one-report/,https://finalsite-git-final-images-v2-linneamoritznycs-projects.vercel.app/year-one-report/,The team,2,img/mar-group-photo-2-2.webp,MAR Group Photo 2.jpg,,Group of about thirty people posing around a compost bale in a farm shed,
/programs/,https://finalsite-git-final-images-v2-linneamoritznycs-projects.vercel.app/programs/,Learn to work with the life in your soil,1,img/new/instructor-teaching-workshop-group-1600w.jpg,IMG_3536.heic,https://drive.google.com/file/d/1tpizv6rYE1Cb3HM8rz6dpRq9dp3r6g5L/view,A man in a purple T-shirt teaching a seated group in a bright room with a high wooden ceiling,
/programs/,https://finalsite-git-final-images-v2-linneamoritznycs-projects.vercel.app/programs/,What brings you to the soil food web?,2,img/new/forest-mycelium-aysen-ustunay-1200w.jpg,forest mycellium.jpeg,https://drive.google.com/file/d/1Eq9LA7za4jemggY2i4jf7SsGuQn3UVBW/view,A hand holding a piece of rotting wood threaded with white fungal strands,Photo: Aysen Ustunay
/programs/,https://finalsite-git-final-images-v2-linneamoritznycs-projects.vercel.app/programs/,What brings you to the soil food web?,3,img/new/ctpfw-student-moving-compost-1-1600w.jpg,"ctpfw-student-moving-compost-1 (repo, img/new-2026-10/)",,A woman lifting an armful of dark compost out of a wire bin while a man sprays it with a hose,
/programs/,https://finalsite-git-final-images-v2-linneamoritznycs-projects.vercel.app/programs/,What brings you to the soil food web?,4,img/new/card-compost-tea-jug-1600w.jpg,20250619_113304 CompostTea,https://drive.google.com/file/d/16vhHB-eEgC5QI3pVctK1QLT9NycZkaEc/view,A yellow-gloved hand pointing at a measuring jug of brown liquid in a large shed,
/programs/,https://finalsite-git-final-images-v2-linneamoritznycs-projects.vercel.app/programs/,What brings you to the soil food web?,5,img/new/card-student-at-microscope-952w.jpg,"costa-rica-2025-microscopy-students-mentors.jpg (repo, img/new-2026-10/)",,"A woman looking into a microscope at a long table, with other students at microscopes behind her",
/programs/,https://finalsite-git-final-images-v2-linneamoritznycs-projects.vercel.app/programs/,What brings you to the soil food web?,6,img/test-tubes-with-sample.webp,test-tubes-with-sample-1024x742.jpg,https://new.soilfoodweb.com/wp-content/uploads/2026/09/test-tubes-with-sample-1024x742.jpg,,
/programs/,https://finalsite-git-final-images-v2-linneamoritznycs-projects.vercel.app/programs/,What brings you to the soil food web?,7,img/new/card-inspecting-feedstock-barrels-1600w.jpg,Inspecting feedstock.HEIC,https://drive.google.com/file/d/1T-qP7wpwpMdsl3H-reIZgoiYsfFgUsU2/view,A person in a wide-brimmed hat inspecting blue barrels of compost feedstock,
/programs/,https://finalsite-git-final-images-v2-linneamoritznycs-projects.vercel.app/programs/,What brings you to the soil food web?,8,img/actively-aerated-compost-tea-brew-vessels.webp,actively-aerated-compost-tea-brew-vessels.webp,https://new.soilfoodweb.com/wp-content/uploads/2026/09/actively-aerated-compost-tea-brew-vessels.webp,,
/programs/,https://finalsite-git-final-images-v2-linneamoritznycs-projects.vercel.app/programs/,What brings you to the soil food web?,9,img/isadora.webp,isadora.jpg,https://new.soilfoodweb.com/wp-content/uploads/2026/06/isadora.jpg,,
/programs/,https://finalsite-git-final-images-v2-linneamoritznycs-projects.vercel.app/programs/,What brings you to the soil food web?,10,img/new/garden-vegetable-beds-1600w.jpg,garden-vegetable-beds.jpg,,Raised wooden garden beds planted with onions and leafy greens,
/programs/,https://finalsite-git-final-images-v2-linneamoritznycs-projects.vercel.app/programs/,What brings you to the soil food web?,11,img/new/card-field-walk-crop-rows-1600w.jpg,"card-field-walk-crop-rows (repo, img/new-2026-10/)",,"A group standing between rows of green crops in a field under a cloudy sky, listening to a man speaking",
/programs/,https://finalsite-git-final-images-v2-linneamoritznycs-projects.vercel.app/programs/,What brings you to the soil food web?,12,img/new/card-vineyard-ground-cover-capri-1024w.jpg,soil coverage(1).jpeg,https://drive.google.com/file/d/1E9mlMQ7tTMvvqDk6SlPptoTREWdZFuE8/view,"A vineyard with green ground cover and yellow wildflowers between the rows, hills behind",Photo: Caterina Capri
/programs/,https://finalsite-git-final-images-v2-linneamoritznycs-projects.vercel.app/programs/,What brings you to the soil food web?,13,img/new/card-roots-in-soil-capri-1600w.jpg,roots.HEIC,https://drive.google.com/file/d/1XDWbTOON1O0dB48roYHjiowlB5AAONCz/view,A clump of soil full of fine roots held over a sieve,Photo: Caterina Capri
/programs/,https://finalsite-git-final-images-v2-linneamoritznycs-projects.vercel.app/programs/,What brings you to the soil food web?,14,img/new/card-group-in-field-wild-ken-hill-1600w.jpg,IMG_2498 CommunityPictureInField,https://drive.google.com/file/d/19vPtfoUiOuvLXxqlSQ_QK8f1FdrbhuBo/view,A group of people standing in a field of grass and red poppies under a wide blue sky,
/programs/,https://finalsite-git-final-images-v2-linneamoritznycs-projects.vercel.app/programs/,What brings you to the soil food web?,15,img/new/card-elaine-ingham-microscope-1600w.jpg,Dr Elaine Ingham with Microscope.jpg,https://drive.google.com/file/d/1-F8T7lZORvm2Eh-txYY4XxZILD4TgARv/view,Dr. Elaine Ingham smiling beside a microscope,
/programs/,https://finalsite-git-final-images-v2-linneamoritznycs-projects.vercel.app/programs/,What brings you to the soil food web?,16,img/new/pile-turning-wes-8-1600w.jpg,"pile-turning-wes-8 (repo, img/new-2026-10/)",,People in gloves reaching into an open compost pile in a wire bin while others stand behind with tools,
/workshops/,https://finalsite-git-final-images-v2-linneamoritznycs-projects.vercel.app/workshops/,In-person workshops,1,img/ctpfw-student-squeezing-compost.webp,ctpfw-student-squeezing-compost-1-1024x576.jpg,https://new.soilfoodweb.com/wp-content/uploads/2026/09/ctpfw-student-squeezing-compost-1-1024x576.jpg,A student squeezing a handful of compost to test it while others watch,
/workshops/,https://finalsite-git-final-images-v2-linneamoritznycs-projects.vercel.app/workshops/,Accelerator Workshop India 2026,2,img/new/workshop-card-october-2026-630w.jpg,"accelerator-workshop-october-2026-card.jpg (repo, past-workshop-picks/img/)",,"A collage: a compost tea brewer, a person at a microscope, a group of participants outdoors, hands holding compost, and the Accelerator Workshop logo",
/workshops/,https://finalsite-git-final-images-v2-linneamoritznycs-projects.vercel.app/workshops/,Previously,3,img/new/workshop-card-june-2026-1200w.jpg,"accelerator-workshop-june-2026-card.jpg (repo, past-workshop-picks/img/)",,"Five people standing around a tall wire compost cage packed with green material, in a barn","Accelerator Workshop, Norfolk, United Kingdom, 15 to 26 June 2026"
/workshops/,https://finalsite-git-final-images-v2-linneamoritznycs-projects.vercel.app/workshops/,Previously,4,img/new/workshop-card-february-2026-1200w.jpg,"accelerator-workshop-february-2026-card.jpg (repo, past-workshop-picks/img/)",,"Workshop participants in caps and hats gathered around open blue barrels, inspecting the feedstock inside","Accelerator Workshop, Santa Fe, United States, 23 February to 6 March 2026"
/workshops/,https://finalsite-git-final-images-v2-linneamoritznycs-projects.vercel.app/workshops/,Previously,5,img/new/workshop-card-october-2025-1200w.jpg,"accelerator-workshop-october-2025-card.jpg (repo, past-workshop-picks/img/)",,"Eight people standing in front of tropical plants, one of them holding up a certificate","Accelerator Workshop, Área Metropolitana de San José, Costa Rica, 13 to 24 October 2025"
/workshops/,https://finalsite-git-final-images-v2-linneamoritznycs-projects.vercel.app/workshops/,Previously,6,img/new/workshop-card-june-2025-1200w.jpg,IMG_2498 CommunityPictureInField,https://drive.google.com/file/d/19vPtfoUiOuvLXxqlSQ_QK8f1FdrbhuBo/view,A group standing in a field of red poppies under a blue sky,"Accelerator Workshop, Norfolk, United Kingdom, 16 to 27 June 2025"
/workshops/,https://finalsite-git-final-images-v2-linneamoritznycs-projects.vercel.app/workshops/,Previously,7,img/new/workshop-card-march-2025-1200w.jpg,"accelerator-workshop-march-2025-card.jpg (repo, past-workshop-picks/img/)",,A large group posing around a freshly built compost pile under an open-sided roof,"Accelerator Workshop, Área Metropolitana de San José, Costa Rica, 3 to 14 March 2025"
/workshops/,https://finalsite-git-final-images-v2-linneamoritznycs-projects.vercel.app/workshops/,Previously,8,img/new/workshop-card-january-2025-1200w.jpg,"accelerator-workshop-january-2025-card.jpg (repo, past-workshop-picks/img/)",,A large group posing under a garden pergola hung with burlap bunting,"Accelerator Workshop, Kampia, Cyprus, 13 to 24 January 2025"
/workshops/,https://finalsite-git-final-images-v2-linneamoritznycs-projects.vercel.app/workshops/,Previously,9,img/new/workshop-card-july-2024-1200w.jpg,PXL_20240718_142500964,https://drive.google.com/file/d/1CWmQwWC4Ttw3duRjUOSghoaw_ykJJmiM/view,"Five people around a wire compost cage on a pallet, one kneeling with a pitchfork and giving a thumbs up","Accelerator Workshop, Área Metropolitana de San José, Costa Rica, 15 to 26 July 2024"
/workshops/,https://finalsite-git-final-images-v2-linneamoritznycs-projects.vercel.app/workshops/,Previously,10,img/new/workshop-card-august-2023-1200w.jpg,"accelerator-workshop-august-2023-card.jpg (repo, past-workshop-picks/img/)",,Students reaching up for a high five over a compost pile,"Accelerator Workshop, Área Metropolitana de San José, Costa Rica, 7 to 18 August 2023"
/workshops/,https://finalsite-git-final-images-v2-linneamoritznycs-projects.vercel.app/workshops/,Previously,11,img/new/workshop-card-2022-1024w.jpg,ERC Via Organica - Mexico 10.JPG,https://drive.google.com/file/d/1QePNR8gKuGMFmkLJ3XSHxX3WBSzS_r0p/view,"People in sun hats raking and forking a long compost pile in a dry field, with mountains behind","Accelerator Workshop, México, 14 to 25 March 2022"
/workshops/,https://finalsite-git-final-images-v2-linneamoritznycs-projects.vercel.app/workshops/,Previously,12,img/new/workshop-card-2019-282w.jpg,"accelerator-workshop-2019-card.jpg (repo, past-workshop-picks/img/)",,A group of participants posing together indoors,"Accelerator Workshop, Brasil, 7 to 18 January 2019"
/scholarship/,https://finalsite-git-final-images-v2-linneamoritznycs-projects.vercel.app/scholarship/,Scholarships,1,img/new/students-laughing-together-1600w.jpg,CTPFW Students Laughing 1.png,https://drive.google.com/file/d/114QUqNxh8Ms4AwcYvpTR6fjO0_1fO7k1/view,"About ten students standing close together and laughing, with tropical plants behind",
/login/,https://finalsite-git-final-images-v2-linneamoritznycs-projects.vercel.app/login/,"sMApp, the microscope tool",1,img/new/r5a-4235-1499w.jpg,"r5a-4235 (repo, img/new-2026-10/)",,,
/how-it-works/,https://finalsite-git-final-images-v2-linneamoritznycs-projects.vercel.app/how-it-works/,How the soil food web works,1,img/new/bacterial-feeding-nematode-40x-obj-casey-williams-1600w.jpg,"Bacterial-feeding nematode, 40x obj, Casey Williams.jpg",,"A slender, transparent nematode among dark particles seen under a microscope","Bacterial-feeding nematode, 40x objective. Photo: Casey Williams"
/how-it-works/,https://finalsite-git-final-images-v2-linneamoritznycs-projects.vercel.app/how-it-works/,The soil food web,2,img/new/card-roots-in-soil-capri-1600w.jpg,roots.HEIC,https://drive.google.com/file/d/1XDWbTOON1O0dB48roYHjiowlB5AAONCz/view,A clump of soil full of fine roots held over a sieve,Photo: Caterina Capri
/how-it-works/,https://finalsite-git-final-images-v2-linneamoritznycs-projects.vercel.app/how-it-works/,The soil food web,3,img/the-soil-food-web.webp,the-soil-food-web.jpg,https://new.soilfoodweb.com/wp-content/uploads/2026/08/the-soil-food-web.jpg,,
/how-it-works/,https://finalsite-git-final-images-v2-linneamoritznycs-projects.vercel.app/how-it-works/,Nutrient cycling,4,img/9.webp,9.jpg,https://new.soilfoodweb.com/wp-content/uploads/2026/08/9.jpg,,
/how-it-works/,https://finalsite-git-final-images-v2-linneamoritznycs-projects.vercel.app/how-it-works/,Building soil structure,5,img/8.webp,8.jpg,https://new.soilfoodweb.com/wp-content/uploads/2026/08/8.jpg,,
/how-it-works/,https://finalsite-git-final-images-v2-linneamoritznycs-projects.vercel.app/how-it-works/,Suppressing weeds,6,img/new/cover-crop-mix-capri-1600w.jpg,cc mix focus.HEIC,https://drive.google.com/file/d/1bfEibZHsQ8vTZj_JCN0je9_pmooRI-EH/view,"Crimson clover, vetch and a white flower growing together among green leaves",Photo: Caterina Capri
/how-it-works/,https://finalsite-git-final-images-v2-linneamoritznycs-projects.vercel.app/how-it-works/,Suppressing weeds,7,img/7.webp,7.jpg,https://new.soilfoodweb.com/wp-content/uploads/2026/08/7.jpg,,
/how-it-works/,https://finalsite-git-final-images-v2-linneamoritznycs-projects.vercel.app/how-it-works/,Protecting plants from pests and disease,8,img/video-thumbnails-5.webp,Video-Thumbnails-5.jpg,https://new.soilfoodweb.com/wp-content/uploads/2026/08/Video-Thumbnails-5.jpg,,
/how-it-works/,https://finalsite-git-final-images-v2-linneamoritznycs-projects.vercel.app/how-it-works/,"Sequestering carbon, avoiding emissions",9,img/new/fungal-hypha-100x-obj-marco-trevisan-1600w.jpg,"fungal-hypha-100x-obj-marco-trevisan (repo, img/new-2026-10/)",,Fungal hypha under the microscope at 100x magnification. Photo: Marco Trevisan.,"Fungal hypha, 100x. Photo: Marco Trevisan."
/how-it-works/,https://finalsite-git-final-images-v2-linneamoritznycs-projects.vercel.app/how-it-works/,"Sequestering carbon, avoiding emissions",10,img/6.webp,6.jpg,https://new.soilfoodweb.com/wp-content/uploads/2026/08/6.jpg,,
/how-it-works/,https://finalsite-git-final-images-v2-linneamoritznycs-projects.vercel.app/how-it-works/,Case studies & videos,11,img/screenshot-2026-09-17-173253.webp,Screenshot-2026-09-17-173253.jpg,https://new.soilfoodweb.com/wp-content/uploads/2026/09/Screenshot-2026-09-17-173253.jpg,Grid of four video thumbnails with play buttons and speaker names.,
/publications/,https://finalsite-git-final-images-v2-linneamoritznycs-projects.vercel.app/publications/,The research behind living soil,1,img/new/elaine-ingham-nematode-extraction-940w.jpg,Elaine and nematode extraction.png,https://drive.google.com/file/d/198Q9bon7-UYOjbrgA9UfIDA5K1se0eOC/view,"Dr. Elaine Ingham pouring liquid from a squeeze bottle into paper filters set over two bowls, with people on either side",
/work-with-us/,https://finalsite-git-final-images-v2-linneamoritznycs-projects.vercel.app/work-with-us/,Work with us,1,img/new/workshop-2025-sorting-green-leaves-1600w.jpg,"workshop-2025-sorting-green-leaves (repo, img/new-2026-10/)",,"A man in a green shirt crouching on a concrete floor, sorting a handful of fresh green leaves beside a heap of compost, with others standing around him",
/work-with-us/,https://finalsite-git-final-images-v2-linneamoritznycs-projects.vercel.app/work-with-us/,Work with us on research,2,img/soil-sample-shovel-and-bag.webp,soil-sample-shovel-and-bag-1.jpg,https://new.soilfoodweb.com/wp-content/uploads/2026/09/soil-sample-shovel-and-bag-1.jpg,Gloved hands scoop soil into a sample bag,
/case-studies/,https://finalsite-git-final-images-v2-linneamoritznycs-projects.vercel.app/case-studies/,Case studies,1,img/new/card-vineyard-ground-cover-capri-1024w.jpg,soil coverage(1).jpeg,https://drive.google.com/file/d/1E9mlMQ7tTMvvqDk6SlPptoTREWdZFuE8/view,"A vineyard with green ground cover and yellow wildflowers between the rows, hills behind",Photo: Caterina Capri
/case-studies/,https://finalsite-git-final-images-v2-linneamoritznycs-projects.vercel.app/case-studies/,Case studies and results,2,img/1642142964-320c13e3e18b759e5e6abec6e7e9355349e76ce853837db95ea15fcf38a9c5aa-d.webp,1642142964-320c13e3e18b759e5e6abec6e7e9355349e76ce853837db95ea15fcf38a9c5aa-d_295x166,https://i.vimeocdn.com/video/1642142964-320c13e3e18b759e5e6abec6e7e9355349e76ce853837db95ea15fcf38a9c5aa-d_295x166?region=us,,
/case-studies/,https://finalsite-git-final-images-v2-linneamoritznycs-projects.vercel.app/case-studies/,Case studies and results,3,img/1642150944-d8d97a037cf1f3f09c030f64bdba1371923d163955543656d923f3064d87817c-d.webp,1642150944-d8d97a037cf1f3f09c030f64bdba1371923d163955543656d923f3064d87817c-d_295x166,https://i.vimeocdn.com/video/1642150944-d8d97a037cf1f3f09c030f64bdba1371923d163955543656d923f3064d87817c-d_295x166?region=us,,
/case-studies/,https://finalsite-git-final-images-v2-linneamoritznycs-projects.vercel.app/case-studies/,Case studies and results,4,img/1591478071-1f640bfdf1654327b57084f17f83e42c1c7b4aef6ba81f7b325945b846db2c1f-d.webp,1591478071-1f640bfdf1654327b57084f17f83e42c1c7b4aef6ba81f7b325945b846db2c1f-d_295x166,https://i.vimeocdn.com/video/1591478071-1f640bfdf1654327b57084f17f83e42c1c7b4aef6ba81f7b325945b846db2c1f-d_295x166?region=us,,
/case-studies/,https://finalsite-git-final-images-v2-linneamoritznycs-projects.vercel.app/case-studies/,Case studies and results,5,img/1595690870-f29d3789aa28921b854fbabfe6ec74a8d21e974a092c1729691d65ddfa34d206-d.webp,1595690870-f29d3789aa28921b854fbabfe6ec74a8d21e974a092c1729691d65ddfa34d206-d_295x166,https://i.vimeocdn.com/video/1595690870-f29d3789aa28921b854fbabfe6ec74a8d21e974a092c1729691d65ddfa34d206-d_295x166?region=us,,
/case-studies/,https://finalsite-git-final-images-v2-linneamoritznycs-projects.vercel.app/case-studies/,Case studies and results,6,img/1955906573-132d777181671f333ee9cd5a93e7cbc25789edbe6a7cb5bcb7db54e14fbf9318-d-1280.webp,1955906573-132d777181671f333ee9cd5a93e7cbc25789edbe6a7cb5bcb7db54e14fbf9318-d_1280,https://i.vimeocdn.com/video/1955906573-132d777181671f333ee9cd5a93e7cbc25789edbe6a7cb5bcb7db54e14fbf9318-d_1280?region=us,,
/case-studies/,https://finalsite-git-final-images-v2-linneamoritznycs-projects.vercel.app/case-studies/,Case studies and results,7,img/1153577222-cf36453b0ac59440959b5ae60bc913ed374b59b8ec9c5bcbb0d2b7dceb466b01-d-1280.webp,1153577222-cf36453b0ac59440959b5ae60bc913ed374b59b8ec9c5bcbb0d2b7dceb466b01-d_1280,https://i.vimeocdn.com/video/1153577222-cf36453b0ac59440959b5ae60bc913ed374b59b8ec9c5bcbb0d2b7dceb466b01-d_1280?region=us,,
/case-studies/,https://finalsite-git-final-images-v2-linneamoritznycs-projects.vercel.app/case-studies/,Case studies and results,8,img/1153575028-c8e15b22b3014b104f500ed79e2fd5715a5ab942332ee86a727f340a04d3d085-d-1280.webp,1153575028-c8e15b22b3014b104f500ed79e2fd5715a5ab942332ee86a727f340a04d3d085-d_1280,https://i.vimeocdn.com/video/1153575028-c8e15b22b3014b104f500ed79e2fd5715a5ab942332ee86a727f340a04d3d085-d_1280?region=us,,
/case-studies/,https://finalsite-git-final-images-v2-linneamoritznycs-projects.vercel.app/case-studies/,Case studies and results,9,img/1153573773-12bca550930e13c5ee0f2c7fd87f20b3022f85fce9c857b1c73dc54efaf46292-d-1280.webp,1153573773-12bca550930e13c5ee0f2c7fd87f20b3022f85fce9c857b1c73dc54efaf46292-d_1280,https://i.vimeocdn.com/video/1153573773-12bca550930e13c5ee0f2c7fd87f20b3022f85fce9c857b1c73dc54efaf46292-d_1280?region=us,,
/case-studies/,https://finalsite-git-final-images-v2-linneamoritznycs-projects.vercel.app/case-studies/,Case studies and results,10,img/1153573295-8262f36b15f986c694679efca8b776216fa5860a9d48a99dc511fac85b727158-d-1280.webp,1153573295-8262f36b15f986c694679efca8b776216fa5860a9d48a99dc511fac85b727158-d_1280,https://i.vimeocdn.com/video/1153573295-8262f36b15f986c694679efca8b776216fa5860a9d48a99dc511fac85b727158-d_1280?region=us,,
/case-studies/,https://finalsite-git-final-images-v2-linneamoritznycs-projects.vercel.app/case-studies/,Case studies and results,11,img/1153571858-49c9441fbb0fcb0847aba99cf518eb277b3d4855be6a23dcbbdf43510158815b-d-1280.webp,1153571858-49c9441fbb0fcb0847aba99cf518eb277b3d4855be6a23dcbbdf43510158815b-d_1280,https://i.vimeocdn.com/video/1153571858-49c9441fbb0fcb0847aba99cf518eb277b3d4855be6a23dcbbdf43510158815b-d_1280?region=us,,
/case-studies/,https://finalsite-git-final-images-v2-linneamoritznycs-projects.vercel.app/case-studies/,Case studies and results,12,img/1153570392-20dd661b2351b59c6152b54729109251e0e40a4881ed7c38e2f447601588c74c-d-1280.webp,1153570392-20dd661b2351b59c6152b54729109251e0e40a4881ed7c38e2f447601588c74c-d_1280,https://i.vimeocdn.com/video/1153570392-20dd661b2351b59c6152b54729109251e0e40a4881ed7c38e2f447601588c74c-d_1280?region=us,,
/case-studies/,https://finalsite-git-final-images-v2-linneamoritznycs-projects.vercel.app/case-studies/,"Market garden makeover, Sweden",13,img/1153570392-20dd661b2351b59c6152b54729109251e0e40a4881ed7c38e2f447601588c74c-d-1280.webp,1153570392-20dd661b2351b59c6152b54729109251e0e40a4881ed7c38e2f447601588c74c-d_1280,https://i.vimeocdn.com/video/1153570392-20dd661b2351b59c6152b54729109251e0e40a4881ed7c38e2f447601588c74c-d_1280?region=us,,
/case-studies/,https://finalsite-git-final-images-v2-linneamoritznycs-projects.vercel.app/case-studies/,More from the community,14,img/1153821780-2d7db5e66e6768012204284b631894de820603e3cc63733704797101d7203257-d-1280.webp,1153821780-2d7db5e66e6768012204284b631894de820603e3cc63733704797101d7203257-d_1280,https://i.vimeocdn.com/video/1153821780-2d7db5e66e6768012204284b631894de820603e3cc63733704797101d7203257-d_1280?region=us,,
/case-studies/,https://finalsite-git-final-images-v2-linneamoritznycs-projects.vercel.app/case-studies/,More from the community,15,img/1123829588-4c257e5c6e53ddd5b7c98df62a6c9121791f79d6c8b5eaf40abdc4a5deeec41a-d-1280.webp,1123829588-4c257e5c6e53ddd5b7c98df62a6c9121791f79d6c8b5eaf40abdc4a5deeec41a-d_1280,https://i.vimeocdn.com/video/1123829588-4c257e5c6e53ddd5b7c98df62a6c9121791f79d6c8b5eaf40abdc4a5deeec41a-d_1280?region=us,,
/case-studies/,https://finalsite-git-final-images-v2-linneamoritznycs-projects.vercel.app/case-studies/,More from the community,16,img/1153822613-40e5a5ed1cc08620b7b8b9838ae5bef8d79256aec2458bd8934d59b7c63802d7-d-1280.webp,1153822613-40e5a5ed1cc08620b7b8b9838ae5bef8d79256aec2458bd8934d59b7c63802d7-d_1280,https://i.vimeocdn.com/video/1153822613-40e5a5ed1cc08620b7b8b9838ae5bef8d79256aec2458bd8934d59b7c63802d7-d_1280?region=us,,
/case-studies/,https://finalsite-git-final-images-v2-linneamoritznycs-projects.vercel.app/case-studies/,More from the community,17,img/1153814886-b4b6fbe0e0e79664524b225f4d471bb6a4d18e3f597c317c5888431c718ee473-d-1280.webp,1153814886-b4b6fbe0e0e79664524b225f4d471bb6a4d18e3f597c317c5888431c718ee473-d_1280,https://i.vimeocdn.com/video/1153814886-b4b6fbe0e0e79664524b225f4d471bb6a4d18e3f597c317c5888431c718ee473-d_1280?region=us,,
/case-studies/,https://finalsite-git-final-images-v2-linneamoritznycs-projects.vercel.app/case-studies/,More from the community,18,img/1153817331-02d395bbb957543be2d283b9bb9e8619f96ecd87a717a2acd7d024a8da8eda77-d-1280.webp,1153817331-02d395bbb957543be2d283b9bb9e8619f96ecd87a717a2acd7d024a8da8eda77-d_1280,https://i.vimeocdn.com/video/1153817331-02d395bbb957543be2d283b9bb9e8619f96ecd87a717a2acd7d024a8da8eda77-d_1280?region=us,,
/case-studies/,https://finalsite-git-final-images-v2-linneamoritznycs-projects.vercel.app/case-studies/,More from the community,19,img/1185580646-d7ae28026bb7cc270792ad4c7249d50217d26701aadc1cf5d9ff92c77aa7e46c-d-1280.webp,1185580646-d7ae28026bb7cc270792ad4c7249d50217d26701aadc1cf5d9ff92c77aa7e46c-d_1280,https://i.vimeocdn.com/video/1185580646-d7ae28026bb7cc270792ad4c7249d50217d26701aadc1cf5d9ff92c77aa7e46c-d_1280?region=us,,
/case-studies/,https://finalsite-git-final-images-v2-linneamoritznycs-projects.vercel.app/case-studies/,More from the community,20,img/1153814102-cca2da1c0c6b49dae2803711128fe588c6cb775cd5a7c2eadd62fe1b33c82852-d-1280.webp,1153814102-cca2da1c0c6b49dae2803711128fe588c6cb775cd5a7c2eadd62fe1b33c82852-d_1280,https://i.vimeocdn.com/video/1153814102-cca2da1c0c6b49dae2803711128fe588c6cb775cd5a7c2eadd62fe1b33c82852-d_1280?region=us,,
/case-studies/,https://finalsite-git-final-images-v2-linneamoritznycs-projects.vercel.app/case-studies/,More from the community,21,img/1164785820-cd83db787b38a2bd2ee03f876e023b373511cf931a1ca141d62622dd48fb03dc-d.webp,1164785820-cd83db787b38a2bd2ee03f876e023b373511cf931a1ca141d62622dd48fb03dc-d_295x166,https://i.vimeocdn.com/video/1164785820-cd83db787b38a2bd2ee03f876e023b373511cf931a1ca141d62622dd48fb03dc-d_295x166?region=us,,
/case-studies/,https://finalsite-git-final-images-v2-linneamoritznycs-projects.vercel.app/case-studies/,More from the community,22,img/1153819622-2ce05031d760114603269b1a119cdffc2d4c81fbd25130b230c5405cfceb9125-d-1280.webp,1153819622-2ce05031d760114603269b1a119cdffc2d4c81fbd25130b230c5405cfceb9125-d_1280,https://i.vimeocdn.com/video/1153819622-2ce05031d760114603269b1a119cdffc2d4c81fbd25130b230c5405cfceb9125-d_1280?region=us,,
/find-a-professional/,https://finalsite-git-final-images-v2-linneamoritznycs-projects.vercel.app/find-a-professional/,Work with a Soil Food Web School Graduate,1,img/new/consultant-clipboard-compost-site-1499w.jpg,R5A_4047.jpg,https://drive.google.com/file/d/1c8hJetywhJBow0rugmUkPXFgn6KDrAlW/view,"A woman in a cap and blue T-shirt smiling as she writes on a clipboard, with compost piles behind",
/community/,https://finalsite-git-final-images-v2-linneamoritznycs-projects.vercel.app/community/,Welcome to our global community,1,img/new/students-high-five-at-compost-1600w.jpg,CTPFW Students High-Five at Compost 1.png,https://drive.google.com/file/d/1g0sNgJqYeHHReF_rp9IB7yPFBATdQwdW/view,"Students in gloves high-fiving over a wire compost bin, everyone grinning",
/community/,https://finalsite-git-final-images-v2-linneamoritznycs-projects.vercel.app/community/,News from the community,2,img/img-1495.webp,IMG_1495.jpg,,Workshop participants at Wild Ken Hill,
/community/,https://finalsite-git-final-images-v2-linneamoritznycs-projects.vercel.app/community/,Photos from our community,3,img/new/staff-and-mentors-group-photo-1600w.jpg,"staff-and-mentors-group-photo (repo, img/new-2026-10/)",,About twenty-five staff members and mentors posing together for a group photo in a room with orange walls and tiled floor,"Staff and mentors, Accelerator Workshop, Costa Rica, March 2025"
/community/,https://finalsite-git-final-images-v2-linneamoritznycs-projects.vercel.app/community/,Photos from our community,4,img/new/graduates-holding-certificates-purple-shirts-1600w.jpg,"graduates-holding-certificates-purple-shirts (repo, img/new-2026-10/)",,A large group in purple Soil Food Web shirts holding up their certificates around a long wooden table,"Graduates of the Accelerator Workshop, Santa Fe, United States, February to March 2026"
/community/,https://finalsite-git-final-images-v2-linneamoritznycs-projects.vercel.app/community/,Photos from our community,5,img/new/cy-workshop-8-1600w.jpg,cy-workshop-8.jpg,,Workshop participants and mentors gathered for a group photo under a garden pergola at our workshop in Cyprus,"Accelerator Workshop, Kampia, Cyprus, January 2025"
/community/,https://finalsite-git-final-images-v2-linneamoritznycs-projects.vercel.app/community/,Photos from our community,6,img/new/card-students-holding-buckets-1600w.jpg,CTPFW Students Smiling 1.png,https://drive.google.com/file/d/1R7OMDBit1rP8oYGXjP_nKn2ov2HxUPWy/view,"Six people standing on a dirt path holding white buckets and smiling, with trees behind","Accelerator Workshop August 2023, Costa Rica"
/community/,https://finalsite-git-final-images-v2-linneamoritznycs-projects.vercel.app/community/,Photos from our community,7,img/new/aug2023-workshop-group-7-1600w.jpg,aug2023-workshop-group-7.jpg,,"Workshop graduates holding their certificates of attendance, August 2023","Graduates of the Accelerator Workshop, Costa Rica, August 2023"
/community/,https://finalsite-git-final-images-v2-linneamoritznycs-projects.vercel.app/community/,Photos from our community,8,img/new/costa-rica-2025-microscopy-students-mentors-1536w.jpg,costa-rica-2025-microscopy-students-mentors.jpg,,"Students and mentors practice microscopy together at our workshop in Costa Rica, March 2025","Students and mentors at the microscopes, Accelerator Workshop, Costa Rica, March 2025"
/community/,https://finalsite-git-final-images-v2-linneamoritznycs-projects.vercel.app/community/,Photos from our community,9,img/new/workshop-group-around-compost-pile-1600w.jpg,"workshop-group-around-compost-pile (repo, img/new-2026-10/)",,A workshop group of about thirty people gathered around a freshly built compost pile under an open-sided shed,"Workshop group around a freshly built compost pile, Accelerator Workshop, Costa Rica, March 2025"
/community/,https://finalsite-git-final-images-v2-linneamoritznycs-projects.vercel.app/community/,Photos from our community,10,img/new/elaine-ceremonial-compost-group-photo-1600w.jpg,"elaine-ceremonial-compost-group-photo (repo, img/new-2026-10/)",,A large group in purple shirts gathered outdoors around a sign reading Elaine,Ceremonial compost build in honor of Dr. Elaine Ingham
/community/,https://finalsite-git-final-images-v2-linneamoritznycs-projects.vercel.app/community/,Photos from our community,11,img/new/instructor-teaching-workshop-group-1600w.jpg,IMG_3536.heic,https://drive.google.com/file/d/1tpizv6rYE1Cb3HM8rz6dpRq9dp3r6g5L/view,A man in a purple T-shirt speaking to a full room of seated people,"Accelerator Workshop February 2026, Santa Fe"
/community/,https://finalsite-git-final-images-v2-linneamoritznycs-projects.vercel.app/community/,Photos from our community,12,img/new/mentors-purple-shirts-santa-fe-1600w.jpg,IMG_3535.heic,https://drive.google.com/file/d/1aYbuApUm56SmUf_k1JMFYNu7rTJwTYWI/view,Seven people in matching purple shirts standing arm in arm indoors,"Mentors, Accelerator Workshop, Santa Fe, 2026"
/community/,https://finalsite-git-final-images-v2-linneamoritznycs-projects.vercel.app/community/,Photos from our community,13,img/new/learning-outside-synergia-1600w.jpg,Learning Outside.HEIC,https://drive.google.com/file/d/1J-Imca_6vGiqdvg8W0Q9-vUlFgSv8T1O/view,"A group standing outdoors among shrubs and sheds, listening, with hills behind","Accelerator Workshop February 2026, Santa Fe"
/community/,https://finalsite-git-final-images-v2-linneamoritznycs-projects.vercel.app/community/,Photos from our community,14,img/new/fire-pit-synergia-1600w.jpg,People Enjoying the fire pit _ Synergia.HEIC,https://drive.google.com/file/d/1heyPAP9K_sZ-1HMKmePwDSGDG_S3Kgeo/view,People sitting on benches around a fire pit under bare trees,"Evening at the fire pit, Synergia Ranch, Santa Fe, 2026"
/community/,https://finalsite-git-final-images-v2-linneamoritznycs-projects.vercel.app/community/,Photos from our community,15,img/new/group-hacienda-sign-costa-rica-1200w.jpg,D39F55EC-0E78-48C4-9B8C-464BF4804D23.JPG,https://drive.google.com/file/d/1pZ2XbcZgplOdnrwDw6NS2VaCKg2w7fhP/view,A group posing in front of a large painted wooden hacienda sign surrounded by plants,"Accelerator Workshop March 2025, Costa Rica"
/community/,https://finalsite-git-final-images-v2-linneamoritznycs-projects.vercel.app/community/,Photos from our community,16,img/new/wild-ken-hill-compost-cage-group-1200w.jpg,IMG_1499.jpg,https://drive.google.com/file/d/1q9cHUBglEm7TDtoSNJs-T5k4Fv7WUMNs/view,"Workshop participants standing around a tall wire compost cage topped with flowers, inside a barn","Accelerator Workshop June 2026, Norfolk"
/news/,https://finalsite-git-final-images-v2-linneamoritznycs-projects.vercel.app/news/,Dispatches from the living soil,1,img/img-1493.webp,IMG_1493.jpg,,"Workshop participants standing around a tall wire compost cage topped with flowers, inside a barn",
/news/,https://finalsite-git-final-images-v2-linneamoritznycs-projects.vercel.app/news/,Dispatches from the living soil,2,img/how-a-rare-microscope-sighting-1400x1400.webp,How-A-Rare-Microscope-Sighting-1400x1400-1-scaled.png,https://new.soilfoodweb.com/wp-content/uploads/2026/05/How-A-Rare-Microscope-Sighting-1400x1400-1-scaled.png,A graphic reading Education: how a Soil Food Web education helps gardeners solve crop issues,
/news/,https://finalsite-git-final-images-v2-linneamoritznycs-projects.vercel.app/news/,Dispatches from the living soil,3,img/pd-cohort-1-launches.webp,PD-Cohort-1-Launches.jpg,https://new.soilfoodweb.com/wp-content/uploads/2026/04/PD-Cohort-1-Launches.jpg,"A yellow graphic reading A timely solution for uncertain times, with the Permaculture Design Course mark",
/news/,https://finalsite-git-final-images-v2-linneamoritznycs-projects.vercel.app/news/,Dispatches from the living soil,4,img/new/inspecting-feedstock-barrels-group-1600w.jpg,Inspecting Feedstock 2.HEIC,https://drive.google.com/file/d/1XTXjD7wDrvty5n0g9_MxNJXEsUHQq_5e/view,"Workshop participants in caps gathered around open blue barrels, looking at the feedstock inside",
/news/,https://finalsite-git-final-images-v2-linneamoritznycs-projects.vercel.app/news/,Dispatches from the living soil,5,img/new/elaine-flower-shirt-microscope-940w.jpg,Elaine Flower Shirt Microscope.png,,Dr. Elaine Ingham at a microscope in a laboratory,
/news/,https://finalsite-git-final-images-v2-linneamoritznycs-projects.vercel.app/news/,Dispatches from the living soil,6,img/eric-feiler-4.webp,Eric-Feiler-4.jpg,https://new.soilfoodweb.com/wp-content/uploads/2026/02/Eric-Feiler-4.jpg,,
/news/,https://finalsite-git-final-images-v2-linneamoritznycs-projects.vercel.app/news/,Dispatches from the living soil,7,img/2025-year-in-review-elaine-scaled-2.webp,2025-year-in-review-Elaine-scaled-1.jpg,https://new.soilfoodweb.com/wp-content/uploads/2025/12/2025-year-in-review-Elaine-scaled-1.jpg,,
/news/,https://finalsite-git-final-images-v2-linneamoritznycs-projects.vercel.app/news/,Dispatches from the living soil,8,img/daniel-tyrkiel-adam-swam-presentation.webp,Daniel-Tyrkiel-adam-swam-Presentation.jpg,https://new.soilfoodweb.com/wp-content/uploads/2025/11/Daniel-Tyrkiel-adam-swam-Presentation.jpg,,
/news/,https://finalsite-git-final-images-v2-linneamoritznycs-projects.vercel.app/news/,Dispatches from the living soil,9,img/screenshot-2025-10-22-212600.webp,Screenshot-2025-10-22-212600.jpg,https://new.soilfoodweb.com/wp-content/uploads/2025/10/Screenshot-2025-10-22-212600.jpg,,
/news/,https://finalsite-git-final-images-v2-linneamoritznycs-projects.vercel.app/news/,Dispatches from the living soil,10,img/blog-posts-headers-2.webp,BLOG-POSTS-HEADERS-2.jpg,https://new.soilfoodweb.com/wp-content/uploads/2025/10/BLOG-POSTS-HEADERS-2.jpg,,
/news/,https://finalsite-git-final-images-v2-linneamoritznycs-projects.vercel.app/news/,Dispatches from the living soil,11,img/2.webp,2.jpg,https://new.soilfoodweb.com/wp-content/uploads/2025/10/2.jpg,,
/news/,https://finalsite-git-final-images-v2-linneamoritznycs-projects.vercel.app/news/,Dispatches from the living soil,12,img/newsletter-oct2025-collage-presentation.webp,Newsletter-OCT2025-Collage-Presentation.jpg,https://new.soilfoodweb.com/wp-content/uploads/2025/10/Newsletter-OCT2025-Collage-Presentation.jpg,,
/news/,https://finalsite-git-final-images-v2-linneamoritznycs-projects.vercel.app/news/,Dispatches from the living soil,13,img/terra-madre-americas-2-scaled.webp,Terra-Madre-Americas-2-scaled-1.jpg,https://new.soilfoodweb.com/wp-content/uploads/2025/09/Terra-Madre-Americas-2-scaled-1.jpg,,
/news/,https://finalsite-git-final-images-v2-linneamoritznycs-projects.vercel.app/news/,Dispatches from the living soil,14,img/screenshot-2025-02-05-at-5-18-21-pm.webp,Screenshot-2025-02-05-at-5.18.21-PM.jpg,https://new.soilfoodweb.com/wp-content/uploads/2025/02/Screenshot-2025-02-05-at-5.18.21-PM.jpg,,
/news/,https://finalsite-git-final-images-v2-linneamoritznycs-projects.vercel.app/news/,Dispatches from the living soil,15,img/copy-of-5-december-2024-presentation.webp,Copy-of-5-December-2024-Presentation-1.jpg,https://new.soilfoodweb.com/wp-content/uploads/2024/12/Copy-of-5-December-2024-Presentation-1.jpg,,
/news/,https://finalsite-git-final-images-v2-linneamoritznycs-projects.vercel.app/news/,Dispatches from the living soil,16,img/masthead-images-2742-by-1202-pixels-scaled.webp,Masthead-Images-2742-by-1202-pixels-scaled-1.jpg,https://new.soilfoodweb.com/wp-content/uploads/2024/03/Masthead-Images-2742-by-1202-pixels-scaled-1.jpg,,
/calendar/,https://finalsite-git-final-images-v2-linneamoritznycs-projects.vercel.app/calendar/,"Meet the community, in person and online",1,img/ctpfw-student-moving-compost.webp,ctpfw-student-moving-compost-1.jpg,,A student lifting an armful of finished compost at a workshop while a group looks on,
/contact/,https://finalsite-git-final-images-v2-linneamoritznycs-projects.vercel.app/contact/,Other ways to reach us,1,img/new/mentors-purple-shirts-santa-fe-1600w.jpg,IMG_3535.heic,https://drive.google.com/file/d/1aYbuApUm56SmUf_k1JMFYNu7rTJwTYWI/view,Seven people in matching purple shirts standing arm in arm indoors,"Mentors, Accelerator Workshop, Santa Fe, 2026"
/invite-us-to-speak/,https://finalsite-git-final-images-v2-linneamoritznycs-projects.vercel.app/invite-us-to-speak/,Speaking and media,1,img/new/instructor-teaching-workshop-group-1600w.jpg,IMG_3536.heic,https://drive.google.com/file/d/1tpizv6rYE1Cb3HM8rz6dpRq9dp3r6g5L/view,A man in a purple T-shirt speaking to a full room of seated people,
/donations/,https://finalsite-git-final-images-v2-linneamoritznycs-projects.vercel.app/donations/,Donate,1,img/new/students-high-five-at-compost-1600w.jpg,CTPFW Students High-Five at Compost 1.png,https://drive.google.com/file/d/1g0sNgJqYeHHReF_rp9IB7yPFBATdQwdW/view,"Students in gloves high-fiving over a wire compost bin, everyone grinning",
/donations/,https://finalsite-git-final-images-v2-linneamoritznycs-projects.vercel.app/donations/,Donate,2,img/new/reviewing-feedstock-synergia-1600w.jpg,Reviewing Feed Stock.HEIC,https://drive.google.com/file/d/12Cd1xya7bFg4UOwDd-xiIlahQW4n_yAT/view,"A man in a wide-brimmed hat speaking to a group beside rows of blue barrels of feedstock, hoop houses behind",
/donations/,https://finalsite-git-final-images-v2-linneamoritznycs-projects.vercel.app/donations/,Donate,3,img/new/fire-pit-synergia-1600w.jpg,People Enjoying the fire pit _ Synergia.HEIC,https://drive.google.com/file/d/1heyPAP9K_sZ-1HMKmePwDSGDG_S3Kgeo/view,People sitting on benches around a fire pit under bare trees,
/volunteer/,https://finalsite-git-final-images-v2-linneamoritznycs-projects.vercel.app/volunteer/,Volunteer with us,1,img/new/learning-outside-2-synergia-1600w.jpg,Learning Outside 2.HEIC,https://drive.google.com/file/d/1RwVivMA9w227MqdHuT7bLZ_mXzNoApd7/view,"A large group in hats and jackets standing outdoors among shrubs and sheds, under a clear blue sky",
/2025-in-review-a-time-of-transition-honoring-our-founder-and-guiding-spirit-building-stronger-community-and-preparing-for-a-bright-future/,https://finalsite-git-final-images-v2-linneamoritznycs-projects.vercel.app/2025-in-review-a-time-of-transition-honoring-our-founder-and-guiding-spirit-building-stronger-community-and-preparing-for-a-bright-future/,"2025 in Review: A time of transition, honoring our founder and guiding spirit, building stronger community, and preparing for a bright future",1,img/2025-year-in-review-elaine-scaled-2.webp,2025-year-in-review-Elaine-scaled-1.jpg,https://new.soilfoodweb.com/wp-content/uploads/2025/12/2025-year-in-review-Elaine-scaled-1.jpg,,
/2025-in-review-a-time-of-transition-honoring-our-founder-and-guiding-spirit-building-stronger-community-and-preparing-for-a-bright-future/,https://finalsite-git-final-images-v2-linneamoritznycs-projects.vercel.app/2025-in-review-a-time-of-transition-honoring-our-founder-and-guiding-spirit-building-stronger-community-and-preparing-for-a-bright-future/,"2025 in Review: A time of transition, honoring our founder and guiding spirit, building stronger community, and preparing for a bright future",2,img/elaine-with-microcope-cropped.webp,Elaine-with-Microcope-cropped-300x185.jpg,https://soilfoodweb.com/wp-content/uploads/2025/12/Elaine-with-Microcope-cropped-300x185.jpg,Woman looking into a microscope at a table with a laptop.,
/2025-in-review-a-time-of-transition-honoring-our-founder-and-guiding-spirit-building-stronger-community-and-preparing-for-a-bright-future/,https://finalsite-git-final-images-v2-linneamoritznycs-projects.vercel.app/2025-in-review-a-time-of-transition-honoring-our-founder-and-guiding-spirit-building-stronger-community-and-preparing-for-a-bright-future/,"2025 in Review: A time of transition, honoring our founder and guiding spirit, building stronger community, and preparing for a bright future",3,img/2025-year-in-review-microscopy.webp,2025-year-in-review-microscopy-300x225.jpg,https://soilfoodweb.com/wp-content/uploads/2025/12/2025-year-in-review-microscopy-300x225.jpg,People working at microscopes around a long table in a classroom.,
/a-blueprint-to-return-to-the-garden-of-eden/,https://finalsite-git-final-images-v2-linneamoritznycs-projects.vercel.app/a-blueprint-to-return-to-the-garden-of-eden/,Harnessing Ernst Gotch’s Agroecological Wisdom: A Blueprint to Return to The Garden of Eden,1,img/masthead-images-2742-by-1202-pixels-scaled.webp,Masthead-Images-2742-by-1202-pixels-scaled-1.jpg,https://new.soilfoodweb.com/wp-content/uploads/2024/03/Masthead-Images-2742-by-1202-pixels-scaled-1.jpg,,
/celebrating-world-soil-day-2024/,https://finalsite-git-final-images-v2-linneamoritznycs-projects.vercel.app/celebrating-world-soil-day-2024/,Celebrating World Soil Day 2024,1,img/copy-of-5-december-2024-presentation.webp,Copy-of-5-December-2024-Presentation-1.jpg,https://new.soilfoodweb.com/wp-content/uploads/2024/12/Copy-of-5-December-2024-Presentation-1.jpg,,
/ciliates-soil-health-microscope-watermelon-crop/,https://finalsite-git-final-images-v2-linneamoritznycs-projects.vercel.app/ciliates-soil-health-microscope-watermelon-crop/,"How A Rare Microscope Sighting Helps Deduce The Problem With Unhealthy Soil: Ciliates, Cysts, and the Clues Hiding in a Struggling Watermelon Crop",1,img/how-a-rare-microscope-sighting-1400x1400.webp,How-A-Rare-Microscope-Sighting-1400x1400-1-scaled.png,https://new.soilfoodweb.com/wp-content/uploads/2026/05/How-A-Rare-Microscope-Sighting-1400x1400-1-scaled.png,,
/help-us-celebrate-food-knowledge-and-culture-in-sacramento-this-september/,https://finalsite-git-final-images-v2-linneamoritznycs-projects.vercel.app/help-us-celebrate-food-knowledge-and-culture-in-sacramento-this-september/,"Help us celebrate food, knowledge and culture in Sacramento this September",1,img/terra-madre-americas-2-scaled.webp,Terra-Madre-Americas-2-scaled-1.jpg,https://new.soilfoodweb.com/wp-content/uploads/2025/09/Terra-Madre-Americas-2-scaled-1.jpg,,
/help-us-celebrate-food-knowledge-and-culture-in-sacramento-this-september/,https://finalsite-git-final-images-v2-linneamoritznycs-projects.vercel.app/help-us-celebrate-food-knowledge-and-culture-in-sacramento-this-september/,"Help us celebrate food, knowledge and culture in Sacramento this September",2,img/terra-madre-americas.webp,Terra-Madre-Americas-300x200.jpg,https://www.soilfoodweb.com/wp-content/uploads/2025/09/Terra-Madre-Americas-300x200.jpg,Crowd walking past food trucks on a sunny city street.,
/join-the-free-webinar-series-a-living-legacy-the-science-of-the-soil-food-web/,https://finalsite-git-final-images-v2-linneamoritznycs-projects.vercel.app/join-the-free-webinar-series-a-living-legacy-the-science-of-the-soil-food-web/,"🌱 Join the Free Webinar Series: A Living Legacy, The Science of the Soil Food Web",1,img/daniel-tyrkiel-adam-swam-presentation.webp,Daniel-Tyrkiel-adam-swam-Presentation.jpg,https://new.soilfoodweb.com/wp-content/uploads/2025/11/Daniel-Tyrkiel-adam-swam-Presentation.jpg,,
/obituary-for-dr-elaine-ingham/,https://finalsite-git-final-images-v2-linneamoritznycs-projects.vercel.app/obituary-for-dr-elaine-ingham/,Obituary for Dr. Elaine Ingham,1,img/elaine-ceremonial-compost-group-photo-scaled.webp,Elaine-Ceremonial-Compost-Group-Photo-scaled-1.jpg,https://new.soilfoodweb.com/wp-content/uploads/2026/02/Elaine-Ceremonial-Compost-Group-Photo-scaled-1.jpg,,
/obituary-for-dr-elaine-ingham/,https://finalsite-git-final-images-v2-linneamoritznycs-projects.vercel.app/obituary-for-dr-elaine-ingham/,Obituary for Dr. Elaine Ingham,2,img/dr-elaine-ingham-by-grace-solkinson.webp,Dr.-Elaine-Ingham-by-Grace-Solkinson-scaled.jpg,https://soilfoodweb.com/wp-content/uploads/2026/02/Dr.-Elaine-Ingham-by-Grace-Solkinson-scaled.jpg,Dr. Elaine Ingham holding a handful of soil in a garden,
/october-2025-newsletter/,https://finalsite-git-final-images-v2-linneamoritznycs-projects.vercel.app/october-2025-newsletter/,"October 2025, Newsletter",1,img/newsletter-oct2025-collage-presentation.webp,Newsletter-OCT2025-Collage-Presentation.jpg,https://new.soilfoodweb.com/wp-content/uploads/2025/10/Newsletter-OCT2025-Collage-Presentation.jpg,,
/october-2025-newsletter/,https://finalsite-git-final-images-v2-linneamoritznycs-projects.vercel.app/october-2025-newsletter/,"October 2025, Newsletter",2,img/screenshot-2025-10-09-200133.webp,Screenshot-2025-10-09-200133.png,https://soilfoodweb.com/wp-content/uploads/2025/10/Screenshot-2025-10-09-200133.png,A group gathered in a field on a farm walk,
/october-2025-newsletter/,https://finalsite-git-final-images-v2-linneamoritznycs-projects.vercel.app/october-2025-newsletter/,"October 2025, Newsletter",3,img/screenshot-2025-10-09-200702.webp,Screenshot-2025-10-09-200702.png,https://soilfoodweb.com/wp-content/uploads/2025/10/Screenshot-2025-10-09-200702.png,"Groundswell festival collage: the Groundswell sign, a sunset over the field and the Foundation's stand with a microscope",
/retirement-announcement-dr-elaine-ingham/,https://finalsite-git-final-images-v2-linneamoritznycs-projects.vercel.app/retirement-announcement-dr-elaine-ingham/,Retirement Announcement: Dr. Elaine Ingham,1,img/2.webp,2.jpg,https://new.soilfoodweb.com/wp-content/uploads/2025/10/2.jpg,,
/retirement-announcement-dr-elaine-ingham/,https://finalsite-git-final-images-v2-linneamoritznycs-projects.vercel.app/retirement-announcement-dr-elaine-ingham/,Retirement Announcement: Dr. Elaine Ingham,2,img/learn-theory.webp,learn-theory.jpg,https://soilfoodweb.com/wp-content/uploads/2020/12/learn-theory.jpg,A student at a microscope smiles up at Dr. Elaine Ingham in a classroom,
/retirement-announcement-dr-elaine-ingham/,https://finalsite-git-final-images-v2-linneamoritznycs-projects.vercel.app/retirement-announcement-dr-elaine-ingham/,Retirement Announcement: Dr. Elaine Ingham,3,img/elaine-ingham-pic-no-border.webp,Elaine-Ingham-pic_no-border.jpg,https://soilfoodweb.com/wp-content/uploads/2019/04/Elaine-Ingham-pic_no-border.jpg,"Dr. Elaine Ingham in a ploughed field, drawn around with a diagram of the soil food web",
/retirement-announcement-dr-elaine-ingham/,https://finalsite-git-final-images-v2-linneamoritznycs-projects.vercel.app/retirement-announcement-dr-elaine-ingham/,Retirement Announcement: Dr. Elaine Ingham,4,img/team.webp,team.jpg,https://soilfoodweb.com/wp-content/uploads/2020/12/team.jpg,A large group of course participants standing together outdoors,
/sadhguru-and-the-soil-food-web/,https://finalsite-git-final-images-v2-linneamoritznycs-projects.vercel.app/sadhguru-and-the-soil-food-web/,Sadhguru and the Soil Food Web,1,img/20220510-xxx-0010-e-web.webp,20220510_XXX_0010-e_web-300x200.jpg,https://www.soilfoodweb.com/wp-content/uploads/2022/07/20220510_XXX_0010-e_web-300x200.jpg,Sadhguru - COP 15 2022,
/sadhguru-and-the-soil-food-web/,https://finalsite-git-final-images-v2-linneamoritznycs-projects.vercel.app/sadhguru-and-the-soil-food-web/,Sadhguru and the Soil Food Web,2,img/20220323-sun-0209-e-web.webp,20220323_SUN_0209-e_web.jpg,https://www.soilfoodweb.com/wp-content/uploads/2022/07/20220323_SUN_0209-e_web.jpg,Sadhguru on the move...,
/soil-food-web-advanced-programs-reopen-2026/,https://finalsite-git-final-images-v2-linneamoritznycs-projects.vercel.app/soil-food-web-advanced-programs-reopen-2026/,Soil Food Web School Advanced Programs Are Reopening!,1,img/sfw-foundation-header.webp,SFW-Foundation-Header.jpg,https://new.soilfoodweb.com/wp-content/uploads/2026/02/SFW-Foundation-Header.jpg,,
/soil-food-web-foundation-launches-as-nonprofit-to-carry-forward-dr-elaine-inghams-legacy/,https://finalsite-git-final-images-v2-linneamoritznycs-projects.vercel.app/soil-food-web-foundation-launches-as-nonprofit-to-carry-forward-dr-elaine-inghams-legacy/,Soil Food Web Foundation Launches as Nonprofit to Carry Forward Dr. Elaine Ingham’s Legacy,1,img/blog-posts-headers-2.webp,BLOG-POSTS-HEADERS-2.jpg,https://new.soilfoodweb.com/wp-content/uploads/2025/10/BLOG-POSTS-HEADERS-2.jpg,,
/soil-food-web-foundation-welcomes-eric-feiler/,https://finalsite-git-final-images-v2-linneamoritznycs-projects.vercel.app/soil-food-web-foundation-welcomes-eric-feiler/,"The Soil Food Web Welcomes a New Board Member, Eric Feiler",1,img/eric-feiler-4.webp,Eric-Feiler-4.jpg,https://new.soilfoodweb.com/wp-content/uploads/2026/02/Eric-Feiler-4.jpg,,
/soil-food-web-school-first-permaculture-design-certificate-course/,https://finalsite-git-final-images-v2-linneamoritznycs-projects.vercel.app/soil-food-web-school-first-permaculture-design-certificate-course/,"The Soil Food Web School Launches Its First-Ever Permaculture Design Certificate Course, A Milestone Moment for Regenerative Education",1,img/pd-cohort-1-launches.webp,PD-Cohort-1-Launches.jpg,https://new.soilfoodweb.com/wp-content/uploads/2026/04/PD-Cohort-1-Launches.jpg,,
/soil-health-week-2025-wild-soils-uk-and-trashit-bring-the-soil-food-web-approach-to-pakistan/,https://finalsite-git-final-images-v2-linneamoritznycs-projects.vercel.app/soil-health-week-2025-wild-soils-uk-and-trashit-bring-the-soil-food-web-approach-to-pakistan/,Soil Health Week 2025: Wild Soils UK and TrashIt Bring the Soil Food Web Approach to Pakistan,1,img/screenshot-2025-10-22-212600.webp,Screenshot-2025-10-22-212600.jpg,https://new.soilfoodweb.com/wp-content/uploads/2025/10/Screenshot-2025-10-22-212600.jpg,,
/soil-health-week-2025-wild-soils-uk-and-trashit-bring-the-soil-food-web-approach-to-pakistan/,https://finalsite-git-final-images-v2-linneamoritznycs-projects.vercel.app/soil-health-week-2025-wild-soils-uk-and-trashit-bring-the-soil-food-web-approach-to-pakistan/,Bridging Global Expertise and Local Action,2,img/screenshot-2025-10-22-211009.webp,Screenshot-2025-10-22-211009.png,https://soilfoodweb.com/wp-content/uploads/2025/10/Screenshot-2025-10-22-211009.png,Three people beside a Soil Health Week banner,
/student-profile-su-kahumbu-stephanou/,https://finalsite-git-final-images-v2-linneamoritznycs-projects.vercel.app/student-profile-su-kahumbu-stephanou/,Student Profile: Su Kahumbu Stephanou,1,img/screenshot-2025-02-05-at-5-18-21-pm.webp,Screenshot-2025-02-05-at-5.18.21-PM.jpg,https://new.soilfoodweb.com/wp-content/uploads/2025/02/Screenshot-2025-02-05-at-5.18.21-PM.jpg,,
/student-profile-su-kahumbu-stephanou/,https://finalsite-git-final-images-v2-linneamoritznycs-projects.vercel.app/student-profile-su-kahumbu-stephanou/,Student Profile: Su Kahumbu Stephanou,2,img/screenshot-2025-02-05-at-4-26-08-pm.webp,Screenshot-2025-02-05-at-4.26.08 PM.png,https://soilfoodweb.com/wp-content/uploads/2025/02/Screenshot-2025-02-05-at-4.26.08 PM.png,Su Kahumbu Stephanou smiling beside a microscope,
/student-profile-su-kahumbu-stephanou/,https://finalsite-git-final-images-v2-linneamoritznycs-projects.vercel.app/student-profile-su-kahumbu-stephanou/,Student Profile: Su Kahumbu Stephanou,3,img/su-for-web-site.webp,Su-for-web-site-300x300.webp,https://soilfoodweb.com/wp-content/uploads/2025/02/Su-for-web-site-300x300.webp,Su Kahumbu Stephanou standing in a garden,
/unconditional-freedom-at-home-and-in-the-world/,https://finalsite-git-final-images-v2-linneamoritznycs-projects.vercel.app/unconditional-freedom-at-home-and-in-the-world/,Unconditional Freedom: At Home and in the World,1,img/e1d21418-50e6-40d9-938e-eb3a91a15357.webp,E1D21418-50E6-40D9-938E-EB3A91A15357-300x200.jpg,https://www.soilfoodweb.com/wp-content/uploads/2022/11/E1D21418-50E6-40D9-938E-EB3A91A15357-300x200.jpg,Hands among green squash leaves and yellow flowers,
/unconditional-freedom-at-home-and-in-the-world/,https://finalsite-git-final-images-v2-linneamoritznycs-projects.vercel.app/unconditional-freedom-at-home-and-in-the-world/,Unconditional Freedom: At Home and in the World,2,img/john.webp,John-300x168.png,https://www.soilfoodweb.com/wp-content/uploads/2022/11/John-300x168.png,Two people talking on a dirt path among dry grass and trees.,
/unconditional-freedom-at-home-and-in-the-world/,https://finalsite-git-final-images-v2-linneamoritznycs-projects.vercel.app/unconditional-freedom-at-home-and-in-the-world/,Unconditional Freedom: At Home and in the World,3,img/group-yoga.webp,Group-Yoga-300x169.png,https://www.soilfoodweb.com/wp-content/uploads/2022/11/Group-Yoga-300x169.png,Masked people stretching arms overhead in a brick room,
/unconditional-freedom-at-home-and-in-the-world/,https://finalsite-git-final-images-v2-linneamoritznycs-projects.vercel.app/unconditional-freedom-at-home-and-in-the-world/,Unconditional Freedom: At Home and in the World,4,img/seedlingsjpg.webp,seedlingsJPG-300x200.jpg,https://www.soilfoodweb.com/wp-content/uploads/2022/11/seedlingsJPG-300x200.jpg,Young seedlings in black nursery trays,
/wild-ken-hill-2026/,https://finalsite-git-final-images-v2-linneamoritznycs-projects.vercel.app/wild-ken-hill-2026/,Ten days of compost at Wild Ken Hill,1,img/img-1493.webp,IMG_1493.jpg,,,
/wild-ken-hill-2026/,https://finalsite-git-final-images-v2-linneamoritznycs-projects.vercel.app/wild-ken-hill-2026/,Ten days of compost at Wild Ken Hill,2,img/img-1492.webp,IMG_1492.jpg,,"The group building a compost pile in a wire cage, laughing as they pack in green material",Building a pile by hand in the barn
/wild-ken-hill-2026/,https://finalsite-git-final-images-v2-linneamoritznycs-projects.vercel.app/wild-ken-hill-2026/,Ten days of compost at Wild Ken Hill,3,img/img-1497.webp,IMG_1497.jpg,,"A second group of participants around their compost pile on a pallet, tools hanging on the barn wall behind them",A second team with their pile
/wild-ken-hill-2026/,https://finalsite-git-final-images-v2-linneamoritznycs-projects.vercel.app/wild-ken-hill-2026/,Ten days of compost at Wild Ken Hill,4,img/img-1494.webp,IMG_1494.jpg,,The group posing with a tall compost pile packed with green material and wildflowers,"The finished pile, topped with wildflowers"
/wild-ken-hill-2026/,https://finalsite-git-final-images-v2-linneamoritznycs-projects.vercel.app/wild-ken-hill-2026/,Ten days of compost at Wild Ken Hill,5,img/img-1502.webp,IMG_1502.jpg,,"The group laughing together around a compost pile, one person giving a thumbs up",End of a good day in the barn
/calendar-event/accelerator-workshop-india-2026/,https://finalsite-git-final-images-v2-linneamoritznycs-projects.vercel.app/calendar-event/accelerator-workshop-india-2026/,,1,img/new/workshop-card-october-2026-630w.jpg,"accelerator-workshop-october-2026-card.jpg (repo, past-workshop-picks/img/)",,"A collage: a compost tea brewer, a person at a microscope, a group of participants outdoors, hands holding compost, and the Accelerator Workshop logo",
/calendar-event/aw-costa-rica-2027/,https://finalsite-git-final-images-v2-linneamoritznycs-projects.vercel.app/calendar-event/aw-costa-rica-2027/,Accelerator Workshop: Costa Rica,1,img/pile-turning-wes-8.webp,pile-turning-wes-8-scaled.jpg,https://new.soilfoodweb.com/wp-content/uploads/2026/08/pile-turning-wes-8-scaled.jpg,People building a compost pile of woody material by hand,
/calendar-event/aw-new-mexico-usa-2027/,https://finalsite-git-final-images-v2-linneamoritznycs-projects.vercel.app/calendar-event/aw-new-mexico-usa-2027/,Accelerator Workshop: New Mexico USA,1,img/img-3426.webp,IMG_3426-1-scaled.jpg,https://new.soilfoodweb.com/wp-content/uploads/2026/08/IMG_3426-1-scaled.jpg,Group in purple T-shirts posing around a sign reading Elaine.,
/calendar-event/compost-intensive-course-2027-cohort-1/,https://finalsite-git-final-images-v2-linneamoritznycs-projects.vercel.app/calendar-event/compost-intensive-course-2027-cohort-1/,Compost Intensive Course: 2027 Cohort #1,1,img/cic-4.webp,CIC-4.jpg,https://new.soilfoodweb.com/wp-content/uploads/2026/09/CIC-4.jpg,Compost Intensive Course logo surrounded by compost photos,
/calendar-event/compost-intensive-course-2027-cohort-2/,https://finalsite-git-final-images-v2-linneamoritznycs-projects.vercel.app/calendar-event/compost-intensive-course-2027-cohort-2/,Compost Intensive Course: 2027 Cohort #2,1,img/cic-4.webp,CIC-4.jpg,https://new.soilfoodweb.com/wp-content/uploads/2026/09/CIC-4.jpg,Compost Intensive Course logo surrounded by compost photos,
/calendar-event/permaculture-design-certificate-2026-cohort-3/,https://finalsite-git-final-images-v2-linneamoritznycs-projects.vercel.app/calendar-event/permaculture-design-certificate-2026-cohort-3/,Permaculture Design Certificate: 2026 Cohort #3,1,img/pdc-community-3.webp,PDC-Community-3.jpg,https://new.soilfoodweb.com/wp-content/uploads/2026/09/PDC-Community-3.jpg,Permaculture Design Course logo with certificate text on a sunset background.,
/calendar-event/permaculture-design-certificate-2027-cohort-1/,https://finalsite-git-final-images-v2-linneamoritznycs-projects.vercel.app/calendar-event/permaculture-design-certificate-2027-cohort-1/,Permaculture Design Certificate: 2027 Cohort #1,1,img/pdc-community-3.webp,PDC-Community-3.jpg,https://new.soilfoodweb.com/wp-content/uploads/2026/09/PDC-Community-3.jpg,Permaculture Design Course logo with certificate text on a sunset background.,
/calendar-event/permaculture-design-certificate-2027-cohort-2/,https://finalsite-git-final-images-v2-linneamoritznycs-projects.vercel.app/calendar-event/permaculture-design-certificate-2027-cohort-2/,Permaculture Design Certificate: 2027 Cohort #2,1,img/pdc-community-3.webp,PDC-Community-3.jpg,https://new.soilfoodweb.com/wp-content/uploads/2026/09/PDC-Community-3.jpg,Permaculture Design Course logo with certificate text on a sunset background.,
/calendar-event/sfw-turns-one/,https://finalsite-git-final-images-v2-linneamoritznycs-projects.vercel.app/calendar-event/sfw-turns-one/,Celebrating Our First Year as a Foundation!,1,img/img-3426.webp,IMG_3426-1-scaled.jpg,https://new.soilfoodweb.com/wp-content/uploads/2026/08/IMG_3426-1-scaled.jpg,Group in purple T-shirts posing around a sign reading Elaine.,
/video/172-acre-park-project/,https://finalsite-git-final-images-v2-linneamoritznycs-projects.vercel.app/video/172-acre-park-project/,,1,img/1153577222-cf36453b0ac59440959b5ae60bc913ed374b59b8ec9c5bcbb0d2b7dceb466b01-d-1280.webp,1153577222-cf36453b0ac59440959b5ae60bc913ed374b59b8ec9c5bcbb0d2b7dceb466b01-d_1280,https://i.vimeocdn.com/video/1153577222-cf36453b0ac59440959b5ae60bc913ed374b59b8ec9c5bcbb0d2b7dceb466b01-d_1280?region=us,,
/video/172-acre-park-project/,https://finalsite-git-final-images-v2-linneamoritznycs-projects.vercel.app/video/172-acre-park-project/,Consultant Case Studies,2,img/1955906573-132d777181671f333ee9cd5a93e7cbc25789edbe6a7cb5bcb7db54e14fbf9318-d-1280.webp,1955906573-132d777181671f333ee9cd5a93e7cbc25789edbe6a7cb5bcb7db54e14fbf9318-d_1280,https://i.vimeocdn.com/video/1955906573-132d777181671f333ee9cd5a93e7cbc25789edbe6a7cb5bcb7db54e14fbf9318-d_1280?region=us,,
/video/172-acre-park-project/,https://finalsite-git-final-images-v2-linneamoritznycs-projects.vercel.app/video/172-acre-park-project/,Consultant Case Studies,3,img/1153577222-cf36453b0ac59440959b5ae60bc913ed374b59b8ec9c5bcbb0d2b7dceb466b01-d-1280.webp,1153577222-cf36453b0ac59440959b5ae60bc913ed374b59b8ec9c5bcbb0d2b7dceb466b01-d_1280,https://i.vimeocdn.com/video/1153577222-cf36453b0ac59440959b5ae60bc913ed374b59b8ec9c5bcbb0d2b7dceb466b01-d_1280?region=us,,
/video/172-acre-park-project/,https://finalsite-git-final-images-v2-linneamoritznycs-projects.vercel.app/video/172-acre-park-project/,Consultant Case Studies,4,img/1153575028-c8e15b22b3014b104f500ed79e2fd5715a5ab942332ee86a727f340a04d3d085-d-1280.webp,1153575028-c8e15b22b3014b104f500ed79e2fd5715a5ab942332ee86a727f340a04d3d085-d_1280,https://i.vimeocdn.com/video/1153575028-c8e15b22b3014b104f500ed79e2fd5715a5ab942332ee86a727f340a04d3d085-d_1280?region=us,,
/video/172-acre-park-project/,https://finalsite-git-final-images-v2-linneamoritznycs-projects.vercel.app/video/172-acre-park-project/,Consultant Case Studies,5,img/1153573773-12bca550930e13c5ee0f2c7fd87f20b3022f85fce9c857b1c73dc54efaf46292-d-1280.webp,1153573773-12bca550930e13c5ee0f2c7fd87f20b3022f85fce9c857b1c73dc54efaf46292-d_1280,https://i.vimeocdn.com/video/1153573773-12bca550930e13c5ee0f2c7fd87f20b3022f85fce9c857b1c73dc54efaf46292-d_1280?region=us,,
/video/172-acre-park-project/,https://finalsite-git-final-images-v2-linneamoritznycs-projects.vercel.app/video/172-acre-park-project/,Consultant Case Studies,6,img/1153573295-8262f36b15f986c694679efca8b776216fa5860a9d48a99dc511fac85b727158-d-1280.webp,1153573295-8262f36b15f986c694679efca8b776216fa5860a9d48a99dc511fac85b727158-d_1280,https://i.vimeocdn.com/video/1153573295-8262f36b15f986c694679efca8b776216fa5860a9d48a99dc511fac85b727158-d_1280?region=us,,
/video/172-acre-park-project/,https://finalsite-git-final-images-v2-linneamoritznycs-projects.vercel.app/video/172-acre-park-project/,Consultant Case Studies,7,img/1153571858-49c9441fbb0fcb0847aba99cf518eb277b3d4855be6a23dcbbdf43510158815b-d-1280.webp,1153571858-49c9441fbb0fcb0847aba99cf518eb277b3d4855be6a23dcbbdf43510158815b-d_1280,https://i.vimeocdn.com/video/1153571858-49c9441fbb0fcb0847aba99cf518eb277b3d4855be6a23dcbbdf43510158815b-d_1280?region=us,,
/video/172-acre-park-project/,https://finalsite-git-final-images-v2-linneamoritznycs-projects.vercel.app/video/172-acre-park-project/,Consultant Case Studies,8,img/1153570392-20dd661b2351b59c6152b54729109251e0e40a4881ed7c38e2f447601588c74c-d-1280.webp,1153570392-20dd661b2351b59c6152b54729109251e0e40a4881ed7c38e2f447601588c74c-d_1280,https://i.vimeocdn.com/video/1153570392-20dd661b2351b59c6152b54729109251e0e40a4881ed7c38e2f447601588c74c-d_1280?region=us,,
/video/4000-acres-norfolk-england/,https://finalsite-git-final-images-v2-linneamoritznycs-projects.vercel.app/video/4000-acres-norfolk-england/,,1,img/1955906573-132d777181671f333ee9cd5a93e7cbc25789edbe6a7cb5bcb7db54e14fbf9318-d-1280.webp,1955906573-132d777181671f333ee9cd5a93e7cbc25789edbe6a7cb5bcb7db54e14fbf9318-d_1280,https://i.vimeocdn.com/video/1955906573-132d777181671f333ee9cd5a93e7cbc25789edbe6a7cb5bcb7db54e14fbf9318-d_1280?region=us,,
/video/4000-acres-norfolk-england/,https://finalsite-git-final-images-v2-linneamoritznycs-projects.vercel.app/video/4000-acres-norfolk-england/,Consultant Case Studies,2,img/1955906573-132d777181671f333ee9cd5a93e7cbc25789edbe6a7cb5bcb7db54e14fbf9318-d-1280.webp,1955906573-132d777181671f333ee9cd5a93e7cbc25789edbe6a7cb5bcb7db54e14fbf9318-d_1280,https://i.vimeocdn.com/video/1955906573-132d777181671f333ee9cd5a93e7cbc25789edbe6a7cb5bcb7db54e14fbf9318-d_1280?region=us,,
/video/4000-acres-norfolk-england/,https://finalsite-git-final-images-v2-linneamoritznycs-projects.vercel.app/video/4000-acres-norfolk-england/,Consultant Case Studies,3,img/1153577222-cf36453b0ac59440959b5ae60bc913ed374b59b8ec9c5bcbb0d2b7dceb466b01-d-1280.webp,1153577222-cf36453b0ac59440959b5ae60bc913ed374b59b8ec9c5bcbb0d2b7dceb466b01-d_1280,https://i.vimeocdn.com/video/1153577222-cf36453b0ac59440959b5ae60bc913ed374b59b8ec9c5bcbb0d2b7dceb466b01-d_1280?region=us,,
/video/4000-acres-norfolk-england/,https://finalsite-git-final-images-v2-linneamoritznycs-projects.vercel.app/video/4000-acres-norfolk-england/,Consultant Case Studies,4,img/1153575028-c8e15b22b3014b104f500ed79e2fd5715a5ab942332ee86a727f340a04d3d085-d-1280.webp,1153575028-c8e15b22b3014b104f500ed79e2fd5715a5ab942332ee86a727f340a04d3d085-d_1280,https://i.vimeocdn.com/video/1153575028-c8e15b22b3014b104f500ed79e2fd5715a5ab942332ee86a727f340a04d3d085-d_1280?region=us,,
/video/4000-acres-norfolk-england/,https://finalsite-git-final-images-v2-linneamoritznycs-projects.vercel.app/video/4000-acres-norfolk-england/,Consultant Case Studies,5,img/1153573773-12bca550930e13c5ee0f2c7fd87f20b3022f85fce9c857b1c73dc54efaf46292-d-1280.webp,1153573773-12bca550930e13c5ee0f2c7fd87f20b3022f85fce9c857b1c73dc54efaf46292-d_1280,https://i.vimeocdn.com/video/1153573773-12bca550930e13c5ee0f2c7fd87f20b3022f85fce9c857b1c73dc54efaf46292-d_1280?region=us,,
/video/4000-acres-norfolk-england/,https://finalsite-git-final-images-v2-linneamoritznycs-projects.vercel.app/video/4000-acres-norfolk-england/,Consultant Case Studies,6,img/1153573295-8262f36b15f986c694679efca8b776216fa5860a9d48a99dc511fac85b727158-d-1280.webp,1153573295-8262f36b15f986c694679efca8b776216fa5860a9d48a99dc511fac85b727158-d_1280,https://i.vimeocdn.com/video/1153573295-8262f36b15f986c694679efca8b776216fa5860a9d48a99dc511fac85b727158-d_1280?region=us,,
/video/4000-acres-norfolk-england/,https://finalsite-git-final-images-v2-linneamoritznycs-projects.vercel.app/video/4000-acres-norfolk-england/,Consultant Case Studies,7,img/1153571858-49c9441fbb0fcb0847aba99cf518eb277b3d4855be6a23dcbbdf43510158815b-d-1280.webp,1153571858-49c9441fbb0fcb0847aba99cf518eb277b3d4855be6a23dcbbdf43510158815b-d_1280,https://i.vimeocdn.com/video/1153571858-49c9441fbb0fcb0847aba99cf518eb277b3d4855be6a23dcbbdf43510158815b-d_1280?region=us,,
/video/4000-acres-norfolk-england/,https://finalsite-git-final-images-v2-linneamoritznycs-projects.vercel.app/video/4000-acres-norfolk-england/,Consultant Case Studies,8,img/1153570392-20dd661b2351b59c6152b54729109251e0e40a4881ed7c38e2f447601588c74c-d-1280.webp,1153570392-20dd661b2351b59c6152b54729109251e0e40a4881ed7c38e2f447601588c74c-d_1280,https://i.vimeocdn.com/video/1153570392-20dd661b2351b59c6152b54729109251e0e40a4881ed7c38e2f447601588c74c-d_1280?region=us,,
/video/about-the-soil-food-web/,https://finalsite-git-final-images-v2-linneamoritznycs-projects.vercel.app/video/about-the-soil-food-web/,,1,img/1153821780-2d7db5e66e6768012204284b631894de820603e3cc63733704797101d7203257-d-1280.webp,1153821780-2d7db5e66e6768012204284b631894de820603e3cc63733704797101d7203257-d_1280,https://i.vimeocdn.com/video/1153821780-2d7db5e66e6768012204284b631894de820603e3cc63733704797101d7203257-d_1280?region=us,,
/video/about-the-soil-food-web/,https://finalsite-git-final-images-v2-linneamoritznycs-projects.vercel.app/video/about-the-soil-food-web/,Implementing the Soil Food Web,2,img/1153821780-2d7db5e66e6768012204284b631894de820603e3cc63733704797101d7203257-d-1280.webp,1153821780-2d7db5e66e6768012204284b631894de820603e3cc63733704797101d7203257-d_1280,https://i.vimeocdn.com/video/1153821780-2d7db5e66e6768012204284b631894de820603e3cc63733704797101d7203257-d_1280?region=us,,
/video/about-the-soil-food-web/,https://finalsite-git-final-images-v2-linneamoritznycs-projects.vercel.app/video/about-the-soil-food-web/,Implementing the Soil Food Web,3,img/1123829588-4c257e5c6e53ddd5b7c98df62a6c9121791f79d6c8b5eaf40abdc4a5deeec41a-d-1280.webp,1123829588-4c257e5c6e53ddd5b7c98df62a6c9121791f79d6c8b5eaf40abdc4a5deeec41a-d_1280,https://i.vimeocdn.com/video/1123829588-4c257e5c6e53ddd5b7c98df62a6c9121791f79d6c8b5eaf40abdc4a5deeec41a-d_1280?region=us,,
/video/about-the-soil-food-web/,https://finalsite-git-final-images-v2-linneamoritznycs-projects.vercel.app/video/about-the-soil-food-web/,Implementing the Soil Food Web,4,img/1153822613-40e5a5ed1cc08620b7b8b9838ae5bef8d79256aec2458bd8934d59b7c63802d7-d-1280.webp,1153822613-40e5a5ed1cc08620b7b8b9838ae5bef8d79256aec2458bd8934d59b7c63802d7-d_1280,https://i.vimeocdn.com/video/1153822613-40e5a5ed1cc08620b7b8b9838ae5bef8d79256aec2458bd8934d59b7c63802d7-d_1280?region=us,,
/video/adam-york/,https://finalsite-git-final-images-v2-linneamoritznycs-projects.vercel.app/video/adam-york/,,1,img/1595690870-f29d3789aa28921b854fbabfe6ec74a8d21e974a092c1729691d65ddfa34d206-d.webp,1595690870-f29d3789aa28921b854fbabfe6ec74a8d21e974a092c1729691d65ddfa34d206-d_295x166,https://i.vimeocdn.com/video/1595690870-f29d3789aa28921b854fbabfe6ec74a8d21e974a092c1729691d65ddfa34d206-d_295x166?region=us,,
/video/adam-york/,https://finalsite-git-final-images-v2-linneamoritznycs-projects.vercel.app/video/adam-york/,Farmer Case Studies,2,img/1642142964-320c13e3e18b759e5e6abec6e7e9355349e76ce853837db95ea15fcf38a9c5aa-d.webp,1642142964-320c13e3e18b759e5e6abec6e7e9355349e76ce853837db95ea15fcf38a9c5aa-d_295x166,https://i.vimeocdn.com/video/1642142964-320c13e3e18b759e5e6abec6e7e9355349e76ce853837db95ea15fcf38a9c5aa-d_295x166?region=us,,
/video/adam-york/,https://finalsite-git-final-images-v2-linneamoritznycs-projects.vercel.app/video/adam-york/,Farmer Case Studies,3,img/1642150944-d8d97a037cf1f3f09c030f64bdba1371923d163955543656d923f3064d87817c-d.webp,1642150944-d8d97a037cf1f3f09c030f64bdba1371923d163955543656d923f3064d87817c-d_295x166,https://i.vimeocdn.com/video/1642150944-d8d97a037cf1f3f09c030f64bdba1371923d163955543656d923f3064d87817c-d_295x166?region=us,,
/video/adam-york/,https://finalsite-git-final-images-v2-linneamoritznycs-projects.vercel.app/video/adam-york/,Farmer Case Studies,4,img/1591478071-1f640bfdf1654327b57084f17f83e42c1c7b4aef6ba81f7b325945b846db2c1f-d.webp,1591478071-1f640bfdf1654327b57084f17f83e42c1c7b4aef6ba81f7b325945b846db2c1f-d_295x166,https://i.vimeocdn.com/video/1591478071-1f640bfdf1654327b57084f17f83e42c1c7b4aef6ba81f7b325945b846db2c1f-d_295x166?region=us,,
/video/adam-york/,https://finalsite-git-final-images-v2-linneamoritznycs-projects.vercel.app/video/adam-york/,Farmer Case Studies,5,img/1595690870-f29d3789aa28921b854fbabfe6ec74a8d21e974a092c1729691d65ddfa34d206-d.webp,1595690870-f29d3789aa28921b854fbabfe6ec74a8d21e974a092c1729691d65ddfa34d206-d_295x166,https://i.vimeocdn.com/video/1595690870-f29d3789aa28921b854fbabfe6ec74a8d21e974a092c1729691d65ddfa34d206-d_295x166?region=us,,
/video/alfalfa-potatoes-beans/,https://finalsite-git-final-images-v2-linneamoritznycs-projects.vercel.app/video/alfalfa-potatoes-beans/,,1,img/1153573773-12bca550930e13c5ee0f2c7fd87f20b3022f85fce9c857b1c73dc54efaf46292-d-1280.webp,1153573773-12bca550930e13c5ee0f2c7fd87f20b3022f85fce9c857b1c73dc54efaf46292-d_1280,https://i.vimeocdn.com/video/1153573773-12bca550930e13c5ee0f2c7fd87f20b3022f85fce9c857b1c73dc54efaf46292-d_1280?region=us,,
/video/alfalfa-potatoes-beans/,https://finalsite-git-final-images-v2-linneamoritznycs-projects.vercel.app/video/alfalfa-potatoes-beans/,Consultant Case Studies,2,img/1955906573-132d777181671f333ee9cd5a93e7cbc25789edbe6a7cb5bcb7db54e14fbf9318-d-1280.webp,1955906573-132d777181671f333ee9cd5a93e7cbc25789edbe6a7cb5bcb7db54e14fbf9318-d_1280,https://i.vimeocdn.com/video/1955906573-132d777181671f333ee9cd5a93e7cbc25789edbe6a7cb5bcb7db54e14fbf9318-d_1280?region=us,,
/video/alfalfa-potatoes-beans/,https://finalsite-git-final-images-v2-linneamoritznycs-projects.vercel.app/video/alfalfa-potatoes-beans/,Consultant Case Studies,3,img/1153577222-cf36453b0ac59440959b5ae60bc913ed374b59b8ec9c5bcbb0d2b7dceb466b01-d-1280.webp,1153577222-cf36453b0ac59440959b5ae60bc913ed374b59b8ec9c5bcbb0d2b7dceb466b01-d_1280,https://i.vimeocdn.com/video/1153577222-cf36453b0ac59440959b5ae60bc913ed374b59b8ec9c5bcbb0d2b7dceb466b01-d_1280?region=us,,
/video/alfalfa-potatoes-beans/,https://finalsite-git-final-images-v2-linneamoritznycs-projects.vercel.app/video/alfalfa-potatoes-beans/,Consultant Case Studies,4,img/1153575028-c8e15b22b3014b104f500ed79e2fd5715a5ab942332ee86a727f340a04d3d085-d-1280.webp,1153575028-c8e15b22b3014b104f500ed79e2fd5715a5ab942332ee86a727f340a04d3d085-d_1280,https://i.vimeocdn.com/video/1153575028-c8e15b22b3014b104f500ed79e2fd5715a5ab942332ee86a727f340a04d3d085-d_1280?region=us,,
/video/alfalfa-potatoes-beans/,https://finalsite-git-final-images-v2-linneamoritznycs-projects.vercel.app/video/alfalfa-potatoes-beans/,Consultant Case Studies,5,img/1153573773-12bca550930e13c5ee0f2c7fd87f20b3022f85fce9c857b1c73dc54efaf46292-d-1280.webp,1153573773-12bca550930e13c5ee0f2c7fd87f20b3022f85fce9c857b1c73dc54efaf46292-d_1280,https://i.vimeocdn.com/video/1153573773-12bca550930e13c5ee0f2c7fd87f20b3022f85fce9c857b1c73dc54efaf46292-d_1280?region=us,,
/video/alfalfa-potatoes-beans/,https://finalsite-git-final-images-v2-linneamoritznycs-projects.vercel.app/video/alfalfa-potatoes-beans/,Consultant Case Studies,6,img/1153573295-8262f36b15f986c694679efca8b776216fa5860a9d48a99dc511fac85b727158-d-1280.webp,1153573295-8262f36b15f986c694679efca8b776216fa5860a9d48a99dc511fac85b727158-d_1280,https://i.vimeocdn.com/video/1153573295-8262f36b15f986c694679efca8b776216fa5860a9d48a99dc511fac85b727158-d_1280?region=us,,
/video/alfalfa-potatoes-beans/,https://finalsite-git-final-images-v2-linneamoritznycs-projects.vercel.app/video/alfalfa-potatoes-beans/,Consultant Case Studies,7,img/1153571858-49c9441fbb0fcb0847aba99cf518eb277b3d4855be6a23dcbbdf43510158815b-d-1280.webp,1153571858-49c9441fbb0fcb0847aba99cf518eb277b3d4855be6a23dcbbdf43510158815b-d_1280,https://i.vimeocdn.com/video/1153571858-49c9441fbb0fcb0847aba99cf518eb277b3d4855be6a23dcbbdf43510158815b-d_1280?region=us,,
/video/alfalfa-potatoes-beans/,https://finalsite-git-final-images-v2-linneamoritznycs-projects.vercel.app/video/alfalfa-potatoes-beans/,Consultant Case Studies,8,img/1153570392-20dd661b2351b59c6152b54729109251e0e40a4881ed7c38e2f447601588c74c-d-1280.webp,1153570392-20dd661b2351b59c6152b54729109251e0e40a4881ed7c38e2f447601588c74c-d_1280,https://i.vimeocdn.com/video/1153570392-20dd661b2351b59c6152b54729109251e0e40a4881ed7c38e2f447601588c74c-d_1280?region=us,,
/video/compost-producers-keisha-and-casey/,https://finalsite-git-final-images-v2-linneamoritznycs-projects.vercel.app/video/compost-producers-keisha-and-casey/,,1,img/1185580646-d7ae28026bb7cc270792ad4c7249d50217d26701aadc1cf5d9ff92c77aa7e46c-d-1280.webp,1185580646-d7ae28026bb7cc270792ad4c7249d50217d26701aadc1cf5d9ff92c77aa7e46c-d_1280,https://i.vimeocdn.com/video/1185580646-d7ae28026bb7cc270792ad4c7249d50217d26701aadc1cf5d9ff92c77aa7e46c-d_1280?region=us,,
/video/compost-producers-keisha-and-casey/,https://finalsite-git-final-images-v2-linneamoritznycs-projects.vercel.app/video/compost-producers-keisha-and-casey/,Testimonials,2,img/1153814886-b4b6fbe0e0e79664524b225f4d471bb6a4d18e3f597c317c5888431c718ee473-d-1280.webp,1153814886-b4b6fbe0e0e79664524b225f4d471bb6a4d18e3f597c317c5888431c718ee473-d_1280,https://i.vimeocdn.com/video/1153814886-b4b6fbe0e0e79664524b225f4d471bb6a4d18e3f597c317c5888431c718ee473-d_1280?region=us,,
/video/compost-producers-keisha-and-casey/,https://finalsite-git-final-images-v2-linneamoritznycs-projects.vercel.app/video/compost-producers-keisha-and-casey/,Testimonials,3,img/1153817331-02d395bbb957543be2d283b9bb9e8619f96ecd87a717a2acd7d024a8da8eda77-d-1280.webp,1153817331-02d395bbb957543be2d283b9bb9e8619f96ecd87a717a2acd7d024a8da8eda77-d_1280,https://i.vimeocdn.com/video/1153817331-02d395bbb957543be2d283b9bb9e8619f96ecd87a717a2acd7d024a8da8eda77-d_1280?region=us,,
/video/compost-producers-keisha-and-casey/,https://finalsite-git-final-images-v2-linneamoritznycs-projects.vercel.app/video/compost-producers-keisha-and-casey/,Testimonials,4,img/1185580646-d7ae28026bb7cc270792ad4c7249d50217d26701aadc1cf5d9ff92c77aa7e46c-d-1280.webp,1185580646-d7ae28026bb7cc270792ad4c7249d50217d26701aadc1cf5d9ff92c77aa7e46c-d_1280,https://i.vimeocdn.com/video/1185580646-d7ae28026bb7cc270792ad4c7249d50217d26701aadc1cf5d9ff92c77aa7e46c-d_1280?region=us,,
/video/compost-producers-keisha-and-casey/,https://finalsite-git-final-images-v2-linneamoritznycs-projects.vercel.app/video/compost-producers-keisha-and-casey/,Testimonials,5,img/1153814102-cca2da1c0c6b49dae2803711128fe588c6cb775cd5a7c2eadd62fe1b33c82852-d-1280.webp,1153814102-cca2da1c0c6b49dae2803711128fe588c6cb775cd5a7c2eadd62fe1b33c82852-d_1280,https://i.vimeocdn.com/video/1153814102-cca2da1c0c6b49dae2803711128fe588c6cb775cd5a7c2eadd62fe1b33c82852-d_1280?region=us,,
/video/consultants/,https://finalsite-git-final-images-v2-linneamoritznycs-projects.vercel.app/video/consultants/,,1,img/1153819622-2ce05031d760114603269b1a119cdffc2d4c81fbd25130b230c5405cfceb9125-d-1280.webp,1153819622-2ce05031d760114603269b1a119cdffc2d4c81fbd25130b230c5405cfceb9125-d_1280,https://i.vimeocdn.com/video/1153819622-2ce05031d760114603269b1a119cdffc2d4c81fbd25130b230c5405cfceb9125-d_1280?region=us,,
/video/consultants/,https://finalsite-git-final-images-v2-linneamoritznycs-projects.vercel.app/video/consultants/,Meet The Soil Food Web Family,2,img/1164785820-cd83db787b38a2bd2ee03f876e023b373511cf931a1ca141d62622dd48fb03dc-d.webp,1164785820-cd83db787b38a2bd2ee03f876e023b373511cf931a1ca141d62622dd48fb03dc-d_295x166,https://i.vimeocdn.com/video/1164785820-cd83db787b38a2bd2ee03f876e023b373511cf931a1ca141d62622dd48fb03dc-d_295x166?region=us,,
/video/consultants/,https://finalsite-git-final-images-v2-linneamoritznycs-projects.vercel.app/video/consultants/,Meet The Soil Food Web Family,3,img/1153819622-2ce05031d760114603269b1a119cdffc2d4c81fbd25130b230c5405cfceb9125-d-1280.webp,1153819622-2ce05031d760114603269b1a119cdffc2d4c81fbd25130b230c5405cfceb9125-d_1280,https://i.vimeocdn.com/video/1153819622-2ce05031d760114603269b1a119cdffc2d4c81fbd25130b230c5405cfceb9125-d_1280?region=us,,
/video/corn-soy-10000-acres/,https://finalsite-git-final-images-v2-linneamoritznycs-projects.vercel.app/video/corn-soy-10000-acres/,,1,img/1153571858-49c9441fbb0fcb0847aba99cf518eb277b3d4855be6a23dcbbdf43510158815b-d-1280.webp,1153571858-49c9441fbb0fcb0847aba99cf518eb277b3d4855be6a23dcbbdf43510158815b-d_1280,https://i.vimeocdn.com/video/1153571858-49c9441fbb0fcb0847aba99cf518eb277b3d4855be6a23dcbbdf43510158815b-d_1280?region=us,,
/video/corn-soy-10000-acres/,https://finalsite-git-final-images-v2-linneamoritznycs-projects.vercel.app/video/corn-soy-10000-acres/,Consultant Case Studies,2,img/1955906573-132d777181671f333ee9cd5a93e7cbc25789edbe6a7cb5bcb7db54e14fbf9318-d-1280.webp,1955906573-132d777181671f333ee9cd5a93e7cbc25789edbe6a7cb5bcb7db54e14fbf9318-d_1280,https://i.vimeocdn.com/video/1955906573-132d777181671f333ee9cd5a93e7cbc25789edbe6a7cb5bcb7db54e14fbf9318-d_1280?region=us,,
/video/corn-soy-10000-acres/,https://finalsite-git-final-images-v2-linneamoritznycs-projects.vercel.app/video/corn-soy-10000-acres/,Consultant Case Studies,3,img/1153577222-cf36453b0ac59440959b5ae60bc913ed374b59b8ec9c5bcbb0d2b7dceb466b01-d-1280.webp,1153577222-cf36453b0ac59440959b5ae60bc913ed374b59b8ec9c5bcbb0d2b7dceb466b01-d_1280,https://i.vimeocdn.com/video/1153577222-cf36453b0ac59440959b5ae60bc913ed374b59b8ec9c5bcbb0d2b7dceb466b01-d_1280?region=us,,
/video/corn-soy-10000-acres/,https://finalsite-git-final-images-v2-linneamoritznycs-projects.vercel.app/video/corn-soy-10000-acres/,Consultant Case Studies,4,img/1153575028-c8e15b22b3014b104f500ed79e2fd5715a5ab942332ee86a727f340a04d3d085-d-1280.webp,1153575028-c8e15b22b3014b104f500ed79e2fd5715a5ab942332ee86a727f340a04d3d085-d_1280,https://i.vimeocdn.com/video/1153575028-c8e15b22b3014b104f500ed79e2fd5715a5ab942332ee86a727f340a04d3d085-d_1280?region=us,,
/video/corn-soy-10000-acres/,https://finalsite-git-final-images-v2-linneamoritznycs-projects.vercel.app/video/corn-soy-10000-acres/,Consultant Case Studies,5,img/1153573773-12bca550930e13c5ee0f2c7fd87f20b3022f85fce9c857b1c73dc54efaf46292-d-1280.webp,1153573773-12bca550930e13c5ee0f2c7fd87f20b3022f85fce9c857b1c73dc54efaf46292-d_1280,https://i.vimeocdn.com/video/1153573773-12bca550930e13c5ee0f2c7fd87f20b3022f85fce9c857b1c73dc54efaf46292-d_1280?region=us,,
/video/corn-soy-10000-acres/,https://finalsite-git-final-images-v2-linneamoritznycs-projects.vercel.app/video/corn-soy-10000-acres/,Consultant Case Studies,6,img/1153573295-8262f36b15f986c694679efca8b776216fa5860a9d48a99dc511fac85b727158-d-1280.webp,1153573295-8262f36b15f986c694679efca8b776216fa5860a9d48a99dc511fac85b727158-d_1280,https://i.vimeocdn.com/video/1153573295-8262f36b15f986c694679efca8b776216fa5860a9d48a99dc511fac85b727158-d_1280?region=us,,
/video/corn-soy-10000-acres/,https://finalsite-git-final-images-v2-linneamoritznycs-projects.vercel.app/video/corn-soy-10000-acres/,Consultant Case Studies,7,img/1153571858-49c9441fbb0fcb0847aba99cf518eb277b3d4855be6a23dcbbdf43510158815b-d-1280.webp,1153571858-49c9441fbb0fcb0847aba99cf518eb277b3d4855be6a23dcbbdf43510158815b-d_1280,https://i.vimeocdn.com/video/1153571858-49c9441fbb0fcb0847aba99cf518eb277b3d4855be6a23dcbbdf43510158815b-d_1280?region=us,,
/video/corn-soy-10000-acres/,https://finalsite-git-final-images-v2-linneamoritznycs-projects.vercel.app/video/corn-soy-10000-acres/,Consultant Case Studies,8,img/1153570392-20dd661b2351b59c6152b54729109251e0e40a4881ed7c38e2f447601588c74c-d-1280.webp,1153570392-20dd661b2351b59c6152b54729109251e0e40a4881ed7c38e2f447601588c74c-d_1280,https://i.vimeocdn.com/video/1153570392-20dd661b2351b59c6152b54729109251e0e40a4881ed7c38e2f447601588c74c-d_1280?region=us,,
/video/cory-miller/,https://finalsite-git-final-images-v2-linneamoritznycs-projects.vercel.app/video/cory-miller/,,1,img/1642142964-320c13e3e18b759e5e6abec6e7e9355349e76ce853837db95ea15fcf38a9c5aa-d.webp,1642142964-320c13e3e18b759e5e6abec6e7e9355349e76ce853837db95ea15fcf38a9c5aa-d_295x166,https://i.vimeocdn.com/video/1642142964-320c13e3e18b759e5e6abec6e7e9355349e76ce853837db95ea15fcf38a9c5aa-d_295x166?region=us,,
/video/cory-miller/,https://finalsite-git-final-images-v2-linneamoritznycs-projects.vercel.app/video/cory-miller/,Farmer Case Studies,2,img/1642142964-320c13e3e18b759e5e6abec6e7e9355349e76ce853837db95ea15fcf38a9c5aa-d.webp,1642142964-320c13e3e18b759e5e6abec6e7e9355349e76ce853837db95ea15fcf38a9c5aa-d_295x166,https://i.vimeocdn.com/video/1642142964-320c13e3e18b759e5e6abec6e7e9355349e76ce853837db95ea15fcf38a9c5aa-d_295x166?region=us,,
/video/cory-miller/,https://finalsite-git-final-images-v2-linneamoritznycs-projects.vercel.app/video/cory-miller/,Farmer Case Studies,3,img/1642150944-d8d97a037cf1f3f09c030f64bdba1371923d163955543656d923f3064d87817c-d.webp,1642150944-d8d97a037cf1f3f09c030f64bdba1371923d163955543656d923f3064d87817c-d_295x166,https://i.vimeocdn.com/video/1642150944-d8d97a037cf1f3f09c030f64bdba1371923d163955543656d923f3064d87817c-d_295x166?region=us,,
/video/cory-miller/,https://finalsite-git-final-images-v2-linneamoritznycs-projects.vercel.app/video/cory-miller/,Farmer Case Studies,4,img/1591478071-1f640bfdf1654327b57084f17f83e42c1c7b4aef6ba81f7b325945b846db2c1f-d.webp,1591478071-1f640bfdf1654327b57084f17f83e42c1c7b4aef6ba81f7b325945b846db2c1f-d_295x166,https://i.vimeocdn.com/video/1591478071-1f640bfdf1654327b57084f17f83e42c1c7b4aef6ba81f7b325945b846db2c1f-d_295x166?region=us,,
/video/cory-miller/,https://finalsite-git-final-images-v2-linneamoritznycs-projects.vercel.app/video/cory-miller/,Farmer Case Studies,5,img/1595690870-f29d3789aa28921b854fbabfe6ec74a8d21e974a092c1729691d65ddfa34d206-d.webp,1595690870-f29d3789aa28921b854fbabfe6ec74a8d21e974a092c1729691d65ddfa34d206-d_295x166,https://i.vimeocdn.com/video/1595690870-f29d3789aa28921b854fbabfe6ec74a8d21e974a092c1729691d65ddfa34d206-d_295x166?region=us,,
/video/grapes-cannabis-turmeric-more/,https://finalsite-git-final-images-v2-linneamoritznycs-projects.vercel.app/video/grapes-cannabis-turmeric-more/,,1,img/1153573295-8262f36b15f986c694679efca8b776216fa5860a9d48a99dc511fac85b727158-d-1280.webp,1153573295-8262f36b15f986c694679efca8b776216fa5860a9d48a99dc511fac85b727158-d_1280,https://i.vimeocdn.com/video/1153573295-8262f36b15f986c694679efca8b776216fa5860a9d48a99dc511fac85b727158-d_1280?region=us,,
/video/grapes-cannabis-turmeric-more/,https://finalsite-git-final-images-v2-linneamoritznycs-projects.vercel.app/video/grapes-cannabis-turmeric-more/,Consultant Case Studies,2,img/1955906573-132d777181671f333ee9cd5a93e7cbc25789edbe6a7cb5bcb7db54e14fbf9318-d-1280.webp,1955906573-132d777181671f333ee9cd5a93e7cbc25789edbe6a7cb5bcb7db54e14fbf9318-d_1280,https://i.vimeocdn.com/video/1955906573-132d777181671f333ee9cd5a93e7cbc25789edbe6a7cb5bcb7db54e14fbf9318-d_1280?region=us,,
/video/grapes-cannabis-turmeric-more/,https://finalsite-git-final-images-v2-linneamoritznycs-projects.vercel.app/video/grapes-cannabis-turmeric-more/,Consultant Case Studies,3,img/1153577222-cf36453b0ac59440959b5ae60bc913ed374b59b8ec9c5bcbb0d2b7dceb466b01-d-1280.webp,1153577222-cf36453b0ac59440959b5ae60bc913ed374b59b8ec9c5bcbb0d2b7dceb466b01-d_1280,https://i.vimeocdn.com/video/1153577222-cf36453b0ac59440959b5ae60bc913ed374b59b8ec9c5bcbb0d2b7dceb466b01-d_1280?region=us,,
/video/grapes-cannabis-turmeric-more/,https://finalsite-git-final-images-v2-linneamoritznycs-projects.vercel.app/video/grapes-cannabis-turmeric-more/,Consultant Case Studies,4,img/1153575028-c8e15b22b3014b104f500ed79e2fd5715a5ab942332ee86a727f340a04d3d085-d-1280.webp,1153575028-c8e15b22b3014b104f500ed79e2fd5715a5ab942332ee86a727f340a04d3d085-d_1280,https://i.vimeocdn.com/video/1153575028-c8e15b22b3014b104f500ed79e2fd5715a5ab942332ee86a727f340a04d3d085-d_1280?region=us,,
/video/grapes-cannabis-turmeric-more/,https://finalsite-git-final-images-v2-linneamoritznycs-projects.vercel.app/video/grapes-cannabis-turmeric-more/,Consultant Case Studies,5,img/1153573773-12bca550930e13c5ee0f2c7fd87f20b3022f85fce9c857b1c73dc54efaf46292-d-1280.webp,1153573773-12bca550930e13c5ee0f2c7fd87f20b3022f85fce9c857b1c73dc54efaf46292-d_1280,https://i.vimeocdn.com/video/1153573773-12bca550930e13c5ee0f2c7fd87f20b3022f85fce9c857b1c73dc54efaf46292-d_1280?region=us,,
/video/grapes-cannabis-turmeric-more/,https://finalsite-git-final-images-v2-linneamoritznycs-projects.vercel.app/video/grapes-cannabis-turmeric-more/,Consultant Case Studies,6,img/1153573295-8262f36b15f986c694679efca8b776216fa5860a9d48a99dc511fac85b727158-d-1280.webp,1153573295-8262f36b15f986c694679efca8b776216fa5860a9d48a99dc511fac85b727158-d_1280,https://i.vimeocdn.com/video/1153573295-8262f36b15f986c694679efca8b776216fa5860a9d48a99dc511fac85b727158-d_1280?region=us,,
/video/grapes-cannabis-turmeric-more/,https://finalsite-git-final-images-v2-linneamoritznycs-projects.vercel.app/video/grapes-cannabis-turmeric-more/,Consultant Case Studies,7,img/1153571858-49c9441fbb0fcb0847aba99cf518eb277b3d4855be6a23dcbbdf43510158815b-d-1280.webp,1153571858-49c9441fbb0fcb0847aba99cf518eb277b3d4855be6a23dcbbdf43510158815b-d_1280,https://i.vimeocdn.com/video/1153571858-49c9441fbb0fcb0847aba99cf518eb277b3d4855be6a23dcbbdf43510158815b-d_1280?region=us,,
/video/grapes-cannabis-turmeric-more/,https://finalsite-git-final-images-v2-linneamoritznycs-projects.vercel.app/video/grapes-cannabis-turmeric-more/,Consultant Case Studies,8,img/1153570392-20dd661b2351b59c6152b54729109251e0e40a4881ed7c38e2f447601588c74c-d-1280.webp,1153570392-20dd661b2351b59c6152b54729109251e0e40a4881ed7c38e2f447601588c74c-d_1280,https://i.vimeocdn.com/video/1153570392-20dd661b2351b59c6152b54729109251e0e40a4881ed7c38e2f447601588c74c-d_1280?region=us,,
/video/jenn-sirp/,https://finalsite-git-final-images-v2-linneamoritznycs-projects.vercel.app/video/jenn-sirp/,,1,img/1642150944-d8d97a037cf1f3f09c030f64bdba1371923d163955543656d923f3064d87817c-d.webp,1642150944-d8d97a037cf1f3f09c030f64bdba1371923d163955543656d923f3064d87817c-d_295x166,https://i.vimeocdn.com/video/1642150944-d8d97a037cf1f3f09c030f64bdba1371923d163955543656d923f3064d87817c-d_295x166?region=us,,
/video/jenn-sirp/,https://finalsite-git-final-images-v2-linneamoritznycs-projects.vercel.app/video/jenn-sirp/,Farmer Case Studies,2,img/1642142964-320c13e3e18b759e5e6abec6e7e9355349e76ce853837db95ea15fcf38a9c5aa-d.webp,1642142964-320c13e3e18b759e5e6abec6e7e9355349e76ce853837db95ea15fcf38a9c5aa-d_295x166,https://i.vimeocdn.com/video/1642142964-320c13e3e18b759e5e6abec6e7e9355349e76ce853837db95ea15fcf38a9c5aa-d_295x166?region=us,,
/video/jenn-sirp/,https://finalsite-git-final-images-v2-linneamoritznycs-projects.vercel.app/video/jenn-sirp/,Farmer Case Studies,3,img/1642150944-d8d97a037cf1f3f09c030f64bdba1371923d163955543656d923f3064d87817c-d.webp,1642150944-d8d97a037cf1f3f09c030f64bdba1371923d163955543656d923f3064d87817c-d_295x166,https://i.vimeocdn.com/video/1642150944-d8d97a037cf1f3f09c030f64bdba1371923d163955543656d923f3064d87817c-d_295x166?region=us,,
/video/jenn-sirp/,https://finalsite-git-final-images-v2-linneamoritznycs-projects.vercel.app/video/jenn-sirp/,Farmer Case Studies,4,img/1591478071-1f640bfdf1654327b57084f17f83e42c1c7b4aef6ba81f7b325945b846db2c1f-d.webp,1591478071-1f640bfdf1654327b57084f17f83e42c1c7b4aef6ba81f7b325945b846db2c1f-d_295x166,https://i.vimeocdn.com/video/1591478071-1f640bfdf1654327b57084f17f83e42c1c7b4aef6ba81f7b325945b846db2c1f-d_295x166?region=us,,
/video/jenn-sirp/,https://finalsite-git-final-images-v2-linneamoritznycs-projects.vercel.app/video/jenn-sirp/,Farmer Case Studies,5,img/1595690870-f29d3789aa28921b854fbabfe6ec74a8d21e974a092c1729691d65ddfa34d206-d.webp,1595690870-f29d3789aa28921b854fbabfe6ec74a8d21e974a092c1729691d65ddfa34d206-d_295x166,https://i.vimeocdn.com/video/1595690870-f29d3789aa28921b854fbabfe6ec74a8d21e974a092c1729691d65ddfa34d206-d_295x166?region=us,,
/video/making-compost-extract-and-tea/,https://finalsite-git-final-images-v2-linneamoritznycs-projects.vercel.app/video/making-compost-extract-and-tea/,,1,img/1153822613-40e5a5ed1cc08620b7b8b9838ae5bef8d79256aec2458bd8934d59b7c63802d7-d-1280.webp,1153822613-40e5a5ed1cc08620b7b8b9838ae5bef8d79256aec2458bd8934d59b7c63802d7-d_1280,https://i.vimeocdn.com/video/1153822613-40e5a5ed1cc08620b7b8b9838ae5bef8d79256aec2458bd8934d59b7c63802d7-d_1280?region=us,,
/video/making-compost-extract-and-tea/,https://finalsite-git-final-images-v2-linneamoritznycs-projects.vercel.app/video/making-compost-extract-and-tea/,Implementing the Soil Food Web,2,img/1153821780-2d7db5e66e6768012204284b631894de820603e3cc63733704797101d7203257-d-1280.webp,1153821780-2d7db5e66e6768012204284b631894de820603e3cc63733704797101d7203257-d_1280,https://i.vimeocdn.com/video/1153821780-2d7db5e66e6768012204284b631894de820603e3cc63733704797101d7203257-d_1280?region=us,,
/video/making-compost-extract-and-tea/,https://finalsite-git-final-images-v2-linneamoritznycs-projects.vercel.app/video/making-compost-extract-and-tea/,Implementing the Soil Food Web,3,img/1123829588-4c257e5c6e53ddd5b7c98df62a6c9121791f79d6c8b5eaf40abdc4a5deeec41a-d-1280.webp,1123829588-4c257e5c6e53ddd5b7c98df62a6c9121791f79d6c8b5eaf40abdc4a5deeec41a-d_1280,https://i.vimeocdn.com/video/1123829588-4c257e5c6e53ddd5b7c98df62a6c9121791f79d6c8b5eaf40abdc4a5deeec41a-d_1280?region=us,,
/video/making-compost-extract-and-tea/,https://finalsite-git-final-images-v2-linneamoritznycs-projects.vercel.app/video/making-compost-extract-and-tea/,Implementing the Soil Food Web,4,img/1153822613-40e5a5ed1cc08620b7b8b9838ae5bef8d79256aec2458bd8934d59b7c63802d7-d-1280.webp,1153822613-40e5a5ed1cc08620b7b8b9838ae5bef8d79256aec2458bd8934d59b7c63802d7-d_1280,https://i.vimeocdn.com/video/1153822613-40e5a5ed1cc08620b7b8b9838ae5bef8d79256aec2458bd8934d59b7c63802d7-d_1280?region=us,,
/video/organic-banana-farm-south-africa/,https://finalsite-git-final-images-v2-linneamoritznycs-projects.vercel.app/video/organic-banana-farm-south-africa/,,1,img/1153575028-c8e15b22b3014b104f500ed79e2fd5715a5ab942332ee86a727f340a04d3d085-d-1280.webp,1153575028-c8e15b22b3014b104f500ed79e2fd5715a5ab942332ee86a727f340a04d3d085-d_1280,https://i.vimeocdn.com/video/1153575028-c8e15b22b3014b104f500ed79e2fd5715a5ab942332ee86a727f340a04d3d085-d_1280?region=us,,
/video/organic-banana-farm-south-africa/,https://finalsite-git-final-images-v2-linneamoritznycs-projects.vercel.app/video/organic-banana-farm-south-africa/,Consultant Case Studies,2,img/1955906573-132d777181671f333ee9cd5a93e7cbc25789edbe6a7cb5bcb7db54e14fbf9318-d-1280.webp,1955906573-132d777181671f333ee9cd5a93e7cbc25789edbe6a7cb5bcb7db54e14fbf9318-d_1280,https://i.vimeocdn.com/video/1955906573-132d777181671f333ee9cd5a93e7cbc25789edbe6a7cb5bcb7db54e14fbf9318-d_1280?region=us,,
/video/organic-banana-farm-south-africa/,https://finalsite-git-final-images-v2-linneamoritznycs-projects.vercel.app/video/organic-banana-farm-south-africa/,Consultant Case Studies,3,img/1153577222-cf36453b0ac59440959b5ae60bc913ed374b59b8ec9c5bcbb0d2b7dceb466b01-d-1280.webp,1153577222-cf36453b0ac59440959b5ae60bc913ed374b59b8ec9c5bcbb0d2b7dceb466b01-d_1280,https://i.vimeocdn.com/video/1153577222-cf36453b0ac59440959b5ae60bc913ed374b59b8ec9c5bcbb0d2b7dceb466b01-d_1280?region=us,,
/video/organic-banana-farm-south-africa/,https://finalsite-git-final-images-v2-linneamoritznycs-projects.vercel.app/video/organic-banana-farm-south-africa/,Consultant Case Studies,4,img/1153575028-c8e15b22b3014b104f500ed79e2fd5715a5ab942332ee86a727f340a04d3d085-d-1280.webp,1153575028-c8e15b22b3014b104f500ed79e2fd5715a5ab942332ee86a727f340a04d3d085-d_1280,https://i.vimeocdn.com/video/1153575028-c8e15b22b3014b104f500ed79e2fd5715a5ab942332ee86a727f340a04d3d085-d_1280?region=us,,
/video/organic-banana-farm-south-africa/,https://finalsite-git-final-images-v2-linneamoritznycs-projects.vercel.app/video/organic-banana-farm-south-africa/,Consultant Case Studies,5,img/1153573773-12bca550930e13c5ee0f2c7fd87f20b3022f85fce9c857b1c73dc54efaf46292-d-1280.webp,1153573773-12bca550930e13c5ee0f2c7fd87f20b3022f85fce9c857b1c73dc54efaf46292-d_1280,https://i.vimeocdn.com/video/1153573773-12bca550930e13c5ee0f2c7fd87f20b3022f85fce9c857b1c73dc54efaf46292-d_1280?region=us,,
/video/organic-banana-farm-south-africa/,https://finalsite-git-final-images-v2-linneamoritznycs-projects.vercel.app/video/organic-banana-farm-south-africa/,Consultant Case Studies,6,img/1153573295-8262f36b15f986c694679efca8b776216fa5860a9d48a99dc511fac85b727158-d-1280.webp,1153573295-8262f36b15f986c694679efca8b776216fa5860a9d48a99dc511fac85b727158-d_1280,https://i.vimeocdn.com/video/1153573295-8262f36b15f986c694679efca8b776216fa5860a9d48a99dc511fac85b727158-d_1280?region=us,,
/video/organic-banana-farm-south-africa/,https://finalsite-git-final-images-v2-linneamoritznycs-projects.vercel.app/video/organic-banana-farm-south-africa/,Consultant Case Studies,7,img/1153571858-49c9441fbb0fcb0847aba99cf518eb277b3d4855be6a23dcbbdf43510158815b-d-1280.webp,1153571858-49c9441fbb0fcb0847aba99cf518eb277b3d4855be6a23dcbbdf43510158815b-d_1280,https://i.vimeocdn.com/video/1153571858-49c9441fbb0fcb0847aba99cf518eb277b3d4855be6a23dcbbdf43510158815b-d_1280?region=us,,
/video/organic-banana-farm-south-africa/,https://finalsite-git-final-images-v2-linneamoritznycs-projects.vercel.app/video/organic-banana-farm-south-africa/,Consultant Case Studies,8,img/1153570392-20dd661b2351b59c6152b54729109251e0e40a4881ed7c38e2f447601588c74c-d-1280.webp,1153570392-20dd661b2351b59c6152b54729109251e0e40a4881ed7c38e2f447601588c74c-d_1280,https://i.vimeocdn.com/video/1153570392-20dd661b2351b59c6152b54729109251e0e40a4881ed7c38e2f447601588c74c-d_1280?region=us,,
/video/renald-flores/,https://finalsite-git-final-images-v2-linneamoritznycs-projects.vercel.app/video/renald-flores/,,1,img/1153570392-20dd661b2351b59c6152b54729109251e0e40a4881ed7c38e2f447601588c74c-d-1280.webp,1153570392-20dd661b2351b59c6152b54729109251e0e40a4881ed7c38e2f447601588c74c-d_1280,https://i.vimeocdn.com/video/1153570392-20dd661b2351b59c6152b54729109251e0e40a4881ed7c38e2f447601588c74c-d_1280?region=us,,
/video/renald-flores/,https://finalsite-git-final-images-v2-linneamoritznycs-projects.vercel.app/video/renald-flores/,Consultant Case Studies,2,img/1955906573-132d777181671f333ee9cd5a93e7cbc25789edbe6a7cb5bcb7db54e14fbf9318-d-1280.webp,1955906573-132d777181671f333ee9cd5a93e7cbc25789edbe6a7cb5bcb7db54e14fbf9318-d_1280,https://i.vimeocdn.com/video/1955906573-132d777181671f333ee9cd5a93e7cbc25789edbe6a7cb5bcb7db54e14fbf9318-d_1280?region=us,,
/video/renald-flores/,https://finalsite-git-final-images-v2-linneamoritznycs-projects.vercel.app/video/renald-flores/,Consultant Case Studies,3,img/1153577222-cf36453b0ac59440959b5ae60bc913ed374b59b8ec9c5bcbb0d2b7dceb466b01-d-1280.webp,1153577222-cf36453b0ac59440959b5ae60bc913ed374b59b8ec9c5bcbb0d2b7dceb466b01-d_1280,https://i.vimeocdn.com/video/1153577222-cf36453b0ac59440959b5ae60bc913ed374b59b8ec9c5bcbb0d2b7dceb466b01-d_1280?region=us,,
/video/renald-flores/,https://finalsite-git-final-images-v2-linneamoritznycs-projects.vercel.app/video/renald-flores/,Consultant Case Studies,4,img/1153575028-c8e15b22b3014b104f500ed79e2fd5715a5ab942332ee86a727f340a04d3d085-d-1280.webp,1153575028-c8e15b22b3014b104f500ed79e2fd5715a5ab942332ee86a727f340a04d3d085-d_1280,https://i.vimeocdn.com/video/1153575028-c8e15b22b3014b104f500ed79e2fd5715a5ab942332ee86a727f340a04d3d085-d_1280?region=us,,
/video/renald-flores/,https://finalsite-git-final-images-v2-linneamoritznycs-projects.vercel.app/video/renald-flores/,Consultant Case Studies,5,img/1153573773-12bca550930e13c5ee0f2c7fd87f20b3022f85fce9c857b1c73dc54efaf46292-d-1280.webp,1153573773-12bca550930e13c5ee0f2c7fd87f20b3022f85fce9c857b1c73dc54efaf46292-d_1280,https://i.vimeocdn.com/video/1153573773-12bca550930e13c5ee0f2c7fd87f20b3022f85fce9c857b1c73dc54efaf46292-d_1280?region=us,,
/video/renald-flores/,https://finalsite-git-final-images-v2-linneamoritznycs-projects.vercel.app/video/renald-flores/,Consultant Case Studies,6,img/1153573295-8262f36b15f986c694679efca8b776216fa5860a9d48a99dc511fac85b727158-d-1280.webp,1153573295-8262f36b15f986c694679efca8b776216fa5860a9d48a99dc511fac85b727158-d_1280,https://i.vimeocdn.com/video/1153573295-8262f36b15f986c694679efca8b776216fa5860a9d48a99dc511fac85b727158-d_1280?region=us,,
/video/renald-flores/,https://finalsite-git-final-images-v2-linneamoritznycs-projects.vercel.app/video/renald-flores/,Consultant Case Studies,7,img/1153571858-49c9441fbb0fcb0847aba99cf518eb277b3d4855be6a23dcbbdf43510158815b-d-1280.webp,1153571858-49c9441fbb0fcb0847aba99cf518eb277b3d4855be6a23dcbbdf43510158815b-d_1280,https://i.vimeocdn.com/video/1153571858-49c9441fbb0fcb0847aba99cf518eb277b3d4855be6a23dcbbdf43510158815b-d_1280?region=us,,
/video/renald-flores/,https://finalsite-git-final-images-v2-linneamoritznycs-projects.vercel.app/video/renald-flores/,Consultant Case Studies,8,img/1153570392-20dd661b2351b59c6152b54729109251e0e40a4881ed7c38e2f447601588c74c-d-1280.webp,1153570392-20dd661b2351b59c6152b54729109251e0e40a4881ed7c38e2f447601588c74c-d_1280,https://i.vimeocdn.com/video/1153570392-20dd661b2351b59c6152b54729109251e0e40a4881ed7c38e2f447601588c74c-d_1280?region=us,,
/video/roberto-silva/,https://finalsite-git-final-images-v2-linneamoritznycs-projects.vercel.app/video/roberto-silva/,,1,img/1591478071-1f640bfdf1654327b57084f17f83e42c1c7b4aef6ba81f7b325945b846db2c1f-d.webp,1591478071-1f640bfdf1654327b57084f17f83e42c1c7b4aef6ba81f7b325945b846db2c1f-d_295x166,https://i.vimeocdn.com/video/1591478071-1f640bfdf1654327b57084f17f83e42c1c7b4aef6ba81f7b325945b846db2c1f-d_295x166?region=us,,
/video/roberto-silva/,https://finalsite-git-final-images-v2-linneamoritznycs-projects.vercel.app/video/roberto-silva/,Farmer Case Studies,2,img/1642142964-320c13e3e18b759e5e6abec6e7e9355349e76ce853837db95ea15fcf38a9c5aa-d.webp,1642142964-320c13e3e18b759e5e6abec6e7e9355349e76ce853837db95ea15fcf38a9c5aa-d_295x166,https://i.vimeocdn.com/video/1642142964-320c13e3e18b759e5e6abec6e7e9355349e76ce853837db95ea15fcf38a9c5aa-d_295x166?region=us,,
/video/roberto-silva/,https://finalsite-git-final-images-v2-linneamoritznycs-projects.vercel.app/video/roberto-silva/,Farmer Case Studies,3,img/1642150944-d8d97a037cf1f3f09c030f64bdba1371923d163955543656d923f3064d87817c-d.webp,1642150944-d8d97a037cf1f3f09c030f64bdba1371923d163955543656d923f3064d87817c-d_295x166,https://i.vimeocdn.com/video/1642150944-d8d97a037cf1f3f09c030f64bdba1371923d163955543656d923f3064d87817c-d_295x166?region=us,,
/video/roberto-silva/,https://finalsite-git-final-images-v2-linneamoritznycs-projects.vercel.app/video/roberto-silva/,Farmer Case Studies,4,img/1591478071-1f640bfdf1654327b57084f17f83e42c1c7b4aef6ba81f7b325945b846db2c1f-d.webp,1591478071-1f640bfdf1654327b57084f17f83e42c1c7b4aef6ba81f7b325945b846db2c1f-d_295x166,https://i.vimeocdn.com/video/1591478071-1f640bfdf1654327b57084f17f83e42c1c7b4aef6ba81f7b325945b846db2c1f-d_295x166?region=us,,
/video/roberto-silva/,https://finalsite-git-final-images-v2-linneamoritznycs-projects.vercel.app/video/roberto-silva/,Farmer Case Studies,5,img/1595690870-f29d3789aa28921b854fbabfe6ec74a8d21e974a092c1729691d65ddfa34d206-d.webp,1595690870-f29d3789aa28921b854fbabfe6ec74a8d21e974a092c1729691d65ddfa34d206-d_295x166,https://i.vimeocdn.com/video/1595690870-f29d3789aa28921b854fbabfe6ec74a8d21e974a092c1729691d65ddfa34d206-d_295x166?region=us,,
/video/sfw-consultant-brian-vagg/,https://finalsite-git-final-images-v2-linneamoritznycs-projects.vercel.app/video/sfw-consultant-brian-vagg/,,1,img/1153814102-cca2da1c0c6b49dae2803711128fe588c6cb775cd5a7c2eadd62fe1b33c82852-d-1280.webp,1153814102-cca2da1c0c6b49dae2803711128fe588c6cb775cd5a7c2eadd62fe1b33c82852-d_1280,https://i.vimeocdn.com/video/1153814102-cca2da1c0c6b49dae2803711128fe588c6cb775cd5a7c2eadd62fe1b33c82852-d_1280?region=us,,
/video/sfw-consultant-brian-vagg/,https://finalsite-git-final-images-v2-linneamoritznycs-projects.vercel.app/video/sfw-consultant-brian-vagg/,Testimonials,2,img/1153814886-b4b6fbe0e0e79664524b225f4d471bb6a4d18e3f597c317c5888431c718ee473-d-1280.webp,1153814886-b4b6fbe0e0e79664524b225f4d471bb6a4d18e3f597c317c5888431c718ee473-d_1280,https://i.vimeocdn.com/video/1153814886-b4b6fbe0e0e79664524b225f4d471bb6a4d18e3f597c317c5888431c718ee473-d_1280?region=us,,
/video/sfw-consultant-brian-vagg/,https://finalsite-git-final-images-v2-linneamoritznycs-projects.vercel.app/video/sfw-consultant-brian-vagg/,Testimonials,3,img/1153817331-02d395bbb957543be2d283b9bb9e8619f96ecd87a717a2acd7d024a8da8eda77-d-1280.webp,1153817331-02d395bbb957543be2d283b9bb9e8619f96ecd87a717a2acd7d024a8da8eda77-d_1280,https://i.vimeocdn.com/video/1153817331-02d395bbb957543be2d283b9bb9e8619f96ecd87a717a2acd7d024a8da8eda77-d_1280?region=us,,
/video/sfw-consultant-brian-vagg/,https://finalsite-git-final-images-v2-linneamoritznycs-projects.vercel.app/video/sfw-consultant-brian-vagg/,Testimonials,4,img/1185580646-d7ae28026bb7cc270792ad4c7249d50217d26701aadc1cf5d9ff92c77aa7e46c-d-1280.webp,1185580646-d7ae28026bb7cc270792ad4c7249d50217d26701aadc1cf5d9ff92c77aa7e46c-d_1280,https://i.vimeocdn.com/video/1185580646-d7ae28026bb7cc270792ad4c7249d50217d26701aadc1cf5d9ff92c77aa7e46c-d_1280?region=us,,
/video/sfw-consultant-brian-vagg/,https://finalsite-git-final-images-v2-linneamoritznycs-projects.vercel.app/video/sfw-consultant-brian-vagg/,Testimonials,5,img/1153814102-cca2da1c0c6b49dae2803711128fe588c6cb775cd5a7c2eadd62fe1b33c82852-d-1280.webp,1153814102-cca2da1c0c6b49dae2803711128fe588c6cb775cd5a7c2eadd62fe1b33c82852-d_1280,https://i.vimeocdn.com/video/1153814102-cca2da1c0c6b49dae2803711128fe588c6cb775cd5a7c2eadd62fe1b33c82852-d_1280?region=us,,
/video/sfw-consultant-nick-tomasini/,https://finalsite-git-final-images-v2-linneamoritznycs-projects.vercel.app/video/sfw-consultant-nick-tomasini/,,1,img/1153817331-02d395bbb957543be2d283b9bb9e8619f96ecd87a717a2acd7d024a8da8eda77-d-1280.webp,1153817331-02d395bbb957543be2d283b9bb9e8619f96ecd87a717a2acd7d024a8da8eda77-d_1280,https://i.vimeocdn.com/video/1153817331-02d395bbb957543be2d283b9bb9e8619f96ecd87a717a2acd7d024a8da8eda77-d_1280?region=us,,
/video/sfw-consultant-nick-tomasini/,https://finalsite-git-final-images-v2-linneamoritznycs-projects.vercel.app/video/sfw-consultant-nick-tomasini/,Testimonials,2,img/1153814886-b4b6fbe0e0e79664524b225f4d471bb6a4d18e3f597c317c5888431c718ee473-d-1280.webp,1153814886-b4b6fbe0e0e79664524b225f4d471bb6a4d18e3f597c317c5888431c718ee473-d_1280,https://i.vimeocdn.com/video/1153814886-b4b6fbe0e0e79664524b225f4d471bb6a4d18e3f597c317c5888431c718ee473-d_1280?region=us,,
/video/sfw-consultant-nick-tomasini/,https://finalsite-git-final-images-v2-linneamoritznycs-projects.vercel.app/video/sfw-consultant-nick-tomasini/,Testimonials,3,img/1153817331-02d395bbb957543be2d283b9bb9e8619f96ecd87a717a2acd7d024a8da8eda77-d-1280.webp,1153817331-02d395bbb957543be2d283b9bb9e8619f96ecd87a717a2acd7d024a8da8eda77-d_1280,https://i.vimeocdn.com/video/1153817331-02d395bbb957543be2d283b9bb9e8619f96ecd87a717a2acd7d024a8da8eda77-d_1280?region=us,,
/video/sfw-consultant-nick-tomasini/,https://finalsite-git-final-images-v2-linneamoritznycs-projects.vercel.app/video/sfw-consultant-nick-tomasini/,Testimonials,4,img/1185580646-d7ae28026bb7cc270792ad4c7249d50217d26701aadc1cf5d9ff92c77aa7e46c-d-1280.webp,1185580646-d7ae28026bb7cc270792ad4c7249d50217d26701aadc1cf5d9ff92c77aa7e46c-d_1280,https://i.vimeocdn.com/video/1185580646-d7ae28026bb7cc270792ad4c7249d50217d26701aadc1cf5d9ff92c77aa7e46c-d_1280?region=us,,
/video/sfw-consultant-nick-tomasini/,https://finalsite-git-final-images-v2-linneamoritznycs-projects.vercel.app/video/sfw-consultant-nick-tomasini/,Testimonials,5,img/1153814102-cca2da1c0c6b49dae2803711128fe588c6cb775cd5a7c2eadd62fe1b33c82852-d-1280.webp,1153814102-cca2da1c0c6b49dae2803711128fe588c6cb775cd5a7c2eadd62fe1b33c82852-d_1280,https://i.vimeocdn.com/video/1153814102-cca2da1c0c6b49dae2803711128fe588c6cb775cd5a7c2eadd62fe1b33c82852-d_1280?region=us,,
/video/sfw-consultant-todd-harrington/,https://finalsite-git-final-images-v2-linneamoritznycs-projects.vercel.app/video/sfw-consultant-todd-harrington/,,1,img/1153814886-b4b6fbe0e0e79664524b225f4d471bb6a4d18e3f597c317c5888431c718ee473-d-1280.webp,1153814886-b4b6fbe0e0e79664524b225f4d471bb6a4d18e3f597c317c5888431c718ee473-d_1280,https://i.vimeocdn.com/video/1153814886-b4b6fbe0e0e79664524b225f4d471bb6a4d18e3f597c317c5888431c718ee473-d_1280?region=us,,
/video/sfw-consultant-todd-harrington/,https://finalsite-git-final-images-v2-linneamoritznycs-projects.vercel.app/video/sfw-consultant-todd-harrington/,Testimonials,2,img/1153814886-b4b6fbe0e0e79664524b225f4d471bb6a4d18e3f597c317c5888431c718ee473-d-1280.webp,1153814886-b4b6fbe0e0e79664524b225f4d471bb6a4d18e3f597c317c5888431c718ee473-d_1280,https://i.vimeocdn.com/video/1153814886-b4b6fbe0e0e79664524b225f4d471bb6a4d18e3f597c317c5888431c718ee473-d_1280?region=us,,
/video/sfw-consultant-todd-harrington/,https://finalsite-git-final-images-v2-linneamoritznycs-projects.vercel.app/video/sfw-consultant-todd-harrington/,Testimonials,3,img/1153817331-02d395bbb957543be2d283b9bb9e8619f96ecd87a717a2acd7d024a8da8eda77-d-1280.webp,1153817331-02d395bbb957543be2d283b9bb9e8619f96ecd87a717a2acd7d024a8da8eda77-d_1280,https://i.vimeocdn.com/video/1153817331-02d395bbb957543be2d283b9bb9e8619f96ecd87a717a2acd7d024a8da8eda77-d_1280?region=us,,
/video/sfw-consultant-todd-harrington/,https://finalsite-git-final-images-v2-linneamoritznycs-projects.vercel.app/video/sfw-consultant-todd-harrington/,Testimonials,4,img/1185580646-d7ae28026bb7cc270792ad4c7249d50217d26701aadc1cf5d9ff92c77aa7e46c-d-1280.webp,1185580646-d7ae28026bb7cc270792ad4c7249d50217d26701aadc1cf5d9ff92c77aa7e46c-d_1280,https://i.vimeocdn.com/video/1185580646-d7ae28026bb7cc270792ad4c7249d50217d26701aadc1cf5d9ff92c77aa7e46c-d_1280?region=us,,
/video/sfw-consultant-todd-harrington/,https://finalsite-git-final-images-v2-linneamoritznycs-projects.vercel.app/video/sfw-consultant-todd-harrington/,Testimonials,5,img/1153814102-cca2da1c0c6b49dae2803711128fe588c6cb775cd5a7c2eadd62fe1b33c82852-d-1280.webp,1153814102-cca2da1c0c6b49dae2803711128fe588c6cb775cd5a7c2eadd62fe1b33c82852-d_1280,https://i.vimeocdn.com/video/1153814102-cca2da1c0c6b49dae2803711128fe588c6cb775cd5a7c2eadd62fe1b33c82852-d_1280?region=us,,
/video/students/,https://finalsite-git-final-images-v2-linneamoritznycs-projects.vercel.app/video/students/,,1,img/1164785820-cd83db787b38a2bd2ee03f876e023b373511cf931a1ca141d62622dd48fb03dc-d.webp,1164785820-cd83db787b38a2bd2ee03f876e023b373511cf931a1ca141d62622dd48fb03dc-d_295x166,https://i.vimeocdn.com/video/1164785820-cd83db787b38a2bd2ee03f876e023b373511cf931a1ca141d62622dd48fb03dc-d_295x166?region=us,,
/video/students/,https://finalsite-git-final-images-v2-linneamoritznycs-projects.vercel.app/video/students/,Meet The Soil Food Web Family,2,img/1164785820-cd83db787b38a2bd2ee03f876e023b373511cf931a1ca141d62622dd48fb03dc-d.webp,1164785820-cd83db787b38a2bd2ee03f876e023b373511cf931a1ca141d62622dd48fb03dc-d_295x166,https://i.vimeocdn.com/video/1164785820-cd83db787b38a2bd2ee03f876e023b373511cf931a1ca141d62622dd48fb03dc-d_295x166?region=us,,
/video/students/,https://finalsite-git-final-images-v2-linneamoritznycs-projects.vercel.app/video/students/,Meet The Soil Food Web Family,3,img/1153819622-2ce05031d760114603269b1a119cdffc2d4c81fbd25130b230c5405cfceb9125-d-1280.webp,1153819622-2ce05031d760114603269b1a119cdffc2d4c81fbd25130b230c5405cfceb9125-d_1280,https://i.vimeocdn.com/video/1153819622-2ce05031d760114603269b1a119cdffc2d4c81fbd25130b230c5405cfceb9125-d_1280?region=us,,
/video/using-the-microscope/,https://finalsite-git-final-images-v2-linneamoritznycs-projects.vercel.app/video/using-the-microscope/,,1,img/1123829588-4c257e5c6e53ddd5b7c98df62a6c9121791f79d6c8b5eaf40abdc4a5deeec41a-d-1280.webp,1123829588-4c257e5c6e53ddd5b7c98df62a6c9121791f79d6c8b5eaf40abdc4a5deeec41a-d_1280,https://i.vimeocdn.com/video/1123829588-4c257e5c6e53ddd5b7c98df62a6c9121791f79d6c8b5eaf40abdc4a5deeec41a-d_1280?region=us,,
/video/using-the-microscope/,https://finalsite-git-final-images-v2-linneamoritznycs-projects.vercel.app/video/using-the-microscope/,Implementing the Soil Food Web,2,img/1153821780-2d7db5e66e6768012204284b631894de820603e3cc63733704797101d7203257-d-1280.webp,1153821780-2d7db5e66e6768012204284b631894de820603e3cc63733704797101d7203257-d_1280,https://i.vimeocdn.com/video/1153821780-2d7db5e66e6768012204284b631894de820603e3cc63733704797101d7203257-d_1280?region=us,,
/video/using-the-microscope/,https://finalsite-git-final-images-v2-linneamoritznycs-projects.vercel.app/video/using-the-microscope/,Implementing the Soil Food Web,3,img/1123829588-4c257e5c6e53ddd5b7c98df62a6c9121791f79d6c8b5eaf40abdc4a5deeec41a-d-1280.webp,1123829588-4c257e5c6e53ddd5b7c98df62a6c9121791f79d6c8b5eaf40abdc4a5deeec41a-d_1280,https://i.vimeocdn.com/video/1123829588-4c257e5c6e53ddd5b7c98df62a6c9121791f79d6c8b5eaf40abdc4a5deeec41a-d_1280?region=us,,
/video/using-the-microscope/,https://finalsite-git-final-images-v2-linneamoritznycs-projects.vercel.app/video/using-the-microscope/,Implementing the Soil Food Web,4,img/1153822613-40e5a5ed1cc08620b7b8b9838ae5bef8d79256aec2458bd8934d59b7c63802d7-d-1280.webp,1153822613-40e5a5ed1cc08620b7b8b9838ae5bef8d79256aec2458bd8934d59b7c63802d7-d_1280,https://i.vimeocdn.com/video/1153822613-40e5a5ed1cc08620b7b8b9838ae5bef8d79256aec2458bd8934d59b7c63802d7-d_1280?region=us,,
/category/blogposts/,https://finalsite-git-final-images-v2-linneamoritznycs-projects.vercel.app/category/blogposts/,Blog,1,img/pd-cohort-1-launches.webp,PD-Cohort-1-Launches.jpg,https://new.soilfoodweb.com/wp-content/uploads/2026/04/PD-Cohort-1-Launches.jpg,"A yellow graphic reading A timely solution for uncertain times, with the Permaculture Design Course mark",
/category/blogposts/,https://finalsite-git-final-images-v2-linneamoritznycs-projects.vercel.app/category/blogposts/,Blog,2,img/2025-year-in-review-elaine-scaled-2.webp,2025-year-in-review-Elaine-scaled-1.jpg,https://new.soilfoodweb.com/wp-content/uploads/2025/12/2025-year-in-review-Elaine-scaled-1.jpg,,
/category/blogposts/,https://finalsite-git-final-images-v2-linneamoritznycs-projects.vercel.app/category/blogposts/,Blog,3,img/newsletter-oct2025-collage-presentation.webp,Newsletter-OCT2025-Collage-Presentation.jpg,https://new.soilfoodweb.com/wp-content/uploads/2025/10/Newsletter-OCT2025-Collage-Presentation.jpg,,
/category/blogposts/,https://finalsite-git-final-images-v2-linneamoritznycs-projects.vercel.app/category/blogposts/,Blog,4,img/screenshot-2025-02-05-at-5-18-21-pm.webp,Screenshot-2025-02-05-at-5.18.21-PM.jpg,https://new.soilfoodweb.com/wp-content/uploads/2025/02/Screenshot-2025-02-05-at-5.18.21-PM.jpg,,
/category/blogposts/,https://finalsite-git-final-images-v2-linneamoritznycs-projects.vercel.app/category/blogposts/,Blog,5,img/copy-of-5-december-2024-presentation.webp,Copy-of-5-December-2024-Presentation-1.jpg,https://new.soilfoodweb.com/wp-content/uploads/2024/12/Copy-of-5-December-2024-Presentation-1.jpg,,
/category/blogposts/,https://finalsite-git-final-images-v2-linneamoritznycs-projects.vercel.app/category/blogposts/,Blog,6,img/masthead-images-2742-by-1202-pixels-scaled.webp,Masthead-Images-2742-by-1202-pixels-scaled-1.jpg,https://new.soilfoodweb.com/wp-content/uploads/2024/03/Masthead-Images-2742-by-1202-pixels-scaled-1.jpg,,
/category/events/,https://finalsite-git-final-images-v2-linneamoritznycs-projects.vercel.app/category/events/,Events,1,img/img-1493.webp,IMG_1493.jpg,,"Workshop participants standing around a tall wire compost cage topped with flowers, inside a barn",
/category/events/,https://finalsite-git-final-images-v2-linneamoritznycs-projects.vercel.app/category/events/,Events,2,img/daniel-tyrkiel-adam-swam-presentation.webp,Daniel-Tyrkiel-adam-swam-Presentation.jpg,https://new.soilfoodweb.com/wp-content/uploads/2025/11/Daniel-Tyrkiel-adam-swam-Presentation.jpg,,
/category/events/,https://finalsite-git-final-images-v2-linneamoritznycs-projects.vercel.app/category/events/,Events,3,img/screenshot-2025-10-22-212600.webp,Screenshot-2025-10-22-212600.jpg,https://new.soilfoodweb.com/wp-content/uploads/2025/10/Screenshot-2025-10-22-212600.jpg,,
/category/events/,https://finalsite-git-final-images-v2-linneamoritznycs-projects.vercel.app/category/events/,Events,4,img/terra-madre-americas-2-scaled.webp,Terra-Madre-Americas-2-scaled-1.jpg,https://new.soilfoodweb.com/wp-content/uploads/2025/09/Terra-Madre-Americas-2-scaled-1.jpg,,
/category/features/,https://finalsite-git-final-images-v2-linneamoritznycs-projects.vercel.app/category/features/,Features,1,img/2025-year-in-review-elaine-scaled-2.webp,2025-year-in-review-Elaine-scaled-1.jpg,https://new.soilfoodweb.com/wp-content/uploads/2025/12/2025-year-in-review-Elaine-scaled-1.jpg,,
/category/foundation-update/,https://finalsite-git-final-images-v2-linneamoritznycs-projects.vercel.app/category/foundation-update/,Foundation Update,1,img/new/elaine-flower-shirt-microscope-940w.jpg,Elaine Flower Shirt Microscope.png,,Dr. Elaine Ingham at a microscope in a laboratory,
/category/foundation-update/,https://finalsite-git-final-images-v2-linneamoritznycs-projects.vercel.app/category/foundation-update/,Foundation Update,2,img/eric-feiler-4.webp,Eric-Feiler-4.jpg,https://new.soilfoodweb.com/wp-content/uploads/2026/02/Eric-Feiler-4.jpg,,
/category/microscopy/,https://finalsite-git-final-images-v2-linneamoritznycs-projects.vercel.app/category/microscopy/,Microscopy,1,img/how-a-rare-microscope-sighting-1400x1400.webp,How-A-Rare-Microscope-Sighting-1400x1400-1-scaled.png,https://new.soilfoodweb.com/wp-content/uploads/2026/05/How-A-Rare-Microscope-Sighting-1400x1400-1-scaled.png,A graphic reading Education: how a Soil Food Web education helps gardeners solve crop issues,
/category/newsletter/,https://finalsite-git-final-images-v2-linneamoritznycs-projects.vercel.app/category/newsletter/,Newsletter,1,img/newsletter-oct2025-collage-presentation.webp,Newsletter-OCT2025-Collage-Presentation.jpg,https://new.soilfoodweb.com/wp-content/uploads/2025/10/Newsletter-OCT2025-Collage-Presentation.jpg,,
/category/school-updates/,https://finalsite-git-final-images-v2-linneamoritznycs-projects.vercel.app/category/school-updates/,School Updates,1,img/pd-cohort-1-launches.webp,PD-Cohort-1-Launches.jpg,https://new.soilfoodweb.com/wp-content/uploads/2026/04/PD-Cohort-1-Launches.jpg,"A yellow graphic reading A timely solution for uncertain times, with the Permaculture Design Course mark",
/category/school-updates/,https://finalsite-git-final-images-v2-linneamoritznycs-projects.vercel.app/category/school-updates/,School Updates,2,img/new/inspecting-feedstock-barrels-group-1600w.jpg,Inspecting Feedstock 2.HEIC,https://drive.google.com/file/d/1XTXjD7wDrvty5n0g9_MxNJXEsUHQq_5e/view,"Workshop participants in caps gathered around open blue barrels, looking at the feedstock inside",
/category/school-updates/,https://finalsite-git-final-images-v2-linneamoritznycs-projects.vercel.app/category/school-updates/,School Updates,3,img/blog-posts-headers-2.webp,BLOG-POSTS-HEADERS-2.jpg,https://new.soilfoodweb.com/wp-content/uploads/2025/10/BLOG-POSTS-HEADERS-2.jpg,,
/category/school-updates/,https://finalsite-git-final-images-v2-linneamoritznycs-projects.vercel.app/category/school-updates/,School Updates,4,img/2.webp,2.jpg,https://new.soilfoodweb.com/wp-content/uploads/2025/10/2.jpg,,
/category/science-education/,https://finalsite-git-final-images-v2-linneamoritznycs-projects.vercel.app/category/science-education/,Science & Education,1,img/how-a-rare-microscope-sighting-1400x1400.webp,How-A-Rare-Microscope-Sighting-1400x1400-1-scaled.png,https://new.soilfoodweb.com/wp-content/uploads/2026/05/How-A-Rare-Microscope-Sighting-1400x1400-1-scaled.png,A graphic reading Education: how a Soil Food Web education helps gardeners solve crop issues,
/past-workshop-picks/,https://finalsite-git-final-images-v2-linneamoritznycs-projects.vercel.app/past-workshop-picks/,Workshops,1,past-workshop-picks/img/accelerator-workshop-october-2026-card.jpg,"accelerator-workshop-october-2026-card (repo, img/new-2026-10/)",,"A collage: a compost tea brewer, a person at a microscope, a group of participants outdoors, hands holding compost, and the Accelerator Workshop logo",
/past-workshop-picks/,https://finalsite-git-final-images-v2-linneamoritznycs-projects.vercel.app/past-workshop-picks/,Workshops,2,past-workshop-picks/img/accelerator-workshop-june-2026-card.jpg,"accelerator-workshop-june-2026-card (repo, img/new-2026-10/)",,"Five people standing around a tall wire compost cage packed with green material, in a barn",
/past-workshop-picks/,https://finalsite-git-final-images-v2-linneamoritznycs-projects.vercel.app/past-workshop-picks/,Workshops,3,past-workshop-picks/img/accelerator-workshop-february-2026-card.jpg,"accelerator-workshop-february-2026-card (repo, img/new-2026-10/)",,"Workshop participants in caps and hats gathered around open blue barrels, inspecting the feedstock inside",
/past-workshop-picks/,https://finalsite-git-final-images-v2-linneamoritznycs-projects.vercel.app/past-workshop-picks/,Workshops,4,past-workshop-picks/img/accelerator-workshop-october-2025-card.jpg,"accelerator-workshop-october-2025-card (repo, img/new-2026-10/)",,"Eight people standing in front of tropical plants, one of them holding up a certificate",
/past-workshop-picks/,https://finalsite-git-final-images-v2-linneamoritznycs-projects.vercel.app/past-workshop-picks/,Workshops,5,past-workshop-picks/img/accelerator-workshop-june-2025-card.jpg,"accelerator-workshop-june-2025-card (repo, img/new-2026-10/)",,A group standing in a field of red poppies under a blue sky,
/past-workshop-picks/,https://finalsite-git-final-images-v2-linneamoritznycs-projects.vercel.app/past-workshop-picks/,Workshops,6,past-workshop-picks/img/accelerator-workshop-march-2025-card.jpg,"accelerator-workshop-march-2025-card (repo, img/new-2026-10/)",,A large group posing around a freshly built compost pile under an open-sided roof,
/past-workshop-picks/,https://finalsite-git-final-images-v2-linneamoritznycs-projects.vercel.app/past-workshop-picks/,Workshops,7,past-workshop-picks/img/accelerator-workshop-january-2025-card.jpg,"accelerator-workshop-january-2025-card (repo, img/new-2026-10/)",,A large group posing under a garden pergola hung with burlap bunting,
/past-workshop-picks/,https://finalsite-git-final-images-v2-linneamoritznycs-projects.vercel.app/past-workshop-picks/,Workshops,8,past-workshop-picks/img/accelerator-workshop-july-2024-card.jpg,PXL_20240718_142500964,https://drive.google.com/file/d/1CWmQwWC4Ttw3duRjUOSghoaw_ykJJmiM/view,"Five people around a wire compost cage on a pallet, one kneeling with a pitchfork and giving a thumbs up",
/past-workshop-picks/,https://finalsite-git-final-images-v2-linneamoritznycs-projects.vercel.app/past-workshop-picks/,Workshops,9,past-workshop-picks/img/accelerator-workshop-august-2023-card.jpg,"accelerator-workshop-august-2023-card (repo, img/new-2026-10/)",,Students reaching up for a high five over a compost pile,
/past-workshop-picks/,https://finalsite-git-final-images-v2-linneamoritznycs-projects.vercel.app/past-workshop-picks/,Workshops,10,past-workshop-picks/img/accelerator-workshop-2022-card.jpg,ERC Via Organica - Mexico 10.JPG,https://drive.google.com/file/d/1QePNR8gKuGMFmkLJ3XSHxX3WBSzS_r0p/view,"People in sun hats raking and forking a long compost pile in a dry field, with mountains behind",
/past-workshop-picks/,https://finalsite-git-final-images-v2-linneamoritznycs-projects.vercel.app/past-workshop-picks/,Workshops,11,past-workshop-picks/img/accelerator-workshop-2019-card.jpg,"accelerator-workshop-2019-card (repo, img/new-2026-10/)",,A group of participants posing together indoors,
