id,title,status,year,type,collection,topics,authors,citation,summary,useful_for,content,external_url,source_url,slug,study_type,region
,Ultraviolet-induced autofluorescence of arbuscular mycorrhizal root infections: An alternative to clearing and staining methods for assessing infections,publish,1982,Journal article,Dr. Elaine's publications,"fungi, mycorrhizal fungi, lab methods and microscopy","Ames, R.N., E.R. Ingham and C.P.P. Reid","Can. J. Microbiol., 28:351-355","Tests UV light under a fluorescence microscope as a way to see arbuscular mycorrhizal fungi in untreated roots, across five plant families, as an alternative to clearing and staining.","Lab techs and students of soil microscopy, to learn a faster way to check whether roots are colonized by mycorrhizal fungi.",,https://scholar.google.com/citations?view_op=view_citation&hl=en&user=iOm3z4AAAAAJ&citation_for_view=iOm3z4AAAAAJ:Se3iqnhoufwC,https://scholar.google.com/citations?view_op=view_citation&hl=en&user=iOm3z4AAAAAJ&citation_for_view=iOm3z4AAAAAJ:Se3iqnhoufwC,,Method,North America
,Ultraviolet-induced autofluorescence: a new method for detecting and quantifying vesicular-arbuscular mycorrhizal root infections,publish,1982,Journal article,Dr. Elaine's publications,"fungi, mycorrhizal fungi, lab methods and microscopy","Ames, R.N., E.R. Ingham and C.P.P. Reid","Phytopathology, 72(7):950",A short conference report introducing the UV autofluorescence method for detecting and counting vesicular-arbuscular mycorrhizal fungi in roots.,"Readers interested in the history of root microscopy, to see the first announcement of the UV method for spotting mycorrhizal fungi.",,https://scholar.google.com/citations?view_op=view_citation&hl=en&user=iOm3z4AAAAAJ&citation_for_view=iOm3z4AAAAAJ:bFI3QPDXJZMC,https://scholar.google.com/citations?view_op=view_citation&hl=en&user=iOm3z4AAAAAJ&citation_for_view=iOm3z4AAAAAJ:bFI3QPDXJZMC,,Method,North America
,"Relationship between fluorescein diacetate-stained hyphae and oxygen utilization, glucose utilization and biomass of submerged fungal batch cultures",publish,1982,Journal article,Dr. Elaine's publications,"fungi, lab methods and microscopy","Ingham, E.R. and D.A. Klein","Appl. Environ. Microbiol., 44:363-370","Compares FDA staining of fungal strands with oxygen use, glucose use and biomass in fungal cultures, to test whether the stain marks active fungi.","Students of soil microscopy, to learn the research behind telling active fungi apart from total fungi on a soil report.",,https://scholar.google.com/citations?view_op=view_citation&hl=en&user=iOm3z4AAAAAJ&citation_for_view=iOm3z4AAAAAJ:YOwf2qJgpHMC,https://scholar.google.com/citations?view_op=view_citation&hl=en&user=iOm3z4AAAAAJ&citation_for_view=iOm3z4AAAAAJ:YOwf2qJgpHMC,,Lab study,North America
,The effect of chloroform on protozoa and other soil inhabitants,publish,1982,Journal article,Dr. Elaine's publications,"protozoa, pesticides and fumigants","McClellan, J.F., D.C. Coleman, K.A. Horton and E.R. Ingham","J. Protozool., 29:491","Reports how chloroform fumigation, a common lab step for estimating soil microbial biomass, affects protozoa and other soil organisms.","Consultants and lab techs, to understand why fumigation-based lab tests and direct microscope counts can give different pictures of soil life.",,https://scholar.google.com/citations?view_op=view_citation&hl=en&user=iOm3z4AAAAAJ&citation_for_view=iOm3z4AAAAAJ:r0BpntZqJG4C,https://scholar.google.com/citations?view_op=view_citation&hl=en&user=iOm3z4AAAAAJ&citation_for_view=iOm3z4AAAAAJ:r0BpntZqJG4C,,Lab study,North America
,Soil fungi: Relationships between hyphal activity and staining with fluorescein diacetate,publish,1984,Journal article,Dr. Elaine's publications,"fungi, lab methods and microscopy","Ingham, E.R. and D.A. Klein","Soil Biol. Biochem., 16:273-278","Compares FDA staining with measures of fungal activity in soil and examines how well the stain reflects living, active fungi.","Lab techs doing soil microscopy, to see the evidence behind the active fungal numbers they report to clients.",,https://scholar.google.com/citations?view_op=view_citation&hl=en&user=iOm3z4AAAAAJ&citation_for_view=iOm3z4AAAAAJ:ns9cj8rnVeAC,https://scholar.google.com/citations?view_op=view_citation&hl=en&user=iOm3z4AAAAAJ&citation_for_view=iOm3z4AAAAAJ:ns9cj8rnVeAC,,Method,North America
,Soil fungi: Measurement of hyphal length,publish,1984,Journal article,Dr. Elaine's publications,"fungi, lab methods and microscopy","Ingham, E.R. and D.A. Klein","Soil Biol. Biochem., 16:279-280","Describes a method for measuring the length of fungal strands in soil samples, a step in calculating fungal biomass.","Anyone who reads soil food web reports, to learn how the fungal biomass number is built up from strand length.",,https://scholar.google.com/citations?view_op=view_citation&hl=en&user=iOm3z4AAAAAJ&citation_for_view=iOm3z4AAAAAJ:Tyk-4Ss8FVUC,https://scholar.google.com/citations?view_op=view_citation&hl=en&user=iOm3z4AAAAAJ&citation_for_view=iOm3z4AAAAAJ:Tyk-4Ss8FVUC,,Method,North America
,Rhizosphere bacterial population responses to root colonization by a vesicular-arbuscular mycorrhizal fungus,publish,1984,Journal article,Dr. Elaine's publications,"bacteria, fungi, mycorrhizal fungi","Ames, R.N., C.P.P. Reid and E.R. Ingham","New Phytol., 96:555-563",Reports changes in bacterial populations around roots after the roots were colonized by a vesicular-arbuscular mycorrhizal fungus.,"Growers using mycorrhizal inoculants, to see how adding one beneficial fungus may shift the bacteria living around their plant roots.",,https://scholar.google.com/citations?view_op=view_citation&hl=en&user=iOm3z4AAAAAJ&citation_for_view=iOm3z4AAAAAJ:Zph67rFs4hoC,https://scholar.google.com/citations?view_op=view_citation&hl=en&user=iOm3z4AAAAAJ&citation_for_view=iOm3z4AAAAAJ:Zph67rFs4hoC,,Greenhouse or pot trial,North America
,Phosphatase activity of Penicillium citrinum submerged batch cultures and its relationship to fungal activity,publish,1984,Journal article,Dr. Elaine's publications,"fungi, nutrient cycling","Ingham, E.R. and D.A. Klein","Plant and Soil, 81:61-68",Measures phosphatase enzyme activity in cultures of the soil fungus Penicillium citrinum and relates it to how active the fungus is.,"Farmers aiming to cut phosphorus fertiliser, to learn how fungal enzymes help release phosphorus that is already in the soil.",,https://scholar.google.com/citations?view_op=view_citation&hl=en&user=iOm3z4AAAAAJ&citation_for_view=iOm3z4AAAAAJ:hqOjcs7Dif8C,https://scholar.google.com/citations?view_op=view_citation&hl=en&user=iOm3z4AAAAAJ&citation_for_view=iOm3z4AAAAAJ:hqOjcs7Dif8C,,Lab study,North America
,"Effects of streptomycin, cycloheximide, fungizone, captan, carbofuran, cygon and PCNB on soil microbe populations and nutrient cycling",publish,1984,Journal article,Dr. Elaine's publications,"fungi, pesticides and fumigants, nutrient cycling, pest suppression","Ingham, E.R. and D.C. Coleman","Microbial Ecology, 10:345-358","Tests seven pesticides and fungicides, including captan, carbofuran and PCNB, on soil microbe populations and nutrient cycling.","Farmers deciding whether to spray, to weigh early evidence on how common chemicals affect the microbes that cycle nutrients for their crops.",,https://scholar.google.com/citations?view_op=view_citation&hl=en&user=iOm3z4AAAAAJ&citation_for_view=iOm3z4AAAAAJ:aqlVkmm33-oC,https://scholar.google.com/citations?view_op=view_citation&hl=en&user=iOm3z4AAAAAJ&citation_for_view=iOm3z4AAAAAJ:aqlVkmm33-oC,,Lab study,North America
,"Interactions of bacteria, fungi and their nematode grazers: Effects on nutrient cycling and plant growth",publish,1985,Journal article,Dr. Elaine's publications,"bacteria, fungi, nematodes, nutrient cycling, plant growth and yield","Ingham, R.E., J.A. Trofymow, E.R. Ingham and D.C. Coleman","Ecological Monographs, 55:119-140","Grows plants in soil with bacteria, fungi and the nematodes that graze on them, and reports that nematode grazing increased nitrogen available to plants and plant growth.","Students of the Soil Food Web approach, to read the study behind the idea that predators of microbes release nutrients for plants.",,https://scholar.google.com/citations?view_op=view_citation&hl=en&user=iOm3z4AAAAAJ&citation_for_view=iOm3z4AAAAAJ:RYcK_YlVTxYC,https://scholar.google.com/citations?view_op=view_citation&hl=en&user=iOm3z4AAAAAJ&citation_for_view=iOm3z4AAAAAJ:RYcK_YlVTxYC,,Greenhouse or pot trial,North America
,Review of the effects of twelve selected biocides on target and non-target soil organisms,publish,1985,Journal article,Dr. Elaine's publications,"pesticides and fumigants, review","Ingham, E.R.","Crop Protection, 4:3-32",Reviews published research on twelve biocides and their effects on both target organisms and other soil organisms.,"Farmers and advisors moving away from chemical inputs, to find one reference that gathers evidence on side effects in soil.",,https://scholar.google.com/citations?view_op=view_citation&hl=en&user=iOm3z4AAAAAJ&citation_for_view=iOm3z4AAAAAJ:L8Ckcad2t8MC,https://scholar.google.com/citations?view_op=view_citation&hl=en&user=iOm3z4AAAAAJ&citation_for_view=iOm3z4AAAAAJ:L8Ckcad2t8MC,,Review,Global
,Responses of microbial components of the rhizosphere to plant management strategies in a semiarid rangeland,publish,1985,Journal article,Dr. Elaine's publications,grasslands and rangelands,"Ingham, E.R., D.A. Klein and M.J. Trlica","Plant and Soil, 85:65-76",Compares microbes in the root zone under different plant management strategies on semiarid rangeland.,"Ranchers and land managers on dry grazing land, to see how management choices may change the life around plant roots.",,https://scholar.google.com/citations?view_op=view_citation&hl=en&user=iOm3z4AAAAAJ&citation_for_view=iOm3z4AAAAAJ:J_g5lzvAfSwC,https://scholar.google.com/citations?view_op=view_citation&hl=en&user=iOm3z4AAAAAJ&citation_for_view=iOm3z4AAAAAJ:J_g5lzvAfSwC,,Field study,North America
,"Manipulation of bacteria, fungi and protozoa by biocides in lodgepole pine forest soil microcosms: Effects on organism interactions and nitrogen mineralization",publish,1986,Journal article,Dr. Elaine's publications,"bacteria, fungi, protozoa, pesticides and fumigants, nutrient cycling, forests","Ingham, E.R., C. Cambardella and D.C. Coleman","Can. J. Soil Sci., 66:261-272","Uses biocides to remove bacteria, fungi or protozoa from lodgepole pine forest soil in microcosms and tracks the effects on organism interactions and nitrogen release.","Students of soil ecology, to learn what each major organism group contributes to the nitrogen that plants depend on.",,https://scholar.google.com/citations?view_op=view_citation&hl=en&user=iOm3z4AAAAAJ&citation_for_view=iOm3z4AAAAAJ:ZHo1McVdvXMC,https://scholar.google.com/citations?view_op=view_citation&hl=en&user=iOm3z4AAAAAJ&citation_for_view=iOm3z4AAAAAJ:ZHo1McVdvXMC,,Lab study,North America
,Filter-out grazers (FOG): A filtration experiment for separating protozoan grazers in soil,publish,1985,Journal article,Dr. Elaine's publications,"protozoa, lab methods and microscopy","Frey, J.S., J.F. McClellan, E.R. Ingham and D.C. Coleman","Biol. Fert. Soils, 1:73-79",Describes a filtration method that separates protozoa from other soil organisms so their grazing effects can be studied on their own.,"Researchers and advanced students, to learn a lab technique for isolating protozoa in experiments.",,https://scholar.google.com/citations?view_op=view_citation&hl=en&user=iOm3z4AAAAAJ&citation_for_view=iOm3z4AAAAAJ:b0M2c_1WBrUC,https://scholar.google.com/citations?view_op=view_citation&hl=en&user=iOm3z4AAAAAJ&citation_for_view=iOm3z4AAAAAJ:b0M2c_1WBrUC,,Method,North America
,"Trophic interactions and nitrogen cycling in a semiarid grassland soil. Part I. Seasonal dynamics of the natural populations, their interactions and effects on nitrogen cycling",publish,1986,Journal article,Dr. Elaine's publications,"nutrient cycling, grasslands and rangelands, soil food web","Ingham, E.R., J.A. Trofymow, R.N. Ames, H.W. Hunt, C.R. Morley, J.C. Moore and D.C. Coleman","J. Applied Ecology, 23:597-614",Follows natural populations of soil organisms through the seasons in a semiarid grassland and links their feeding interactions to nitrogen cycling.,"Growers planning when to add compost or extracts, to understand how soil life and nutrient release change through the year.",,https://scholar.google.com/citations?view_op=view_citation&hl=en&user=iOm3z4AAAAAJ&citation_for_view=iOm3z4AAAAAJ:u5HHmVD_uO8C,https://scholar.google.com/citations?view_op=view_citation&hl=en&user=iOm3z4AAAAAJ&citation_for_view=iOm3z4AAAAAJ:u5HHmVD_uO8C,,Field study,North America
,Trophic interactions and nitrogen cycling in a semiarid grassland soil. Part II. System responses to removal of different groups of soil microbes or fauna,publish,1986,Journal article,Dr. Elaine's publications,"nutrient cycling, grasslands and rangelands, soil food web","Ingham, E.R., J.A. Trofymow, R.N. Ames, H.W. Hunt, C.R. Morley, J.C. Moore and D.C. Coleman","J. Applied Ecology, 23:615-630",Removes different groups of soil microbes or animals from grassland soil and measures how nitrogen cycling responds in the remaining system.,"Students and consultants, to see experimental support for why a complete soil food web helps supply plant nutrients.",,https://scholar.google.com/citations?view_op=view_citation&hl=en&user=iOm3z4AAAAAJ&citation_for_view=iOm3z4AAAAAJ:CHSYGLWDkRkC,https://scholar.google.com/citations?view_op=view_citation&hl=en&user=iOm3z4AAAAAJ&citation_for_view=iOm3z4AAAAAJ:CHSYGLWDkRkC,,Field study,North America
,The detrital food web in a short grass prairie,publish,1987,Journal article,Dr. Elaine's publications,"nutrient cycling, grasslands and rangelands, soil food web","Hunt, H.W., D.C. Coleman, E.R. Ingham, R.E. Ingham, E.T. Elliott, J.C. Moore, C.P.P. Reid and C.R. Morley","Biol. Fert. Soils, 3:57-68",Builds a food web model of the organisms that break down dead plant material in a shortgrass prairie and estimates nitrogen flow through each group.,"Anyone learning the Soil Food Web approach, to study the classic food web diagram that much of the field builds on.",,https://scholar.google.com/citations?view_op=view_citation&hl=en&user=iOm3z4AAAAAJ&citation_for_view=iOm3z4AAAAAJ:9ZlFYXVOiuMC,https://scholar.google.com/citations?view_op=view_citation&hl=en&user=iOm3z4AAAAAJ&citation_for_view=iOm3z4AAAAAJ:9ZlFYXVOiuMC,,Field study,North America
,"Inter- and intraspecific feeding selectivity of Folsomia candida (Willem) (Collembola, Isotomidae) on fungi: Method development and ecological consequences",publish,1987,Journal article,Dr. Elaine's publications,"fungi, soil arthropods, lab methods and microscopy","Moore, J.C., E.R. Ingham and D.C. Coleman","Biol. Fert. Soils, 5:6-12",Tests which fungi the springtail Folsomia candida chooses to eat and develops a method for measuring these feeding preferences.,"Students of soil ecology, to learn how small soil animals may influence which fungi grow in a soil.",,https://scholar.google.com/citations?view_op=view_citation&hl=en&user=iOm3z4AAAAAJ&citation_for_view=iOm3z4AAAAAJ:D03iK_w7-QYC,https://scholar.google.com/citations?view_op=view_citation&hl=en&user=iOm3z4AAAAAJ&citation_for_view=iOm3z4AAAAAJ:D03iK_w7-QYC,,Lab study,North America
,"Bacterial, fungal and protozoan responses to chloroform fumigation in stored prairie soil",publish,1987,Journal article,Dr. Elaine's publications,"bacteria, fungi, protozoa, pesticides and fumigants, grasslands and rangelands","Ingham, E.R. and K.A. Horton","Soil Biol. Biochem., 19:545-550","Measures how bacteria, fungi and protozoa in stored prairie soil respond to chloroform fumigation.","Lab techs and researchers, to read fumigation-based biomass results with the right caution.",,https://scholar.google.com/citations?view_op=view_citation&hl=en&user=iOm3z4AAAAAJ&citation_for_view=iOm3z4AAAAAJ:hC7cP41nSMkC,https://scholar.google.com/citations?view_op=view_citation&hl=en&user=iOm3z4AAAAAJ&citation_for_view=iOm3z4AAAAAJ:hC7cP41nSMkC,,Lab study,North America
,"Carbon, nitrogen, phosphorus and sulfur cycling in terrestrial ecosystems",publish,1988,Journal article,Dr. Elaine's publications,"nutrient cycling, soil carbon","Coleman, D.C. and E.R. Ingham","Biogeochemistry, 5:3-6","An introduction to a journal issue on how carbon, nitrogen, phosphorus and sulfur move through land ecosystems.","Students new to soil science, to get a compact overview of the nutrient cycles that soil organisms help drive.",,https://doi.org/10.1007/BF02180315,https://doi.org/10.1007/BF02180315,,Review,Global
,"Nitrogen limitation of production and decomposition in prairie, mountain meadow, and pine forest",publish,1988,Journal article,Dr. Elaine's publications,"nutrient cycling, decomposition, plant growth and yield, forests, grasslands and rangelands","Hunt, H.W., E.R. Ingham, D.C. Coleman, E.T. Elliott and C.P.P. Reid","Ecology, 69:1009-1016","Compares prairie, mountain meadow and pine forest to examine how nitrogen supply limits plant production and decomposition.","Land managers, to understand why plant growth and decomposition may slow where nitrogen is scarce.",,https://scholar.google.com/citations?view_op=view_citation&hl=en&user=iOm3z4AAAAAJ&citation_for_view=iOm3z4AAAAAJ:LkGwnXOMwfcC,https://scholar.google.com/citations?view_op=view_citation&hl=en&user=iOm3z4AAAAAJ&citation_for_view=iOm3z4AAAAAJ:LkGwnXOMwfcC,,Field study,North America
,Early patterns of heterotroph activity in conifer logs,publish,1988,Journal article,Dr. Elaine's publications,"bacteria, fungi, decomposition, forests","Carpenter, S.E., M.E. Harmon, E.R. Ingham, R.G. Kelsey, J.D. Lattin and T.D. Schowalter","Proc. Roy. Soc. Edinburgh, 94B:33-43","Follows the early activity of fungi, bacteria and insects that colonize and begin decomposing fallen conifer logs.","Foresters and anyone managing woody debris, to learn how the breakdown of fallen wood begins.",,https://scholar.google.com/citations?view_op=view_citation&hl=en&user=iOm3z4AAAAAJ&citation_for_view=iOm3z4AAAAAJ:mB3voiENLucC,https://scholar.google.com/citations?view_op=view_citation&hl=en&user=iOm3z4AAAAAJ&citation_for_view=iOm3z4AAAAAJ:mB3voiENLucC,,Field study,North America
,Social and economic concerns with respect to the choice of critical terrestrial ecosystems,publish,1988,Technical report,Dr. Elaine's publications,policy and soil security,"Ingham, E.R., M.V. Wilson and C.D. McIntire",USEPA,A U.S. EPA report discussing the social and economic factors in choosing which land ecosystems to treat as critical for protection.,"Readers working on soil and land policy, to see how science and social priorities meet when deciding which land to protect.",,,,,Report or guide,North America
,Interactions between soil animals and ectomycorrhizal fungal mats,publish,1988,Journal article,Dr. Elaine's publications,"fungi, mycorrhizal fungi, soil arthropods, forests","Cromack, K., Jr., B.L. Fichter, A.M. Moldenke, J.A. Entry and E.R. Ingham","Agric. Ecosyst. Environ., 24:161-168",Studies how soil animals interact with dense mats of ectomycorrhizal fungi in forest soils.,"Foresters, to learn about fungal mats, hotspots of soil life that help forest trees take up nutrients.",,https://scholar.google.com/citations?view_op=view_citation&hl=en&user=iOm3z4AAAAAJ&citation_for_view=iOm3z4AAAAAJ:xtRiw3GOFMkC,https://scholar.google.com/citations?view_op=view_citation&hl=en&user=iOm3z4AAAAAJ&citation_for_view=iOm3z4AAAAAJ:xtRiw3GOFMkC,,Field study,North America
,"An analysis of food-web structure and function in a shortgrass prairie, a mountain meadow, and a lodgepole pine forest",publish,1989,Journal article,Dr. Elaine's publications,"forests, grasslands and rangelands, soil food web","Ingham, E.R., D.C. Coleman and J.C. Moore","Biol. Fertil. Soils, 8:29-37","Compares the structure and function of soil food webs in a shortgrass prairie, a mountain meadow and a lodgepole pine forest.","Growers and consultants, to learn why the target fungal to bacterial balance may depend on the plants being grown.",,https://scholar.google.com/citations?view_op=view_citation&hl=en&user=iOm3z4AAAAAJ&citation_for_view=iOm3z4AAAAAJ:RGFaLdJalmkC,https://scholar.google.com/citations?view_op=view_citation&hl=en&user=iOm3z4AAAAAJ&citation_for_view=iOm3z4AAAAAJ:RGFaLdJalmkC,,Field study,North America
,Use of staining and inhibitors to separate fungal and bacterial activity in soil,publish,1990,Journal article,Dr. Elaine's publications,"bacteria, fungi, lab methods and microscopy","Stamatiadis, S., J.W. Doran and E.R. Ingham","Soil Biol. Biochem., 22:81-88",Tests stains and chemical inhibitors as a way to separate fungal activity from bacterial activity in soil samples.,"Lab techs and students, to learn methods behind measuring the fungal to bacterial balance.",,https://scholar.google.com/citations?view_op=view_citation&hl=en&user=iOm3z4AAAAAJ&citation_for_view=iOm3z4AAAAAJ:pyW8ca7W8N0C,https://scholar.google.com/citations?view_op=view_citation&hl=en&user=iOm3z4AAAAAJ&citation_for_view=iOm3z4AAAAAJ:pyW8ca7W8N0C,,Method,North America
,"Seasonal and faunal effects on decomposition in semiarid prairie, meadow and lodgepole pine forest",publish,1990,Journal article,Dr. Elaine's publications,"soil arthropods, decomposition, forests, grasslands and rangelands","Coleman, D.C., E.R. Ingham, H.W. Hunt, E.T. Elliott, C.P.P. Reid and J.C. Moore","Pedobiologia, 34:207-219","Compares decomposition in prairie, meadow and pine forest across seasons, with and without soil animals present.","Growers building organic matter, to see how soil animals may affect how fast plant residues break down.",,https://scholar.google.com/citations?view_op=view_citation&hl=en&user=iOm3z4AAAAAJ&citation_for_view=iOm3z4AAAAAJ:f2IySw72cVMC,https://scholar.google.com/citations?view_op=view_citation&hl=en&user=iOm3z4AAAAAJ&citation_for_view=iOm3z4AAAAAJ:f2IySw72cVMC,,Field study,North America
,Comparison of direct versus fumigation incubation microbial biomass estimates in ectomycorrhizal mat and non-mat soils,publish,1991,Journal article,Dr. Elaine's publications,"fungi, mycorrhizal fungi, pesticides and fumigants, lab methods and microscopy","Ingham, E.R., R. Griffiths, K. Cromack and J.A. Entry","Soil Biol. Biochem., 23:465-471",Compares direct microscope counts with the fumigation-incubation method for estimating microbial biomass in soils with and without fungal mats.,"Anyone choosing a soil test, to understand why different lab methods may give different microbial numbers.",,https://scholar.google.com/citations?view_op=view_citation&hl=en&user=iOm3z4AAAAAJ&citation_for_view=iOm3z4AAAAAJ:iH-uZ7U-co4C,https://scholar.google.com/citations?view_op=view_citation&hl=en&user=iOm3z4AAAAAJ&citation_for_view=iOm3z4AAAAAJ:iH-uZ7U-co4C,,Method,North America
,A comparison of agar film techniques for estimating fungal biovolumes in litter and soil,publish,1991,Journal article,Dr. Elaine's publications,"fungi, decomposition, lab methods and microscopy","Lodge, D.J. and E.R. Ingham","Agric. Ecosyst. Environ., 34:131-144",Compares agar film techniques for estimating how much fungus is present in leaf litter and soil.,"Lab techs and students of soil microscopy, to compare the direct methods used to measure fungi.",,https://scholar.google.com/citations?view_op=view_citation&hl=en&user=iOm3z4AAAAAJ&citation_for_view=iOm3z4AAAAAJ:M3NEmzRMIkIC,https://scholar.google.com/citations?view_op=view_citation&hl=en&user=iOm3z4AAAAAJ&citation_for_view=iOm3z4AAAAAJ:M3NEmzRMIkIC,,Method,North America
,Microbial characteristics of ectomycorrhizal mat communities in Oregon and California,publish,1991,Journal article,Dr. Elaine's publications,"fungi, mycorrhizal fungi, forests","Griffiths, R.P., E.R. Ingham, B.A. Caldwell, M.A. Castellano and K. Cromack, Jr.","Biology and Fertility of Soils, 11:196-202",Describes the microbial characteristics of ectomycorrhizal fungal mat communities in forests in Oregon and California.,"Foresters and researchers, to get a detailed look at the microbes in these forest soil hotspots.",,https://scholar.google.com/citations?view_op=view_citation&hl=en&user=iOm3z4AAAAAJ&citation_for_view=iOm3z4AAAAAJ:5nxA0vEk-isC,https://scholar.google.com/citations?view_op=view_citation&hl=en&user=iOm3z4AAAAAJ&citation_for_view=iOm3z4AAAAAJ:5nxA0vEk-isC,,Field study,North America
,Reduction of microbial and faunal groups following application of streptomycin and captan in Georgia no-tillage agroecosystems,publish,1991,Journal article,Dr. Elaine's publications,"fungi, soil arthropods, cover crops and tillage, pesticides and fumigants, farms and crops","Ingham, E.R., D.C. Coleman, R. Parmelee and D.A. Crossley","Pedobiologia, 35:297-304",Reports reductions in microbial and soil animal groups after the antibiotic streptomycin and the fungicide captan were applied to no-tillage fields in Georgia.,"No-till farmers, to see evidence that chemical inputs may reduce soil life even after tillage has stopped.",,https://scholar.google.com/citations?view_op=view_citation&hl=en&user=iOm3z4AAAAAJ&citation_for_view=iOm3z4AAAAAJ:ULOm3_A8WrAC,https://scholar.google.com/citations?view_op=view_citation&hl=en&user=iOm3z4AAAAAJ&citation_for_view=iOm3z4AAAAAJ:ULOm3_A8WrAC,,Field study,North America
,Decomposition of fallen trees: Effects of initial conditions and heterotroph colonization rates,publish,1992,Book chapter,Dr. Elaine's publications,"decomposition, forests","Schowalter, T.D., B.A. Caldwell, S.E. Carpenter, R.P. Griffiths, M.E. Harmon, E.R. Ingham, R.G. Kelsey, J.D. Lattin and A.R. Moldenke","Pages 373-383 in K.P. Singh and J.S. Singh (eds), Tropical Ecosystems: Ecology and Management. Wiley Eastern, New Delhi",Examines how the starting condition of fallen trees and the rate at which organisms colonize them affect decomposition.,"Foresters, to learn which factors influence how quickly fallen trees return nutrients to the soil.",,https://andrewsforest.oregonstate.edu/sites/default/files/lter/pubs/pdf/pub1122.pdf,https://andrewsforest.oregonstate.edu/sites/default/files/lter/pubs/pdf/pub1122.pdf,,Field study,North America
,The functional significance and regulation of soil biodiversity: An executive summary of the Soil Ecology Society meeting,publish,1993,Magazine article,Dr. Elaine's publications,"soil biodiversity, policy and soil security","Ingham, E.R.","Soil Ecology Society Newsletter, 5:2-9",A newsletter summary of a Soil Ecology Society meeting on the functional importance of soil biodiversity and what regulates it.,"Newcomers to soil ecology, to get a short overview of why researchers consider soil biodiversity important.",,,,,Article or commentary,North America
,The sustainable biosphere initiative: A commentary from the U.S. Soil Ecology Society,publish,1993,Journal article,Dr. Elaine's publications,"lab methods and microscopy, policy and soil security","Klopatek, C.C., E.G. O'Neill, D.W. Freckman, C.D. Bledsoe, D.A. Coleman, D.A. Crossley, Jr., E.R. Ingham, D. Parkinson and J.M. Klopatek","Bulletin of the Ecological Society of America, 73:223-228",A commentary from the U.S. Soil Ecology Society on how soil ecology research should fit into a national agenda for a sustainable biosphere.,"Readers working on soil policy, to see how soil scientists argued for including soil life in sustainability planning.",,https://www.jstor.org/stable/20167377,https://www.jstor.org/stable/20167377,,Article or commentary,North America
,Population responses of target and non-target forest-soil organisms to selected biocides,publish,1994,Journal article,Dr. Elaine's publications,"pesticides and fumigants, forests","Colinas, C., E. Ingham and R. Molina","Soil Biol. Biochem., 26:41-47",Tests how target and non-target organisms in forest soil respond to selected biocides.,"Foresters weighing chemical treatments, to review evidence on effects beyond the intended targets.",,https://scholar.google.com/citations?view_op=view_citation&hl=en&user=iOm3z4AAAAAJ&citation_for_view=iOm3z4AAAAAJ:g5m5HwL7SMYC,https://scholar.google.com/citations?view_op=view_citation&hl=en&user=iOm3z4AAAAAJ&citation_for_view=iOm3z4AAAAAJ:g5m5HwL7SMYC,,Lab study,North America
,Soil organisms and forest health,publish,1994,Magazine article,Dr. Elaine's publications,forests,"Ingham, E.R.","Headwaters Journal, Spring:12-15",A general-audience article on the roles soil organisms play in keeping forests healthy.,"Readers without a science background, to get an accessible introduction to forest soil life.",,,,,Article or commentary,North America
,"Use of sulfamethoxazole-penicillin, oxytetracycline, carbofuran, carbaryl, naphthalene and Temik to remove key organism groups in soil in a corn agroecosystem",publish,1994,Journal article,Dr. Elaine's publications,"pesticides and fumigants, pest suppression, farms and crops","Coleman, D.C., D.A. Crossley, Jr. and E.R. Ingham","J. Sustain. Agric., 4(3):7-30",Uses specific antibiotics and pesticides to remove key organism groups from soil in a corn field and tracks the effects.,"Crop farmers, to learn what different soil organism groups may contribute in a working field.",,https://scholar.google.com/citations?view_op=view_citation&hl=en&user=iOm3z4AAAAAJ&citation_for_view=iOm3z4AAAAAJ:EUQCXRtRnyEC,https://scholar.google.com/citations?view_op=view_citation&hl=en&user=iOm3z4AAAAAJ&citation_for_view=iOm3z4AAAAAJ:EUQCXRtRnyEC,,Field study,North America
,Protozoan communities around conifer roots colonized by ectomycorrhizal fungi,publish,1994,Journal article,Dr. Elaine's publications,"fungi, mycorrhizal fungi, protozoa, forests","Ingham, E.R. and H. Massicotte","Mycorrhiza, 5:53-61",Describes protozoan communities in the soil around conifer roots colonized by ectomycorrhizal fungi.,"Students of soil ecology, to learn how protozoa fit into the root zone food web that helps feed trees.",,https://scholar.google.com/citations?view_op=view_citation&hl=en&user=iOm3z4AAAAAJ&citation_for_view=iOm3z4AAAAAJ:roLk4NBRz8UC,https://scholar.google.com/citations?view_op=view_citation&hl=en&user=iOm3z4AAAAAJ&citation_for_view=iOm3z4AAAAAJ:roLk4NBRz8UC,,Field study,North America
,"Assessing interactions between the soil foodweb and a strain of Pseudomonas putida genetically engineered to degrade 2,4-D",publish,1995,Journal article,Dr. Elaine's publications,"bacteria, pesticides and fumigants, engineered microbes, soil food web","Ingham, E.R., J.D. Doyle and C.W. Hendricks","Applied Soil Ecology, 2:263-274","Tests interactions between the soil food web and a Pseudomonas putida strain genetically engineered to break down the herbicide 2,4-D.","Readers following debates on engineered microbes, to see an early study of their possible effects on soil life.",,https://scholar.google.com/citations?view_op=view_citation&hl=en&user=iOm3z4AAAAAJ&citation_for_view=iOm3z4AAAAAJ:2P1L_qKh6hAC,https://scholar.google.com/citations?view_op=view_citation&hl=en&user=iOm3z4AAAAAJ&citation_for_view=iOm3z4AAAAAJ:2P1L_qKh6hAC,,Lab study,North America
,Soil protozoa,publish,1995,Journal article,Dr. Elaine's publications,"protozoa, nutrient cycling, soil food web, review","Ingham, E.R.","Soil Science, 159(4):281-282","A short review of a book on soil protozoa, discussing their role in food webs and nitrogen release.","Students, to get a brief introduction to the single-celled grazers that release nutrients from bacteria.",,https://scholar.google.com/citations?view_op=view_citation&hl=en&user=iOm3z4AAAAAJ&citation_for_view=iOm3z4AAAAAJ:eQOLeE2rZwMC,https://scholar.google.com/citations?view_op=view_citation&hl=en&user=iOm3z4AAAAAJ&citation_for_view=iOm3z4AAAAAJ:eQOLeE2rZwMC,,Review,Global
,Foundations of biodiversity in managed Douglas-fir forests,publish,1996,Conference proceedings,Dr. Elaine's publications,"plant growth and yield, forests, soil biodiversity","Carey, A.B., D.R. Thysell, L.J. Villa, T.M. Wilson, S.M. Wilson, J.M. Trappe, W. Colgan, E.R. Ingham and M. Holmes","In: Peterson, D.L. and C.V. Klimas (eds), The role of restoration in the ecosystem. Proceedings of the 2nd Symposium for Ecological Restoration. Madison, WI: Society for Ecological Restoration, 68-82","Describes a study on managing second-growth Douglas-fir forests to develop the biodiversity of older forests, including soil organisms.","Forest managers, to learn approaches for building biodiversity back into managed forests.",,https://scholar.google.com/citations?view_op=view_citation&hl=en&user=iOm3z4AAAAAJ&citation_for_view=iOm3z4AAAAAJ:0EnyYjriUFMC,https://scholar.google.com/citations?view_op=view_citation&hl=en&user=iOm3z4AAAAAJ&citation_for_view=iOm3z4AAAAAJ:0EnyYjriUFMC,,Field study,North America
,Responses of soil foodweb organisms in the first year following clearcutting and application of chloropicrin to control laminated root rot,publish,1996,Journal article,Dr. Elaine's publications,"fungi, pesticides and fumigants, forests, soil food web","Ingham, E.R. and W.G. Thies","Applied Soil Ecol., 3:35-47","Compares soil food web organisms in a clearcut and an uncut Douglas-fir forest, and after chloropicrin was applied to stumps, reporting large drops in fungal biomass within a year.","Foresters planning replanting after root rot, to understand how clearcutting and fumigation may set back soil life.",,https://scholar.google.com/citations?view_op=view_citation&hl=en&user=iOm3z4AAAAAJ&citation_for_view=iOm3z4AAAAAJ:kNdYIx-mwKoC,https://scholar.google.com/citations?view_op=view_citation&hl=en&user=iOm3z4AAAAAJ&citation_for_view=iOm3z4AAAAAJ:kNdYIx-mwKoC,,Field study,North America
,Soil biology and ecology,publish,1997,Book chapter,Dr. Elaine's publications,review,"Rygiewicz, P.T. and E.R. Ingham","In Fairbridge, R.W. and D.E. Alexander (eds), Encyclopedia of Environmental Science. Van Nostrand Reinhold, NY",An encyclopedia entry giving an overview of soil biology and ecology.,"Students new to soil biology, to get a short reference overview of the field.",,https://link.springer.com/referencework/10.1007/1-4020-4494-1,https://link.springer.com/referencework/10.1007/1-4020-4494-1,,Review,Global
,Conventional and organic alternatives to methyl bromide on California strawberries: Effect of Brassica residues and spent mushroom compost following successive chemical fumigation,publish,1997,Journal article,Dr. Elaine's publications,"compost, pesticides and fumigants, farms and crops, horticulture and nurseries","Sances, F.V. and E.R. Ingham","Compost Science and Utilization, 5:23-37","Compares methyl bromide with chemical and organic alternatives, including broccoli residues and mushroom compost, in a commercial California strawberry field.","Strawberry and vegetable growers, to see early field data on biological alternatives to soil fumigation, including the trade-offs in weeds and yield.",,https://scholar.google.com/citations?view_op=view_citation&hl=en&user=iOm3z4AAAAAJ&citation_for_view=iOm3z4AAAAAJ:M05iB0D1s5AC,https://scholar.google.com/citations?view_op=view_citation&hl=en&user=iOm3z4AAAAAJ&citation_for_view=iOm3z4AAAAAJ:M05iB0D1s5AC,,Field study,North America
,Chemistry and microbial activity of forest and pasture riparian-zone soils along three Pacific Northwest streams,publish,1997,Journal article,Dr. Elaine's publications,"fungi, nutrient cycling, soil carbon, forests, wetlands and streams","Griffiths, R.P., J.A. Entry, E.R. Ingham and W.H. Emmingham","Plant and Soil, 190:169-178","Compares forest and pasture soils along three Pacific Northwest streams and reports more carbon, nutrients and fungal biomass in the forest soils.","Farmers and land managers near streams, to see evidence on how forested buffer strips may protect water quality.",,https://scholar.google.com/citations?view_op=view_citation&hl=en&user=iOm3z4AAAAAJ&citation_for_view=iOm3z4AAAAAJ:SeFeTyx0c_EC,https://scholar.google.com/citations?view_op=view_citation&hl=en&user=iOm3z4AAAAAJ&citation_for_view=iOm3z4AAAAAJ:SeFeTyx0c_EC,,Field study,North America
,Changes in rhizosphere microflora and microfauna 10 years following Douglas-fir live tree injection with chloropicrin or methylisothiocyanate,publish,1997,Journal article,Dr. Elaine's publications,"soil arthropods, pesticides and fumigants, forests","Ingham, E.R. and W. Thies","Can. J. For. Res., 27:724-731",Measures root zone microbes and microfauna ten years after Douglas-fir trees were injected with chloropicrin or methylisothiocyanate.,"Foresters, to learn how long the effects of fumigant injection may last in soil.",,https://scholar.google.com/citations?view_op=view_citation&hl=en&user=iOm3z4AAAAAJ&citation_for_view=iOm3z4AAAAAJ:qxL8FJ1GzNcC,https://scholar.google.com/citations?view_op=view_citation&hl=en&user=iOm3z4AAAAAJ&citation_for_view=iOm3z4AAAAAJ:qxL8FJ1GzNcC,,Field study,North America
,"Soil foodweb structure and function in forests: A comparison of conifer, deciduous, riparian and managed forests",publish,1997,Conference proceedings,Dr. Elaine's publications,"forests, wetlands and streams, soil food web","Ingham, E.R.",Proceedings of the IUFRO Interdisciplinary Uneven-aged Management Symposium,"Compares soil food web structure and function in conifer, deciduous, riparian and managed forests.","Foresters and consultants, to match soil biology goals to the type of forest.",,https://scholar.google.com/citations?view_op=view_citation&hl=en&user=iOm3z4AAAAAJ&citation_for_view=iOm3z4AAAAAJ:IjCSPb-OGe4C,https://scholar.google.com/citations?view_op=view_citation&hl=en&user=iOm3z4AAAAAJ&citation_for_view=iOm3z4AAAAAJ:IjCSPb-OGe4C,,Field study,North America
,Foodweb methodology to assess ecological effects of anthropogenic stressors in soil,publish,1998,Journal article,Dr. Elaine's publications,"remediation, soil food web, lab methods and microscopy","Hendricks, C.W., M.T. Holmes and E.R. Ingham","Trends in Soil Science, 2:181-189",Describes how soil food web measurements can be used to detect the ecological effects of pollution and other human stresses on soil.,"Environmental consultants, to learn how soil life can serve as an indicator of soil damage.",,https://scholar.google.com/citations?view_op=view_citation&hl=en&user=iOm3z4AAAAAJ&citation_for_view=iOm3z4AAAAAJ:d1gkVwhDpl0C,https://scholar.google.com/citations?view_op=view_citation&hl=en&user=iOm3z4AAAAAJ&citation_for_view=iOm3z4AAAAAJ:d1gkVwhDpl0C,,Method,Global
,Ectomycorrhizae establishment on Douglas-fir seedlings following chloropicrin treatment to control laminated-root rot disease: Assessment 4 and 5 years after outplanting,publish,1998,Journal article,Dr. Elaine's publications,"fungi, mycorrhizal fungi, pesticides and fumigants, plant growth and yield, horticulture and nurseries, forests","Massicotte, H.B., L.E. Tackaberry, E.R. Ingham and W.G. Thies","Appl. Soil Ecol., 10:117-126",Assesses ectomycorrhizal fungi on Douglas-fir seedlings four and five years after soil was treated with chloropicrin to control laminated root rot.,"Tree nurseries and replanting crews, to see whether mycorrhizal partners return after fumigation.",,https://scholar.google.com/citations?view_op=view_citation&hl=en&user=iOm3z4AAAAAJ&citation_for_view=iOm3z4AAAAAJ:9yKSN-GCB0IC,https://scholar.google.com/citations?view_op=view_citation&hl=en&user=iOm3z4AAAAAJ&citation_for_view=iOm3z4AAAAAJ:9yKSN-GCB0IC,,Field study,North America
,Sustainable agriculture and the ecology of soil,publish,1998,Journal article,Dr. Elaine's publications,"farms and crops, lab methods and microscopy, policy and soil security","Ingham, E.R. and J. Barlow","Perspectives on Business and Global Change, 12:31-42",A paper for a business and policy audience on the links between soil ecology and sustainable agriculture.,"Readers making the case for regenerative farming to investors or policymakers, to find arguments framed for that audience.",,,,,Article or commentary,North America
,Soil organisms and their role in healthy turf,publish,1998,Magazine article,Dr. Elaine's publications,"nutrient cycling, horticulture and nurseries","Ingham, E.R.","Turf Grass Trends, 7:1-6",A trade magazine article for turf managers explaining how soil organisms supply nutrients and support healthy turf.,"Turf and golf course managers, to understand how a living soil can reduce their reliance on fertiliser.",,https://scholar.google.com/citations?view_op=view_citation&hl=en&user=iOm3z4AAAAAJ&citation_for_view=iOm3z4AAAAAJ:70eg2SAEIzsC,https://scholar.google.com/citations?view_op=view_citation&hl=en&user=iOm3z4AAAAAJ&citation_for_view=iOm3z4AAAAAJ:70eg2SAEIzsC,,Article or commentary,Global
,Soil view: Anaerobic bacteria and compost tea,publish,1998,Magazine article,Dr. Elaine's publications,"bacteria, compost, compost tea and extracts","Ingham, E.R.","BioCycle, 39(6):86",A short magazine column on why anaerobic bacteria can appear in compost tea and why that matters.,"Compost tea brewers, to understand why keeping tea well aerated matters for the organisms in it.",,https://scholar.google.com/citations?view_op=view_citation&hl=en&user=iOm3z4AAAAAJ&citation_for_view=iOm3z4AAAAAJ:p2g8aNsByqUC,https://scholar.google.com/citations?view_op=view_citation&hl=en&user=iOm3z4AAAAAJ&citation_for_view=iOm3z4AAAAAJ:p2g8aNsByqUC,,Article or commentary,Global
,Effects of Klebsiella planticola SDF20 on soil biota and wheat growth in sandy soil,publish,1999,Journal article,Dr. Elaine's publications,"bacteria, nematodes, engineered microbes, plant growth and yield, farms and crops","Holmes, M.T., E.R. Ingham, J.D. Doyle and C.W. Hendricks","Appl. Soil Ecol., 11:67-78",Adds a genetically engineered Klebsiella planticola strain to sandy soil with wheat and reports changes in nematodes that coincided with the death of the wheat plants.,"Readers following debates on engineered microbes, to read a widely cited study on their possible risks to crops and soil life.",,https://scholar.google.com/citations?view_op=view_citation&hl=en&user=iOm3z4AAAAAJ&citation_for_view=iOm3z4AAAAAJ:4OULZ7Gr8RgC,https://scholar.google.com/citations?view_op=view_citation&hl=en&user=iOm3z4AAAAAJ&citation_for_view=iOm3z4AAAAAJ:4OULZ7Gr8RgC,,Lab study,North America
,The mycorrhizal colonization of six wetland plant species at sites differing in land use history,publish,1999,Journal article,Dr. Elaine's publications,"mycorrhizal fungi, wetlands and streams","Ingham, E.R. and M.V. Wilson","Mycorrhiza, 9(4):233-235",Measures mycorrhizal colonization in six wetland plant species at sites with different histories of land use.,"People restoring wetlands, to learn how past land use may affect plant partnerships with fungi.",,https://scholar.google.com/citations?view_op=view_citation&hl=en&user=iOm3z4AAAAAJ&citation_for_view=iOm3z4AAAAAJ:Y0pCki6q_DkC,https://scholar.google.com/citations?view_op=view_citation&hl=en&user=iOm3z4AAAAAJ&citation_for_view=iOm3z4AAAAAJ:Y0pCki6q_DkC,,Field study,North America
,Dynamics of soil fungal and bacterial biomass in a temperate climate alley cropping system,publish,1999,Journal article,Dr. Elaine's publications,"bacteria, fungi, cover crops and tillage, farms and crops, forests","Seiter, S., E.R. Ingham and R.D. William","Appl. Soil Ecol., 12(2):139-147",Tracks fungal and bacterial biomass over time in an alley cropping system where crops grow between rows of trees.,"Agroforestry farmers, to see how trees in crop fields may shift the soil's fungal to bacterial balance.",,https://scholar.google.com/citations?view_op=view_citation&hl=en&user=iOm3z4AAAAAJ&citation_for_view=iOm3z4AAAAAJ:dfsIfKJdRG4C,https://scholar.google.com/citations?view_op=view_citation&hl=en&user=iOm3z4AAAAAJ&citation_for_view=iOm3z4AAAAAJ:dfsIfKJdRG4C,,Field study,North America
,"Compost tea, Part I & II",publish,1999,Magazine article,Dr. Elaine's publications,"compost, compost tea and extracts","Ingham, E.",BioCycle 40(3):74-75 (Part I) and 40(4):94 (Part II),A two-part magazine series by Dr. Ingham on what compost tea is and how to make it.,"Gardeners and growers starting out with compost tea, to get a practical introduction from Dr. Ingham.",,,,,Report or guide,Global
,"The Soil Biology Primer, Chapters 1-5: The Soil Foodweb; Soil Bacteria; Soil Fungi; Soil Protozoa; Soil Nematodes",publish,1999,USDA,Dr. Elaine's publications,"bacteria, fungi, protozoa, nematodes, soil food web","Ingham, E.R.","NRCS Soil Quality Institute, USDA","The USDA Soil Biology Primer, a free illustrated guide to the soil food web, bacteria, fungi, protozoa and nematodes.","Anyone new to soil biology, to get a clear, free introduction to the organisms covered in SFW courses.",,https://scholar.google.com/citations?view_op=view_citation&hl=en&user=iOm3z4AAAAAJ&citation_for_view=iOm3z4AAAAAJ:3s1wT3WcHBgC,https://scholar.google.com/citations?view_op=view_citation&hl=en&user=iOm3z4AAAAAJ&citation_for_view=iOm3z4AAAAAJ:3s1wT3WcHBgC,,Report or guide,North America
,Soil biology and ecology,publish,1999,Book chapter,Dr. Elaine's publications,review,"Rygiewicz, P.T. and E.R. Ingham","Environmental Geology, 564-568",An encyclopedia entry giving an overview of soil biology and ecology.,"Students new to soil biology, to get a short reference overview of the field.",,https://link.springer.com/referencework/10.1007/1-4020-4494-1,https://link.springer.com/referencework/10.1007/1-4020-4494-1,,Review,Global
,Brewing compost tea,publish,2000,Magazine article,Dr. Elaine's publications,"compost, compost tea and extracts","Ingham, E.R.","Kitchen Gardener, 29:16-19",A gardening magazine article explaining how to brew compost tea and use it as a foliar spray or soil drench.,"Home gardeners, to learn the basics of brewing and applying compost tea.",,https://scholar.google.com/citations?view_op=view_citation&hl=en&user=iOm3z4AAAAAJ&citation_for_view=iOm3z4AAAAAJ:_kc_bZDykSQC,https://scholar.google.com/citations?view_op=view_citation&hl=en&user=iOm3z4AAAAAJ&citation_for_view=iOm3z4AAAAAJ:_kc_bZDykSQC,,Report or guide,Global
,The Compost Tea Brewing Manual,publish,2000,Book,Dr. Elaine's publications,"compost, compost tea and extracts, lab methods and microscopy","Ingham, E.R.","Sustainable Studies Institute, Eugene, OR. 60 pp.","Dr. Ingham's manual on brewing compost tea, covering methods, equipment and the organisms a good tea should contain.","Compost tea brewers, to learn the full method from the original source.",,https://scholar.google.com/citations?view_op=view_citation&hl=en&user=iOm3z4AAAAAJ&citation_for_view=iOm3z4AAAAAJ:HoB7MX3m0LUC,https://scholar.google.com/citations?view_op=view_citation&hl=en&user=iOm3z4AAAAAJ&citation_for_view=iOm3z4AAAAAJ:HoB7MX3m0LUC,,Report or guide,Global
,The functional roles of forest soil arthropods: The soil is a lively place,publish,2000,Conference proceedings,Dr. Elaine's publications,"soil arthropods, decomposition, forests","Moldenke, A., M. Pajutee and E. Ingham","Proceedings of the California Forest Soils Council Conference on Forest Soils Biology and Forest Management. USDA Forest Service, Pacific Southwest Research Station, Gen. Tech. Rep. PSW-GTR-178, pages 7-22","Describes how forest soil arthropods shred leaf litter and feed on microbes, and how forest management can change these communities.","Foresters and students, to understand the role of small soil animals in recycling nutrients.",,https://scholar.google.com/citations?view_op=view_citation&hl=en&user=iOm3z4AAAAAJ&citation_for_view=iOm3z4AAAAAJ:e5wmG9Sq2KIC,https://scholar.google.com/citations?view_op=view_citation&hl=en&user=iOm3z4AAAAAJ&citation_for_view=iOm3z4AAAAAJ:e5wmG9Sq2KIC,,Review,North America
,Micronized compost and microbial life in compost,publish,2001,Magazine article,Dr. Elaine's publications,compost,"Ingham, E.R.","BioCycle, 42(7):58","A magazine column on what happens to compost organisms when compost is ground to very fine particles, and how they recover.","Compost makers and buyers of fine compost products, to understand how processing may affect compost biology.",,https://scholar.google.com/citations?view_op=view_citation&hl=en&user=iOm3z4AAAAAJ&citation_for_view=iOm3z4AAAAAJ:BqipwSGYUEgC,https://scholar.google.com/citations?view_op=view_citation&hl=en&user=iOm3z4AAAAAJ&citation_for_view=iOm3z4AAAAAJ:BqipwSGYUEgC,,Article or commentary,Global
,Wildlife and the remediation of contaminated soils: Extending the analysis of ecological risks to habitat restoration,publish,2002,Book chapter,Dr. Elaine's publications,remediation,"Linder, G., G. Henderson and E. Ingham","Handbook of Ecotoxicology, 191-214",A handbook chapter on including wildlife and habitat restoration when assessing the ecological risks of contaminated soils.,"Environmental consultants working on contaminated land, to see how restoration fits into risk assessment.",,https://www.routledge.com/Handbook-of-Ecotoxicology/Hoffman-Rattner-BurtonJr-CairnsJr/p/book/9781566705462,https://www.routledge.com/Handbook-of-Ecotoxicology/Hoffman-Rattner-BurtonJr-CairnsJr/p/book/9781566705462,,Review,Global
,"Effect of cover crops and tillage system on symphylan (Symphlya: Scutigerella immaculata, Newport) and Pergamasus quisquiliarum Canestrini (Acari: Mesostigmata) populations, and other soil organisms in agricultural soils",publish,2002,Journal article,Dr. Elaine's publications,"soil arthropods, cover crops and tillage, pest suppression, farms and crops","Peachey, R.E., A. Moldenke, R.D. William, R. Berry, E. Ingham and E. Groth","Applied Soil Ecology, 21(1):59-70","Tests how cover crops and tillage affect the garden symphylan, a soil pest of vegetables, and other soil organisms in western Oregon.","Vegetable growers dealing with symphylans, to see which cover crops were linked to fewer pests.",,https://scholar.google.com/citations?view_op=view_citation&hl=en&user=iOm3z4AAAAAJ&citation_for_view=iOm3z4AAAAAJ:dhFuZR0502QC,https://scholar.google.com/citations?view_op=view_citation&hl=en&user=iOm3z4AAAAAJ&citation_for_view=iOm3z4AAAAAJ:dhFuZR0502QC,,Field study,North America
,Effects of compost amended container media on ornamental plant growth,publish,2004,Journal article,Dr. Elaine's publications,"compost, plant growth and yield, horticulture and nurseries","Highland, M.T.F., D.C. Sclar, E.R. Ingham, K.L. Gartley and J.E. Swasey","HortScience, 39(4):750C-750",A short conference abstract testing compost-amended container mixes on the growth of ornamental plants.,"Nurseries and container growers, to see early data on using compost in potting mixes.",,https://doi.org/10.21273/HORTSCI.39.4.750C,https://doi.org/10.21273/HORTSCI.39.4.750C,,Greenhouse or pot trial,North America
,The soil foodweb: soil and composts as living ecosystems,publish,2004,Conference proceedings,Dr. Elaine's publications,"compost, soil food web, soil biodiversity","Ingham, E.R. and M.D. Slaughter","First International Conference Soil and Compost Eco-Biology, León, Spain",A conference paper describing soil and compost as living ecosystems and the diversity of organisms in them.,"Compost makers and students of the Foundation Courses, to understand the thinking behind SFW compost methods.",,https://scholar.google.com/citations?view_op=view_citation&hl=en&user=iOm3z4AAAAAJ&citation_for_view=iOm3z4AAAAAJ:a0OBvERweLwC,https://scholar.google.com/citations?view_op=view_citation&hl=en&user=iOm3z4AAAAAJ&citation_for_view=iOm3z4AAAAAJ:a0OBvERweLwC,,Review,Global
,"Comparison of soil biota between organic and conventional agroecosystems in Oregon, USA",publish,2005,Journal article,Dr. Elaine's publications,farms and crops,"Wu, S.M., D.X. Hu and E.R. Ingham","Pedosphere, 15(3):395-403",Compares soil organisms on organic and conventional farms in Oregon.,"Farmers considering a switch to organic, to see how farming systems may differ in soil life.",,https://scholar.google.com/citations?view_op=view_citation&hl=en&user=iOm3z4AAAAAJ&citation_for_view=iOm3z4AAAAAJ:UebtZRa9Y70C,https://scholar.google.com/citations?view_op=view_citation&hl=en&user=iOm3z4AAAAAJ&citation_for_view=iOm3z4AAAAAJ:UebtZRa9Y70C,,Field study,North America
,A comparison of soil food webs beneath C3- and C4-dominated grasslands,publish,2008,Journal article,Dr. Elaine's publications,"bacteria, grasslands and rangelands, soil food web","Dornbush, M., C. Cambardella, E. Ingham and J. Raich","Biology and Fertility of Soils, 45(1):73-81","Compares soil food webs under C3 and C4 grass plantings over two years and reports higher bacterial biomass under C4 grasses, the opposite of what the researchers predicted.","Consultants and students, to see why it pays to measure a soil food web directly in each field.",,https://scholar.google.com/citations?view_op=view_citation&hl=en&user=iOm3z4AAAAAJ&citation_for_view=iOm3z4AAAAAJ:8k81kl-MbHgC,https://scholar.google.com/citations?view_op=view_citation&hl=en&user=iOm3z4AAAAAJ&citation_for_view=iOm3z4AAAAAJ:8k81kl-MbHgC,,Field study,North America
,Soil life in reconstructed ecosystems: initial soil food web responses after rebuilding a forest soil profile for a climate change experiment,publish,2010,Journal article,Dr. Elaine's publications,"forests, soil food web","Rygiewicz, P.T., V.J. Monleon, E.R. Ingham, K.J. Martin and M.G. Johnson","Applied Soil Ecology, 45(1):26-38",Tracks soil organisms in the first period after a forest soil profile was rebuilt for a climate change experiment.,"People restoring damaged land, to see how a soil food web begins to re-form in rebuilt soil.",,https://scholar.google.com/citations?view_op=view_citation&hl=en&user=iOm3z4AAAAAJ&citation_for_view=iOm3z4AAAAAJ:3fE2CSJIrl8C,https://scholar.google.com/citations?view_op=view_citation&hl=en&user=iOm3z4AAAAAJ&citation_for_view=iOm3z4AAAAAJ:3fE2CSJIrl8C,,Field study,North America
,Differences in milk characteristics between a cow herd transitioning to organic versus milk from a conventional dairy herd,publish,2015,Journal article,Dr. Elaine's publications,"food quality, farms and crops","Tunick, M.H., M. Paul, E.R. Ingham, H.J. Karreman and D.L. Van Hekken","International Journal of Dairy Technology, 68(4):511-518",Compares milk from a dairy herd transitioning to organic management with milk from a conventional herd.,"Dairy farmers considering organic, to see how a management change may show up in milk.",,https://scholar.google.com/citations?view_op=view_citation&hl=en&user=iOm3z4AAAAAJ&citation_for_view=iOm3z4AAAAAJ:u_35RYKgDlwC,https://scholar.google.com/citations?view_op=view_citation&hl=en&user=iOm3z4AAAAAJ&citation_for_view=iOm3z4AAAAAJ:u_35RYKgDlwC,,Field study,North America
,Case study: Comparison of milk composition from adjacent organic and conventional farms in the USA,publish,2016,Journal article,Dr. Elaine's publications,"food quality, farms and crops","Tunick, M.H., D.L. Van Hekken, M. Paul, E.R. Ingham and H.J. Karreman","International Journal of Dairy Technology, 69(1):137-142",A case study comparing milk composition from neighbouring organic and conventional dairy farms in the USA.,"Dairy farmers and food buyers, to see one example of how farming method may affect milk.",,https://scholar.google.com/citations?view_op=view_citation&hl=en&user=iOm3z4AAAAAJ&citation_for_view=iOm3z4AAAAAJ:mVmsd5A6BfQC,https://scholar.google.com/citations?view_op=view_citation&hl=en&user=iOm3z4AAAAAJ&citation_for_view=iOm3z4AAAAAJ:mVmsd5A6BfQC,,Field study,North America
,"Interactions among mycorrhizal fungi, rhizosphere organisms, and plants",publish,1991,Book chapter,Dr. Elaine's publications,"fungi, mycorrhizal fungi, review","Ingham, E.R. and R. Molina","Pages 169-197 in Barbosa, P., V.A. Krischik and C.G. Jones (eds), Microbial Mediation of Plant-Herbivore Interactions. John Wiley and Sons, NY","A book chapter reviewing interactions between mycorrhizal fungi, root zone organisms and plants.","Students and consultants, to understand the partnerships around roots that support plant nutrition.",,https://andrewsforest.oregonstate.edu/publications/967,https://andrewsforest.oregonstate.edu/publications/967,,Review,Global
,Soil protozoa,publish,1994,Book chapter,Dr. Elaine's publications,"protozoa, lab methods and microscopy","Ingham, E.R.","In Methods of Soil Analysis, Part 2: Microbiological and Biochemical Properties, P. Bottomley (ed). Soil Science Society of America","A book chapter on methods for studying soil protozoa, in a standard soil science methods manual.","Lab techs and researchers, to learn established methods for counting and identifying soil protozoa.",,https://wiley-vch.de/en/areas-interest/natural-sciences/methods-of-soil-analysis-part-2-978-0-89118-810-0,https://wiley-vch.de/en/areas-interest/natural-sciences/methods-of-soil-analysis-part-2-978-0-89118-810-0,,Method,Global
,"Microflora and microfauna on stems and trunks: Diversity, food webs and effects on plants",publish,1995,Book chapter,Dr. Elaine's publications,"soil arthropods, soil food web, soil biodiversity","Ingham, E.R. and A. Moldenke","Pages 241-256 in Gartner, B.L. (ed), Plant Stems: Physiology and Functional Morphology. Academic Press, San Diego","A book chapter on the microbes and tiny animals living on plant stems and trunks, their food webs, and their effects on plants.","Students and growers interested in plant health, to learn about the life on plant surfaces above ground.",,https://doi.org/10.1016/B978-012276460-8/50013-8,https://doi.org/10.1016/B978-012276460-8/50013-8,,Review,Global
,Soil microbiology,publish,1997,Book chapter,Dr. Elaine's publications,"soil food web, review","Ingham, E.R.","In Sylvia, D.M., J.J. Fuhrmann, P.G. Hartel and D.A. Zuberer (eds), Principles and Applications of Soil Microbiology. Prentice Hall, 1998",A textbook chapter introducing soil microbiology.,"Students, to get a textbook introduction to soil microbes.",,https://archive.org/details/principlesapplic0000unse_d5k4,https://archive.org/details/principlesapplic0000unse_d5k4,,Review,Global
,The Compost Tea Handbook 1.1,publish,1999,Book,Dr. Elaine's publications,"compost, compost tea and extracts","Ingham, E.R. and M. Alms",Self-published,An early handbook by Dr. Ingham and Michael Alms on brewing and using compost tea.,"Compost tea brewers, to see how the compost tea method developed over time.",,https://soilfoodweb.com.au/store/Compost-Tea-Brewing-Manual-5th-edition-p483282530,https://soilfoodweb.com.au/store/Compost-Tea-Brewing-Manual-5th-edition-p483282530,,Report or guide,Global
,The soil foodweb: Its role in ecosystem health,publish,2004,Book chapter,Dr. Elaine's publications,"forests, soil food web","Ingham, E.R.","The Overstory Book: Cultivating Connections with Trees, 62","A book chapter explaining the soil food web and its role in the health of whole ecosystems, written for people working with trees.","Agroforestry and permaculture practitioners, to get a big-picture introduction to the soil food web.",,https://agroforestry.org/books/the-overstory-book,https://agroforestry.org/books/the-overstory-book,,Review,Global
,Report on the selection of several potentially critical terrestrial systems,publish,1988,Peer-reviewed technical report,Dr. Elaine's publications,policy and soil security,"Wilson, M.V., E.R. Ingham, C.D. McIntire and M.L. Scott",USEPA,A U.S. EPA report on selecting land ecosystems that may be critical for ecological monitoring.,"Readers working on environmental monitoring, to see how priority ecosystems were chosen.",,,,,Report or guide,North America
,A general model of biotic interactions,publish,1989,Peer-reviewed technical report,Dr. Elaine's publications,soil food web,"Ingham, E.R., M.V. Wilson and C.D. McIntire","Special Report to the USEPA, CR-813570-01-0, 36 pp.",A special report to the U.S. EPA presenting a general model of how organisms interact in ecosystems.,"Readers interested in ecological modelling, to see an early model of biotic interactions.",,,,,Report or guide,North America
,Bioresponse of nontarget organisms resulting from the use of chloropicrin to control laminated root rot in a northwest conifer forest,publish,1991,Peer-reviewed technical report,Dr. Elaine's publications,"pesticides and fumigants, forests","Thies, W.G., M.A. Castellano, E.R. Ingham, D.L. Luoma and A.R. Moldenke",Report,A report on how organisms outside the target were affected when chloropicrin was used to control laminated root rot in a Pacific Northwest conifer forest.,"Foresters weighing fumigation, to review evidence on effects beyond the root rot fungus.",,https://scholar.google.com/citations?view_op=view_citation&hl=en&user=iOm3z4AAAAAJ&citation_for_view=iOm3z4AAAAAJ:NaGl4SEjCO4C,https://scholar.google.com/citations?view_op=view_citation&hl=en&user=iOm3z4AAAAAJ&citation_for_view=iOm3z4AAAAAJ:NaGl4SEjCO4C,,Report or guide,North America
,Bioresponse of nontarget organisms resulting from the use of chloropicrin to control laminated root rot in a northwest conifer forest,publish,1991,Peer-reviewed technical report,Dr. Elaine's publications,"fungi, mycorrhizal fungi, pesticides and fumigants, forests, soil food web","Ingham, E.R., W.G. Thies, D.L. Luoma, A.R. Moldenke and M.A. Castellano",Report,"Describes a sampling design for measuring the effects of chloropicrin on plants, soil food web organisms and mycorrhizal fungi at two spatial scales in a coastal forest.","Researchers planning pesticide studies, to borrow a sampling design that the authors suggest can work in any ecosystem.",,https://scholar.google.com/citations?view_op=view_citation&hl=en&user=iOm3z4AAAAAJ&citation_for_view=iOm3z4AAAAAJ:qUcmZB5y_30C,https://scholar.google.com/citations?view_op=view_citation&hl=en&user=iOm3z4AAAAAJ&citation_for_view=iOm3z4AAAAAJ:qUcmZB5y_30C,,Method,North America
,Evaluation of terrestrial indicators for use in ecological assessments at hazardous waste sites,publish,1992,Peer-reviewed technical report,Dr. Elaine's publications,remediation,"Linder, G., E.R. Ingham, C.J. Brandt and G. Henderson",USEPA/600/R-92/183,A U.S. EPA report evaluating which soil and land indicators work for assessing ecological damage at hazardous waste sites.,"Environmental consultants assessing contaminated sites, to see how soil organisms were considered as indicators.",,https://nepis.epa.gov/Exe/ZyPURL.cgi?Dockey=30002OOD.TXT,https://nepis.epa.gov/Exe/ZyPURL.cgi?Dockey=30002OOD.TXT,,Report or guide,North America
,Use of soil foodweb structure and function to assess superfund sites,publish,1993,Peer-reviewed technical report,Dr. Elaine's publications,"remediation, soil food web","Ingham, E.R.","USEPA Ecological Site Assessment Program, Corvallis Environmental Research Lab",A U.S. EPA report proposing the use of soil food web structure and function to assess Superfund sites.,"Environmental consultants, to see an early case for using soil life to assess contaminated land.",,,,,Report or guide,North America
,Standard Operating Procedure for Microbial Population Dynamics,publish,1995,Peer-reviewed technical report,Dr. Elaine's publications,lab methods and microscopy,"Ingham, E.R.","USEPA Global Climate Change Program, Corvallis Environmental Research Lab",A U.S. EPA standard operating procedure for measuring changes in soil microbial populations.,"Lab techs, to see a formal procedure for measuring soil microbial populations.",,,,,Method,North America
,Standard Operating Procedure for Total Bacteria,publish,1994,Peer-reviewed technical report,Dr. Elaine's publications,"bacteria, lab methods and microscopy","Ingham, E.R.","USEPA Global Climate Change Program, Corvallis Environmental Research Lab",A U.S. EPA standard operating procedure for counting total bacteria in soil.,"Lab techs, to see a formal procedure for counting soil bacteria.",,,,,Method,North America
,Standard Operating Procedure for Nematode Population and Community Structure,publish,1995,Peer-reviewed technical report,Dr. Elaine's publications,"nematodes, lab methods and microscopy","Ingham, E.R.","USEPA Global Climate Change Program, Corvallis Environmental Research Lab",A U.S. EPA standard operating procedure for measuring nematode numbers and community structure in soil.,"Lab techs, to see a formal procedure for assessing soil nematodes.",,,,,Method,North America
,Standard Operating Procedure for Protozoan Populations and Community Structure,publish,1995,Peer-reviewed technical report,Dr. Elaine's publications,"protozoa, lab methods and microscopy","Ingham, E.R.","USEPA Global Climate Change Program, Corvallis Environmental Research Lab",A U.S. EPA standard operating procedure for measuring protozoan numbers and community structure in soil.,"Lab techs, to see a formal procedure for assessing soil protozoa.",,,,,Method,North America
,Biosafety regulations: A critique of existing documents,publish,1995,Technical report,Dr. Elaine's publications,"engineered microbes, policy and soil security, review","Ingham, E.R. and M. Holmes","The Edmonds Institute, Edmonds, WA",A report reviewing existing biosafety regulations for engineered organisms and their gaps in protecting soil ecosystems.,"Readers following biotech policy, to see an early critique of how regulations handle risks to soil life.",,,,,Report or guide,Global
,Biosafety regulation: Why we need it,publish,1995,Technical report,Dr. Elaine's publications,"engineered microbes, policy and soil security","Ingham, E.R.","Edmonds Institute, Edmonds, WA",A report on how biosafety regulation could address the ecological risks of releasing engineered organisms.,"Readers following biotech policy, to see proposals for regulating risks to ecosystems.",,,,,Report or guide,Global
,The control of diseases on lettuce by the use of antagonistic organisms. 1. The control of Botrytis cinerea Pers.,publish,1951,Journal article,Other relevant publications,"disease suppression, horticulture and nurseries","Wood, R.K.S.","Annals of Applied Biology, 38(1):203-216",One of the early studies testing antagonistic microorganisms to control grey mould (Botrytis cinerea) on lettuce.,"Growers interested in biological disease control, to see how long researchers have tested beneficial microbes against plant disease.",,https://doi.org/10.1111/j.1744-7348.1951.tb07797.x,https://doi.org/10.1111/j.1744-7348.1951.tb07797.x,,Lab study,Europe
,Litter decomposition under snow cover in a balsam fir forest,publish,1990,Journal article,Other relevant publications,"decomposition, forests, cold and winter soils","Taylor, B.R. and H.G. Jones","Canadian Journal of Botany, 68(1):112-120",Measures leaf litter decomposition under snow cover in a balsam fir forest in Canada.,"Growers in cold climates, to learn that decomposition may continue through the snow season.",,https://doi.org/10.1139/b90-016,https://doi.org/10.1139/b90-016,,Field study,North America
,Biological nitrogen fixation for sustainable agriculture: A perspective,publish,1992,Journal article,Other relevant publications,"nutrient cycling, farms and crops, lab methods and microscopy, review","Bohlool, B.B., J.K. Ladha, D.P. Garrity and T. George","Plant and Soil, 141(1-2):1-11",Reviews biological nitrogen fixation and its potential role in sustainable agriculture.,"Farmers aiming to cut nitrogen fertiliser, to understand how nitrogen-fixing microbes can supply crops.",,https://doi.org/10.1007/BF00011307,https://doi.org/10.1007/BF00011307,,Review,Global
,Influence of vermicompost application on the available macronutrients and selected microbial populations in a paddy field,publish,1992,Journal article,Other relevant publications,"vermicompost, nutrient cycling, farms and crops","Kale, R.D., B.C. Mallesh, B. Kubra and D.J. Bagyaraj","Soil Biology and Biochemistry, 24(12):1317-1320",Tests vermicompost in a rice paddy in India and measures available nutrients and selected microbial populations.,"Rice growers, to see field data on how vermicompost may change soil nutrients and microbes.",,https://www.academia.edu/2320375/Influence_of_vermicompost_application_on_the_available_macronutrients_and_selected_microbial_populations_in_a_paddy_field,https://www.academia.edu/2320375/Influence_of_vermicompost_application_on_the_available_macronutrients_and_selected_microbial_populations_in_a_paddy_field,,Field study,Asia
,Compost and compost water extract-induced systemic acquired resistance in cucumber and Arabidopsis,publish,1998,Journal article,Other relevant publications,"compost, compost tea and extracts, disease suppression, farms and crops","Zhang, W., D.Y. Han, W.A. Dick, K.R. Davis and H.A.J. Hoitink","Phytopathology, 88(5):450-455","Tests whether compost and compost water extracts trigger systemic acquired resistance, a plant defence response, in cucumber and Arabidopsis.","Growers using compost for disease control, to learn one way compost may help plants defend themselves.",,https://doi.org/10.1094/PHYTO.1998.88.5.450,https://doi.org/10.1094/PHYTO.1998.88.5.450,,Greenhouse or pot trial,North America
,Trophic relationships in the soil microfood-web: Predicting the responses to a changing global environment,publish,1998,Journal article,Other relevant publications,"soil food web, review","Wardle, D.A., H.A. Verhoef and M. Clarholm","Global Change Biology, 4(7):713-727",Reviews feeding relationships in the soil micro food web and uses them to predict how soils may respond to global change.,"Researchers and students, to see how food web theory is applied to climate questions.",,https://doi.org/10.1046/j.1365-2486.1998.00206.x,https://doi.org/10.1046/j.1365-2486.1998.00206.x,,Review,Global
,Heavy metals bioremediation of soil,publish,1999,Journal article,Other relevant publications,"remediation, review","Diels, L., M. De Smet, L. Hooyberghs and P. Corbisier","Molecular Biotechnology, 12(2):149-158",Reviews ways to use microorganisms to remove or stabilise heavy metals in soil.,"People working on contaminated land, to learn the main biological approaches to heavy metal clean-up.",,https://doi.org/10.1385/MB:12:2:149,https://doi.org/10.1385/MB:12:2:149,,Review,Global
,Response of paddy (Var. TRC-87-251) crop on amendment of the field with different levels of vermicompost,publish,2001,Journal article,Other relevant publications,"vermicompost, farms and crops","Bhattacharjee, G., P.S. Chaudhuri and M. Datta","Asian Journal of Microbiology, Biotechnology and Environmental Sciences, 3(3):191-196",Tests different rates of vermicompost on a rice crop and measures the crop's response.,"Rice growers, to see how much vermicompost was applied and how the crop responded.",,https://www.researchgate.net/publication/286744762_Response_of_paddy_var_TRC-87-_251_crop_on_amendment_of_the_field_with_different_levels_of_vermicompost,https://www.researchgate.net/publication/286744762_Response_of_paddy_var_TRC-87-_251_crop_on_amendment_of_the_field_with_different_levels_of_vermicompost,,Field study,Asia
,In situ and in vitro suppressive effect of agricultural composts and their water extracts on some phytopathogenic fungi,publish,2002,Journal article,Other relevant publications,"fungi, compost, compost tea and extracts, disease suppression, farms and crops","El-Masry, M.H., A.I. Khalil, M.S. Hassouna and H.A.H. Ibrahim","World Journal of Microbiology and Biotechnology, 18:551-558",Tests agricultural composts and their water extracts against several plant disease fungi in the lab and in soil.,"Growers using compost extracts, to see evidence on which disease fungi they may help suppress.",,https://doi.org/10.1023/A:1016302729218,https://doi.org/10.1023/A:1016302729218,,Lab study,Africa
,"Suppression of the plant diseases, Pythium (damping-off), Rhizoctonia (root rot) and Verticillium (wilt) by vermicomposts",publish,2002,Conference proceedings,Other relevant publications,"vermicompost, disease suppression","Chaoui, H., C.A. Edwards, A. Brickner, S.S. Lee and N.Q. Arancon",2:711-716,"Tests vermicomposts against three soil-borne plant diseases: Pythium damping-off, Rhizoctonia root rot and Verticillium wilt.","Vegetable and nursery growers, to see evidence on using vermicompost against common root diseases.",,https://www.researchgate.net/publication/266471054,https://www.researchgate.net/publication/266471054,,Greenhouse or pot trial,North America
,Top-down is bottom-up: Does predation in the rhizosphere regulate aboveground dynamics?,publish,2003,Journal article,Other relevant publications,"pest suppression, plant growth and yield","Moore, J.C., K. McCann, H. Setälä and P.C. de Ruiter","Ecology, 84(4):846-857",Argues that predators in the root zone may regulate plant growth and other processes above ground.,"Students and consultants, to understand the case for protecting the predators in a soil food web.",,https://doi.org/10.1890/0012-9658(2003)084[0846:TIBDPI]2.0.CO;2,https://doi.org/10.1890/0012-9658(2003)084[0846:TIBDPI]2.0.CO;2,,Review,Global
,Compost tea as a container medium drench for suppressing seedling damping-off caused by Pythium ultimum,publish,2004,Journal article,Other relevant publications,"compost, compost tea and extracts, disease suppression, plant growth and yield, horticulture and nurseries","Scheuerell, S.J. and W.F. Mahaffee","Phytopathology, 94(11):1156-1163",Tests compost tea as a drench on container media against damping-off caused by Pythium ultimum on seedlings.,"Nurseries and seedling growers, to see how consistently compost tea suppressed damping-off and which brewing factors mattered.",,https://doi.org/10.1094/PHYTO.2004.94.11.1156,https://doi.org/10.1094/PHYTO.2004.94.11.1156,,Greenhouse or pot trial,North America
,Microbial growth under the snow: Implications for nutrient and allelochemical availability in temperate soils,publish,2004,Journal article,Other relevant publications,"nutrient cycling, plant growth and yield, cold and winter soils, review","Schmidt, S.K. and D.A. Lipson","Plant and Soil, 259(1-2):1-7",Reviews research on microbial growth under snow and what it means for nutrient availability in temperate soils.,"Growers in cold climates, to learn how soil microbes may change nutrient supply over winter.",,https://doi.org/10.1023/B:PLSO.0000020933.32473.7e,https://doi.org/10.1023/B:PLSO.0000020933.32473.7e,,Review,Global
,Vermicomposts suppress plant pest and disease attacks,publish,2004,Magazine article,Other relevant publications,"vermicompost, disease suppression, pest suppression","Edwards, C.A. and N.Q. Arancon","BioCycle, 45:51-55",A magazine article summarising research on vermicomposts and their effects on plant pests and diseases.,"Growers using vermicompost, to get a short overview of its pest and disease benefits.",,https://www.researchgate.net/publication/296507854_Vermicomposts_suppress_plant_pest_and_disease_attacks,https://www.researchgate.net/publication/296507854_Vermicomposts_suppress_plant_pest_and_disease_attacks,,Article or commentary,North America
,Bioremediation potential of spirulina: toxicity and biosorption studies of lead,publish,2005,Journal article,Other relevant publications,remediation,"Chen, H. and S. Pan","Journal of Zhejiang University SCIENCE, 6B(3):171-174",Tests the toxicity of lead to spirulina and the alga's ability to take up lead from water.,"People working on polluted water, to learn about an alga studied for lead removal.",,https://doi.org/10.1631/jzus.2005.B0171,https://doi.org/10.1631/jzus.2005.B0171,,Lab study,Asia
,"Uptake of lead by a ciliate, Stylonychia mytilus, isolated from industrial effluents: Potential use in bioremediation of wastewater",publish,2005,Journal article,Other relevant publications,"protozoa, remediation","Rehman, A., S. Ashraf, J.I. Qazi and A.R. Shakoori","Bulletin of Environmental Contamination and Toxicology, 75(2):290-296",Tests the ability of a ciliate protozoan isolated from industrial effluents to take up lead.,"People working on wastewater treatment, to learn about protozoa studied for lead removal.",,https://doi.org/10.1007/s00128-005-0751-7,https://doi.org/10.1007/s00128-005-0751-7,,Lab study,Asia
,Composting vs. vermicomposting: A comparison of end product quality,publish,2005,Journal article,Other relevant publications,"compost, vermicompost","Tognetti, C., F. Laos, M.J. Mazzarino and M.T. Hernández","Compost Science & Utilization, 13(1):6-13",Compares the quality of end products from composting and vermicomposting the same materials.,"Compost and vermicompost makers, to compare what each process produces.",,https://doi.org/10.1080/1065657X.2005.10702212,https://doi.org/10.1080/1065657X.2005.10702212,,Lab study,South America
,In vitro and in vivo evaluation of individually compost fungi for potato fusarium dry rot biocontrol,publish,2006,Journal article,Other relevant publications,"fungi, compost, disease suppression, farms and crops","Daami-Remadi, M., H. Jabnoun-Khiareddine, F. Ayed, K. Hibar, I.E.A. Znaidi and M. El Mahjoub","Journal of Biological Sciences, 6(3):572-580",Tests fungi isolated from compost against Fusarium dry rot of potato in the lab and on tubers.,"Potato growers and researchers, to see compost as a possible source of biocontrol fungi.",,https://doi.org/10.3923/jbs.2006.572.580,https://doi.org/10.3923/jbs.2006.572.580,,Lab study,Africa
,Foliar spraying of vermicompost extracts: effects on fruit quality and indications of late-blight suppression of field-grown tomatoes,publish,2006,Journal article,Other relevant publications,"compost, compost tea and extracts, vermicompost, disease suppression, food quality, farms and crops","Zaller, J.G.","Biological Agriculture & Horticulture, 24(2):165-180","Tests foliar sprays of vermicompost extracts on field-grown tomatoes, measuring fruit quality and signs of late blight suppression.","Tomato growers, to see field data on vermicompost sprays.",,https://orgprints.org/id/eprint/10450/,https://orgprints.org/id/eprint/10450/,,Field study,Europe
,Suppression of Phytophthora infestans in potatoes by foliar application of food nutrients and compost tea,publish,2007,Journal article,Other relevant publications,"compost, compost tea and extracts, nutrient cycling, disease suppression, farms and crops","Al-Mughrabi, K.I.","Australian Journal of Basic and Applied Sciences, 1(4):785-792",Tests foliar applications of compost tea and food nutrients against late blight (Phytophthora infestans) on potatoes.,"Potato growers, to see trial results on compost tea against late blight.",,http://www.ajbasweb.com/old/ajbas/785-792.pdf,http://www.ajbasweb.com/old/ajbas/785-792.pdf,,Field study,North America
,"Vermicompost as a soil supplement to improve growth, yield and fruit quality of tomato (Lycopersicum esculentum)",publish,2007,Journal article,Other relevant publications,"vermicompost, plant growth and yield, food quality, farms and crops","Gutiérrez-Miceli, F.A., et al. (incl. M.A. Oliva Llaven, R. Rincón-Rosales and L. Dendooven)","Bioresource Technology, 98(15):2781-2786","Tests vermicompost as a soil supplement for tomatoes and measures growth, yield and fruit quality.","Tomato growers, to see data on vermicompost rates and crop response.",,https://doi.org/10.1016/j.biortech.2006.02.032,https://doi.org/10.1016/j.biortech.2006.02.032,,Greenhouse or pot trial,North America
,"Aerobic compost tea, compost and a combination of both reduce the severity of common scab (Streptomyces scabiei) on potato tubers",publish,2008,Journal article,Other relevant publications,"compost, compost tea and extracts, disease suppression, farms and crops","Al-Mughrabi, K.I., C. Berthélémé, T. Livingston, A. Burgoyne, R. Poirier and A. Vikram","Journal of Plant Sciences, 3:168-175","Tests aerobic compost tea, compost and both together against common scab on potato tubers.","Potato growers, to see field results on compost tea and compost against scab.",,https://doi.org/10.3923/jps.2008.168.175,https://doi.org/10.3923/jps.2008.168.175,,Field study,North America
,Effect of bacterial isolates obtained from animal manure compost extracts on the development of Fusarium oxysporum f. sp. radicis-lycopersici,publish,2008,Journal article,Other relevant publications,"bacteria, compost, compost tea and extracts, disease suppression, farms and crops","Kerkeni, A., M. Daami-Remadi, N. Tarchoun and M.B. Khedher","Asian Journal of Plant Pathology, 2(1):15-23",Tests bacteria isolated from animal manure compost extracts against Fusarium crown and root rot of tomato.,"Tomato growers and researchers, to see compost extracts as a source of disease-fighting bacteria.",,https://doi.org/10.3923/ajppaj.2008.15.23,https://doi.org/10.3923/ajppaj.2008.15.23,,Lab study,Africa
,Relative effects of biological amendments and crop rotations on soil microbial communities and soilborne diseases of potato,publish,2008,Journal article,Other relevant publications,"cover crops and tillage, disease suppression, farms and crops","Larkin, R.P.","Soil Biology and Biochemistry, 40(6):1341-1351",Compares biological amendments and crop rotations for their effects on soil microbial communities and soil-borne potato diseases.,"Potato growers planning rotations, to compare biological approaches to managing soil-borne disease.",,https://www.sciencedirect.com/science/article/abs/pii/S0038071707001101,https://www.sciencedirect.com/science/article/abs/pii/S0038071707001101,,Field study,North America
,In vitro studies on control of soil-borne plant pathogens by earthworm Eudrilus eugeniae exudates,publish,2008,Journal article,Other relevant publications,"bacteria, fungi, earthworms, compost tea and extracts, disease suppression","Shobha, S.V. and R.D. Kale","Ecology Web (eco-web.com), January 2008",A preliminary lab study testing extracts from the earthworm Eudrilus eugeniae against soil-borne bacterial and fungal plant pathogens.,"Vermicompost producers, to see early lab evidence that earthworms themselves may produce compounds that suppress pathogens.",,https://eco-web.com/edi/080106.html,https://eco-web.com/edi/080106.html,,Lab study,Asia
,Chitin signaling in plants: Insights into the perception of fungal pathogens and rhizobacterial symbionts,publish,2008,Journal article,Other relevant publications,"bacteria, fungi, disease suppression","Eckardt, N.A.","The Plant Cell, 20:241-243",Explains how plants detect chitin to recognise fungal pathogens and helpful root bacteria.,"Students and consultants, to understand the chemical signals plants use in the root zone.",,https://doi.org/10.1105/tpc.108.058784,https://doi.org/10.1105/tpc.108.058784,,Review,Global
,Potential application of compost teas of agricultural wastes in the control of the mushroom pathogen Verticillium fungicola,publish,2009,Journal article,Other relevant publications,"fungi, compost, compost tea and extracts, disease suppression, farms and crops, horticulture and nurseries","Gea, F.J., M.J. Navarro and J.C. Tello","Journal of Plant Diseases and Protection, 116:271-273","Tests compost teas made from agricultural wastes against Verticillium fungicola, a disease of cultivated mushrooms.","Mushroom growers, to see compost tea tested in mushroom production.",,https://doi.org/10.1007/BF03356322,https://doi.org/10.1007/BF03356322,,Lab study,Europe
,"Vermicompost extracts influence growth, mineral nutrients, phytonutrients and antioxidant activity in pak choi (Brassica rapa cv. Bonsai, Chinensis group) grown under vermicompost and chemical fertiliser",publish,2009,Journal article,Other relevant publications,"compost, compost tea and extracts, vermicompost, nutrient cycling, plant growth and yield, food quality, farms and crops","Pant, A.P., T.J.K. Radovich, N.V. Hue, S.T. Talcott and K.A. Krenek","Journal of the Science of Food and Agriculture, 89(14):2383-2392","Tests vermicompost extracts on pak choi and measures growth, mineral nutrients, phytonutrients and antioxidant activity.","Vegetable growers, to see how vermicompost extracts may affect the nutritional quality of leafy greens.",,https://doi.org/10.1002/jsfa.3732,https://doi.org/10.1002/jsfa.3732,,Greenhouse or pot trial,North America
,Control of powdery mildew (Erysiphe polygoni) in tomato by foliar applications of compost tea,publish,2009,Journal article,Other relevant publications,"compost, compost tea and extracts, disease suppression, farms and crops","Segarra, G., M. Reis, E. Casanova and M.I. Trillas","Journal of Plant Pathology, 91:683-689",Tests foliar applications of compost tea against powdery mildew on tomato.,"Tomato growers, to see trial results on compost tea against a common leaf disease.",,https://www.semanticscholar.org/paper/2ffa3d674b3ac5a7d1adaf736022dd048b6e0b2d,https://www.semanticscholar.org/paper/2ffa3d674b3ac5a7d1adaf736022dd048b6e0b2d,,Greenhouse or pot trial,Europe
,Bio-potential of compost tea from agro-waste to suppress Choanephora cucurbitarum L. the causal pathogen of wet rot of okra,publish,2009,Journal article,Other relevant publications,"compost, compost tea and extracts, disease suppression, farms and crops","Siddiqui, Y., S. Meon, R. Ismail and M. Rahmani","Biological Control, 49:38-44",Tests compost tea made from agricultural waste against Choanephora wet rot of okra.,"Vegetable growers in warm climates, to see compost tea tested against a fruit rot.",,https://doi.org/10.1016/j.biocontrol.2008.11.008,https://doi.org/10.1016/j.biocontrol.2008.11.008,,Lab study,Asia
,Biocontrol activity and induction of systemic resistance in pepper by compost water extracts against Phytophthora capsici,publish,2010,Journal article,Other relevant publications,"compost, compost tea and extracts, disease suppression, farms and crops","Sang, M.K., J.G. Kim and K.D. Kim","Phytopathology, 100:774-783",Tests compost water extracts against Phytophthora blight of pepper and measures the plant's own defence responses.,"Pepper growers, to see how compost extracts may both act on the pathogen and trigger plant defences.",,https://doi.org/10.1094/PHYTO-100-8-0774,https://doi.org/10.1094/PHYTO-100-8-0774,,Greenhouse or pot trial,Asia
,Effect of aqueous extracts from vermicomposts on attacks by cucumber beetles (Acalymna vittatum) (Fabr.) on cucumbers and tobacco hornworm (Manduca sexta) (L.) on tomatoes,publish,2010,Journal article,Other relevant publications,"compost tea and extracts, vermicompost, pest suppression, farms and crops","Edwards, C.A., N.Q. Arancon, M. Vasko-Bennett, A. Askar and G. Keeney","Pedobiologia, 53(2):141-148",Tests aqueous vermicompost extracts against cucumber beetles on cucumbers and tobacco hornworms on tomatoes.,"Vegetable growers, to see evidence on vermicompost extracts and insect pest damage.",,https://doi.org/10.1016/j.pedobi.2009.08.002,https://doi.org/10.1016/j.pedobi.2009.08.002,,Greenhouse or pot trial,North America
,Evidence for nitrogen-fixation in the Salicaceae family,publish,2011,Magazine article,Other relevant publications,"bacteria, nutrient cycling, forests, review","von Wuehlisch, G.","Tree Planters' Notes, 54(2):38-41",Reviews evidence that bacteria living inside poplars and willows can fix nitrogen.,"Agroforestry farmers and tree planters, to learn why poplars and willows may grow well on low-nitrogen soils.",,https://rngr.net/publications/tpn/54-2/evidence-for-nitrogen-fixation-in-the-salicaceae-family,https://rngr.net/publications/tpn/54-2/evidence-for-nitrogen-fixation-in-the-salicaceae-family,,Review,Europe
,Phytotoxicity analysis of extracts from compost and their ability to inhibit soil-borne pathogenic fungi and reduce root-knot nematodes,publish,2011,Journal article,Other relevant publications,"fungi, nematodes, compost, compost tea and extracts, disease suppression","Xu, D., W. Raza, G. Yu, Q. Zhao, Q. Shen and Q. Huang","World Journal of Microbiology and Biotechnology, 28(3):1193-1201",Tests compost extracts for harm to plants and for activity against soil-borne fungi and root-knot nematodes.,"Growers using compost extracts, to see both the safety checks and the disease and nematode results.",,https://doi.org/10.1007/s11274-011-0922-0,https://doi.org/10.1007/s11274-011-0922-0,,Lab study,Asia
,Microbiological community analysis of vermicompost tea and its influence on the growth of vegetables and cereals,publish,2012,Journal article,Other relevant publications,"compost, compost tea and extracts, vermicompost, plant growth and yield","Fritz, J.I., I.H. Franke-Whittle, S. Haindl, H. Insam and R. Braun","Canadian Journal of Microbiology, 58(7):836-847",Analyses the microbial community in vermicompost tea and tests its effects on the growth of vegetables and cereals.,"Vermicompost tea brewers, to learn which microbes their tea may contain and how crops responded.",,https://doi.org/10.1139/w2012-061,https://doi.org/10.1139/w2012-061,,Greenhouse or pot trial,Europe
,Biochemical properties of compost tea associated with compost quality and effects on pak choi growth,publish,2012,Journal article,Other relevant publications,"compost, compost tea and extracts, plant growth and yield, farms and crops","Pant, A.P., T.J.K. Radovich, N.V. Hue and R.E. Paull","Scientia Horticulturae, 148:138-146",Tests how the quality of the starting compost affects the properties of compost tea and the growth of pak choi.,"Compost tea brewers, to choose and check their compost before brewing.",,https://www.sciencedirect.com/science/article/pii/S0304423812004542,https://www.sciencedirect.com/science/article/pii/S0304423812004542,,Greenhouse or pot trial,North America
,Compost and compost tea: Principles and prospects as substrates and soil-borne disease management strategies in soil-less vegetable production,publish,2012,Journal article,Other relevant publications,"compost, compost tea and extracts, disease suppression, horticulture and nurseries, review","St. Martin, C.C.G. and R.A.I. Brathwaite","Biological Agriculture & Horticulture, 28(1):1-33",Reviews compost and compost tea as growing media and for managing soil-borne disease in soilless vegetable production.,"Greenhouse and soilless growers, to see how compost-based products are used in their systems.",,https://doi.org/10.1080/01448765.2012.671516,https://doi.org/10.1080/01448765.2012.671516,,Review,Global
,"Effects and relationships of compost type, aeration and brewing time on compost tea properties, efficacy against Pythium ultimum, phytotoxicity and potential as a nutrient amendment for seedling production",publish,2012,Journal article,Other relevant publications,"compost, compost tea and extracts, nutrient cycling, disease suppression, plant growth and yield, horticulture and nurseries","St. Martin, C.C.G., W. Dorinvil, R.A.I. Brathwaite and A. Ramsubhag","Biological Agriculture & Horticulture, 28(3):185-205","Tests how compost type, aeration and brewing time affect compost tea properties, its activity against Pythium, and its use for seedlings.","Compost tea brewers, to fine-tune their brewing method based on measured results.",,https://doi.org/10.1080/01448765.2012.727667,https://doi.org/10.1080/01448765.2012.727667,,Lab study,North America
,Humic-like substances from different compost extracts could significantly promote cucumber growth,publish,2012,Journal article,Other relevant publications,"compost, compost tea and extracts, plant growth and yield, farms and crops","Xu, D., Q. Wang, Y. Wu, G. Yu, Q. Shen and Q. Huang","Pedosphere, 22(6):815-824",Tests humic-like substances from different compost extracts for their effects on cucumber growth.,"Growers and product makers, to learn which compounds in compost extracts may promote plant growth.",,https://doi.org/10.1016/S1002-0160(12)60067-8,https://doi.org/10.1016/S1002-0160(12)60067-8,,Greenhouse or pot trial,Asia
,In vitro and in vivo evaluation of microbial-enriched compost tea on the development of powdery mildew on melon,publish,2012,Journal article,Other relevant publications,"compost, compost tea and extracts, disease suppression, farms and crops","Naidu, Y., S. Meon and Y. Siddiqui","BioControl, 57(6):827-836",Tests microbe-enriched compost tea against powdery mildew on melon in the lab and on plants.,"Melon and cucurbit growers, to see compost tea tested against powdery mildew.",,https://doi.org/10.1007/s10526-012-9454-2,https://doi.org/10.1007/s10526-012-9454-2,,Greenhouse or pot trial,Asia
,Characters of compost teas from different sources and their suppressive effect on fungal phytopathogens,publish,2013,Journal article,Other relevant publications,"fungi, compost, compost tea and extracts, disease suppression","Marín, F., M. Santos, F. Diánez, F. Carretero, F.J. Gea, J.A. Yau and M.J. Navarro","World Journal of Microbiology and Biotechnology, 29(8):1371-1382",Compares compost teas made from different sources and tests their suppression of fungal plant pathogens.,"Compost tea brewers, to see how the source compost may change disease suppression.",,https://doi.org/10.1007/s11274-013-1300-x,https://doi.org/10.1007/s11274-013-1300-x,,Lab study,Europe
,Influence of the nitrogen form on in vitro organogenesis in Equisetum arvense,publish,2013,Journal article,Other relevant publications,nutrient cycling,"Nakatani, K. and Y. Fujii","Weed Biology and Management, 13(4):151-155","A lab study on how the form of nitrogen affects tissue development in field horsetail, a common weed.","Growers dealing with horsetail, to learn how nitrogen form may affect this weed's growth.",,https://doi.org/10.1111/wbm.12023,https://doi.org/10.1111/wbm.12023,,Lab study,Asia
,"Non-growing season soil CO2 efflux and its changes in an alpine meadow ecosystem of the Qilian Mountains, Northwest China",publish,2013,Journal article,Other relevant publications,"soil carbon, forests, grasslands and rangelands, cold and winter soils","Chang, Z.Q., X.Q. Liu, Q. Feng, Z.X. Che, H.Y. Xi, Y.H. Su and J.H. Si","Journal of Arid Land, 5(4):488-499","Measures soil CO2 release outside the growing season in an alpine meadow in the Qilian Mountains, China.","Readers interested in soil carbon, to see how much soil activity may continue in cold seasons.",,https://doi.org/10.1007/s40333-013-0179-6,https://doi.org/10.1007/s40333-013-0179-6,,Field study,Asia
,Using aerated compost tea in comparison with a chemical pesticide for controlling rose powdery mildew,publish,2014,Journal article,Other relevant publications,"compost, compost tea and extracts, pesticides and fumigants, disease suppression, pest suppression, horticulture and nurseries","Seddigh, S., L. Kiani, B. Tafaghodinia and B. Hashemi","Archives of Phytopathology and Plant Protection, 47(6):658-664",Compares aerated compost tea with a chemical pesticide for controlling powdery mildew on roses.,"Rose growers and gardeners, to see compost tea compared directly with a chemical treatment.",,https://doi.org/10.1080/03235408.2013.817075,https://doi.org/10.1080/03235408.2013.817075,,Greenhouse or pot trial,Asia
,Comparison of seasonal soil microbial process in snow-covered temperate ecosystems of Northern China,publish,2014,Journal article,Other relevant publications,cold and winter soils,"Zhang, X., W. Wang, W. Chen, N. Zhang and H. Zeng","PLoS ONE, 9(3):e92985",Compares seasonal soil microbial processes in snow-covered temperate ecosystems in northern China.,"Readers interested in winter soil activity, to see how microbes behave under snow.",,https://doi.org/10.1371/journal.pone.0092985,https://doi.org/10.1371/journal.pone.0092985,,Field study,Asia
,Winter soil CO2 flux from different mid-latitude sites from Middle Taihang Mountain in North China,publish,2014,Journal article,Other relevant publications,"soil carbon, cold and winter soils","Shen, H., J. Cao, W. Zhang, X. Zeng and H. Wang","PLoS ONE, 9(3):e91589","Measures winter soil CO2 release at different sites in the Taihang Mountains, northern China.","Readers interested in soil carbon, to see data on how much carbon soils release in winter.",,https://doi.org/10.1371/journal.pone.0091589,https://doi.org/10.1371/journal.pone.0091589,,Field study,Asia
,The dimensions of soil security,publish,2014,Journal article,Other relevant publications,policy and soil security,"McBratney, A.B., D.J. Field and A. Koch","Geoderma, 213:203-213","Proposes soil security as a concept alongside food and water security, with five dimensions: capability, condition, capital, connectivity and codification.","Readers working on soil policy, to learn the framework many governments and researchers now use.",,https://doi.org/10.1016/j.geoderma.2013.08.013,https://doi.org/10.1016/j.geoderma.2013.08.013,,Review,Global
,"Altered carbon delivery from roots: rapid, sustained inhibition of border cell dispersal in response to compost water extracts",publish,2015,Journal article,Other relevant publications,"compost, compost tea and extracts, soil carbon, lab methods and microscopy","Tollefson, S.J., G. Curlango-Rivera, D.A. Huskey, T. Pew, G. Giacomelli and M.C. Hawes","Plant and Soil, 389(1-2):145-156","Reports that compost water extracts changed how roots release border cells, the cells that protect root tips.","Researchers and advanced growers, to learn a newer finding on how compost may interact with roots.",,https://doi.org/10.1007/s11104-014-2350-z,https://doi.org/10.1007/s11104-014-2350-z,,Lab study,North America
,"Impact of compost, vermicompost and biochar on soil fertility, maize yield and soil erosion in Northern Vietnam: A three year mesocosm experiment",publish,2015,Journal article,Other relevant publications,"compost, vermicompost, plant growth and yield, farms and crops","Doan, T.T., T. Henry-des-Tureaux, C. Rumpel, J.-L. Janeau and P. Jouquet","Science of The Total Environment, 514:147-154","A three-year mesocosm experiment in Northern Vietnam comparing compost, vermicompost and biochar on soil fertility, maize yield and erosion.","Farmers on sloping tropical land, to compare three amendments on yield and soil loss.",,https://doi.org/10.1016/j.scitotenv.2015.02.005,https://doi.org/10.1016/j.scitotenv.2015.02.005,,Field study,Asia
,"Vermicompost as an effective organic fertilizer and biocontrol agent: Effect on growth, yield and quality of plants",publish,2015,Journal article,Other relevant publications,"vermicompost, disease suppression, plant growth and yield, review","Joshi, R., J. Singh and A.P. Vig","Reviews in Environmental Science and Bio/Technology, 14(1):137-159","Reviews vermicompost as an organic fertiliser and biocontrol agent, covering effects on plant growth, yield and quality.","Growers new to vermicompost, to get a broad review of its uses.",,https://doi.org/10.1007/s11157-014-9347-1,https://doi.org/10.1007/s11157-014-9347-1,,Review,Global
,"The use of vermicompost in organic farming: Overview, effects on soil and economics",publish,2015,Journal article,Other relevant publications,"vermicompost, farms and crops, review","Lim, S.L., T.Y. Wu, P.N. Lim and K.P.Y. Shak","Journal of the Science of Food and Agriculture, 95(6):1143-1156","Reviews the use of vermicompost in organic farming, including effects on soil and the economics.","Organic farmers and vermicompost businesses, to weigh the costs and benefits.",,https://doi.org/10.1002/jsfa.6849,https://doi.org/10.1002/jsfa.6849,,Review,Global
,Suppression of root-knot nematode by vermicompost tea prepared from different curing ages of vermicompost,publish,2017,Journal article,Other relevant publications,"nematodes, compost tea and extracts, vermicompost, disease suppression","Mishra, S., K.-H. Wang, B.S. Sipes and M. Tian","Plant Disease, 101(5):734-737",Tests vermicompost tea made from vermicompost of different curing ages against root-knot nematodes.,"Vermicompost tea brewers dealing with nematodes, to learn how curing age may affect results.",,https://doi.org/10.1094/PDIS-07-16-1068-RE,https://doi.org/10.1094/PDIS-07-16-1068-RE,,Greenhouse or pot trial,North America
,Overview of engineering problems of soil compaction and their effects on growth and yields of crops,publish,2018,Journal article,Other relevant publications,"plant growth and yield, farms and crops, review","Odey, S.O.","European Journal of Advances in Engineering and Technology, 5(9):701-709",Reviews the causes of soil compaction and its effects on crop growth and yields.,"Farmers dealing with compacted fields, to understand how compaction limits crops.",,https://ejaet.com/PDF/5-9/EJAET-5-9-701-709.pdf,https://ejaet.com/PDF/5-9/EJAET-5-9-701-709.pdf,,Review,Global
,"Biocontrol activity of endophytic fungus of barley, Microdochium bolleyi, against Gaeumannomyces graminis var. tritici",publish,2018,Journal article,Other relevant publications,"fungi, disease suppression, farms and crops","Shadmani, L., S. Jamali and A. Fatemi","Mycologia Iranica, 5(1):7-14","Tests Microdochium bolleyi, a fungus living inside barley, against take-all disease of wheat.","Grain growers, to see a beneficial fungus tested against a major root disease.",,https://doi.org/10.22043/mi.2019.118205,https://doi.org/10.22043/mi.2019.118205,,Greenhouse or pot trial,Asia
,Fungal-bacterial diversity and microbiome complexity predict ecosystem functioning,publish,2019,Journal article,Other relevant publications,"bacteria, fungi, soil biodiversity","Wagg, C., K. Schlaeppi, S. Banerjee, E.E. Kuramae and M.G.A. van der Heijden","Nature Communications, 10:4841",Reports that soils with more diverse and more connected fungal and bacterial communities performed more ecosystem functions in experiments.,"Consultants and students, to see strong experimental support for building soil microbial diversity.",,https://doi.org/10.1038/s41467-019-12798-y,https://doi.org/10.1038/s41467-019-12798-y,,Lab study,Europe
,Vermicompost significantly affects plant growth. A meta-analysis,publish,2019,Journal article,Other relevant publications,"vermicompost, plant growth and yield, review","Blouin, M., J. Barrere, N. Meyer, S. Lartigue, S. Barot and J. Mathieu","Agronomy for Sustainable Development, 39(4):34",A meta-analysis pooling many studies on how vermicompost affects plant growth.,"Growers and advisors, to see what the combined evidence says about vermicompost and plant growth.",,https://doi.org/10.1007/s13593-019-0579-x,https://doi.org/10.1007/s13593-019-0579-x,,Review,Global
,Changes in the composition and function of bacterial communities during vermicomposting may explain beneficial properties of vermicompost,publish,2019,Journal article,Other relevant publications,"bacteria, vermicompost","Domínguez, J., M. Aira, A.R. Kolbe, M. Gómez-Brandón and M. Pérez-Losada","Scientific Reports, 9:9657",Tracks changes in bacterial communities during vermicomposting and links them to the properties of vermicompost.,"Vermicompost producers, to understand the microbial changes during the process.",,https://doi.org/10.1038/s41598-019-46018-w,https://doi.org/10.1038/s41598-019-46018-w,,Lab study,Europe
,Effect of vermicompost application on root growth and ginsenoside content of Panax ginseng,publish,2019,Journal article,Other relevant publications,"vermicompost, plant growth and yield, food quality, horticulture and nurseries","Eo, J. and K.-C. Park","Journal of Environmental Management, 234:458-463",Tests vermicompost on Panax ginseng and measures root growth and ginsenoside content.,"Growers of medicinal and high-value crops, to see vermicompost tested on ginseng.",,https://doi.org/10.1016/j.jenvman.2018.12.101,https://doi.org/10.1016/j.jenvman.2018.12.101,,Field study,Asia
,Studies on efficacy of vermicompost for the management of Polyphagotarsonemus latus (Banks) (Acari: Tarsonemidae) infesting chilli (Capsicum annuum L.) in Haryana,publish,2019,Journal article,Other relevant publications,"soil arthropods, vermicompost, pest suppression, farms and crops","Jangra, M., S. Sindhu, Sonika, R. Gulati and V.K. Batra","The Pharma Innovation Journal, 8(9):86-89","Tests vermicompost against the broad mite Polyphagotarsonemus latus on chilli in Haryana, India.","Chilli growers, to see vermicompost tested against a common mite pest.",,https://www.thepharmajournal.com/archives/2019/vol8issue9/PartB/8-7-108-388.pdf,https://www.thepharmajournal.com/archives/2019/vol8issue9/PartB/8-7-108-388.pdf,,Field study,Asia
,Vermicompost and soil health,publish,2020,Book chapter,Other relevant publications,vermicompost,"Chatterjee, R., A. Debnath and S. Mishra","In: Soil Health, pp. 69-88. Cham: Springer International Publishing",A book chapter on how vermicompost affects soil health.,"Growers new to vermicompost, to get an overview of its effects on soil.",,https://doi.org/10.1007/978-3-030-44364-1_4,https://doi.org/10.1007/978-3-030-44364-1_4,,Review,Global
,Efficiency of compost and vermicompost in supporting the growth and chemical constituents of Salvia officinalis L. cultivated in sand soil,publish,2020,Journal article,Other relevant publications,"compost, vermicompost, plant growth and yield, horticulture and nurseries","El-Haddad, M.E., M.S. Zayed, G.A.M. El-Sayed and A.M. Abd EL-Satar","International Journal of Recycling of Organic Waste in Agriculture, 9(1)",Compares compost and vermicompost for growing sage in sandy soil and measures growth and plant chemistry.,"Herb growers on sandy soils, to compare the two amendments.",,https://doi.org/10.30486/ijrowa.2020.671209,https://doi.org/10.30486/ijrowa.2020.671209,,Field study,Africa
,"Effects of composts and vermicomposts obtained from forced aerated and mechanically turned composting method on growth, mineral nutrition and nutrient uptake of wheat",publish,2020,Journal article,Other relevant publications,"compost, vermicompost, nutrient cycling, plant growth and yield, farms and crops, lab methods and microscopy","Erdal, İ. and K. Ekinci","Journal of Plant Nutrition, 43(9):1343-1355",Compares composts and vermicomposts made by forced aeration or mechanical turning for wheat growth and nutrient uptake.,"Compost makers and grain growers, to see how the composting method may affect crop results.",,https://doi.org/10.1080/01904167.2020.1727506,https://doi.org/10.1080/01904167.2020.1727506,,Greenhouse or pot trial,Asia
,"Vermicompost improves maize, millet and sorghum growth in iron mine tailings",publish,2020,Journal article,Other relevant publications,"vermicompost, plant growth and yield, remediation, farms and crops","Pasqual, M. and T.C. De Souza (author list may be incomplete)","Journal of Environmental Management, 264:110468","Tests vermicompost for growing maize, millet and sorghum in iron mine tailings.","People restoring mine sites, to see vermicompost tested on mine waste.",,https://doi.org/10.1016/j.jenvman.2020.110468,https://doi.org/10.1016/j.jenvman.2020.110468,,Greenhouse or pot trial,South America
,A comparison of composting and vermicomposting for the disposal of poultry waste,publish,2020,Journal article,Other relevant publications,"compost, vermicompost","Joshi, T.N., D.B. Nepali, R. Sah, T. Bhattarai and D.J. Midmore","Animal Production Science, 60(7):986",Compares composting and vermicomposting as ways to process poultry waste.,"Poultry farmers, to compare two ways of handling manure.",,https://doi.org/10.1071/AN17177,https://doi.org/10.1071/AN17177,,Lab study,Asia
,Preventive effect of vermicompost against cucumber Fusarium wilt and improvement of cucumber growth and soil properties,publish,2020,Journal article,Other relevant publications,"vermicompost, disease suppression, plant growth and yield, farms and crops","Zhang, X.Z., R.N. Sa, J.Y. Gao, C.L. Wang, D.W. Liu and Y.J. Zhang","International Journal of Agriculture and Biology, 23(3):515-521",Tests vermicompost against Fusarium wilt of cucumber and measures cucumber growth and soil properties.,"Cucumber growers, to see vermicompost tested against a common wilt disease.",,https://doi.org/10.17957/IJAB/15.1316,https://doi.org/10.17957/IJAB/15.1316,,Greenhouse or pot trial,Asia
,"The effect of application of vermicompost and NPS fertilizer on selected soil properties and yield of maize (Zea mays L.) at Toke Kutaye, Ethiopia",publish,2021,Journal article,Other relevant publications,"vermicompost, plant growth and yield, farms and crops","Emamu, T. and T. Wakgari","International Journal of Applied Agricultural Sciences, 7(5):247","Compares vermicompost and NPS fertiliser on soil properties and maize yield at Toke Kutaye, Ethiopia.","Smallholder farmers and extension workers, to compare vermicompost with mineral fertiliser.",,https://doi.org/10.11648/j.ijaas.20210705.16,https://doi.org/10.11648/j.ijaas.20210705.16,,Field study,Africa
,Global trends and characteristics of vermicompost research over the past 24 years,publish,2021,Journal article,Other relevant publications,"vermicompost, review","Ghorbani, M. and M.R. Sabour","Environmental Science and Pollution Research, 28(1):94-102",Maps global trends in vermicompost research over 24 years using publication data.,"Researchers and students, to see where vermicompost research is growing.",,https://doi.org/10.1007/s11356-020-11119-x,https://doi.org/10.1007/s11356-020-11119-x,,Review,Global
,Vermiremediation: Remediation of soil contaminated with oil using earthworm (Eisenia fetida),publish,2021,Journal article,Other relevant publications,"earthworms, remediation","Javed, F. and I. Hashmi","Soil and Sediment Contamination: An International Journal, 30(6):639-662",Tests the earthworm Eisenia fetida for remediating oil-contaminated soil.,"People working on oil-polluted land, to see earthworms tested as a clean-up tool.",,https://doi.org/10.1080/15320383.2021.1885343,https://doi.org/10.1080/15320383.2021.1885343,,Lab study,Asia
,Changes in physicochemical properties and microfauna community during vermicomposting of municipal sludge under different moisture conditions,publish,2021,Journal article,Other relevant publications,"soil arthropods, vermicompost, remediation","Qin, J., X. Fu, X. Chen and G. Cui","Environmental Science and Pollution Research, 28(24):31539-31548",Tracks soil properties and microfauna during vermicomposting of municipal sludge at different moisture levels.,"Municipal waste managers, to learn how moisture may affect sludge vermicomposting.",,https://doi.org/10.1007/s11356-021-12846-5,https://doi.org/10.1007/s11356-021-12846-5,,Lab study,Asia
,Sustainable management of diseases and pests in crops by vermicompost and vermicompost tea. A review,publish,2021,Journal article,Other relevant publications,"compost tea and extracts, vermicompost, disease suppression, pest suppression, farms and crops, lab methods and microscopy, review","Yatoo, A.M., M.N. Ali, Z.A. Baba and B. Hassan","Agronomy for Sustainable Development, 41(1):7",Reviews the use of vermicompost and vermicompost tea to manage crop diseases and pests.,"Growers and advisors, to get a broad review of vermicompost in crop protection.",,https://doi.org/10.1007/s13593-020-00657-w,https://doi.org/10.1007/s13593-020-00657-w,,Review,Global
,Using cow dung and mineral vermireactors to produce vermicompost for use as a soil amendment to slow Pb2+ migration,publish,2022,Journal article,Other relevant publications,"vermicompost, remediation","Wang, F., L. Miao, Y. Wang, M. Zhang, H. Zhang, Y. Ding and W. Zhu","Applied Soil Ecology, 170:104299",Tests vermicompost made with cow dung and mineral vermireactors as a soil amendment to slow lead movement in soil.,"People working on lead-contaminated soil, to see vermicompost tested for holding lead in place.",,https://doi.org/10.1016/j.apsoil.2021.104299,https://doi.org/10.1016/j.apsoil.2021.104299,,Lab study,Asia
,Effect of post-production vermicompost and thermophilic compost blending on nutrient availability,publish,2023,Journal article,Other relevant publications,"compost, vermicompost, nutrient cycling","Bellitürk, K., L. Fang and J.H. Görres","Waste Management, 155:146-152",Tests blending vermicompost with thermophilic compost after production and measures nutrient availability.,"Compost and vermicompost producers, to see how blending may change nutrient content.",,https://doi.org/10.1016/j.wasman.2022.09.032,https://doi.org/10.1016/j.wasman.2022.09.032,,Lab study,North America
,Vermiremediation of heavy metals (HMs)-contaminated agricultural land: Synergistic changes in soil enzyme activities and earthworm's growth parameters,publish,2023,Journal article,Other relevant publications,"earthworms, plant growth and yield, remediation, farms and crops","Borah, G. and H. Deka","Environmental Science and Pollution Research, 30(54):115266-115278",Tests earthworms for reducing heavy metals in contaminated farmland and measures soil enzyme activity and earthworm growth.,"People working on contaminated farmland, to see earthworms tested as a clean-up tool.",,https://doi.org/10.1007/s11356-023-30500-0,https://doi.org/10.1007/s11356-023-30500-0,,Field study,Asia
,"Vermicomposting technology: A perspective on vermicompost production technologies, limitations and prospects",publish,2023,Journal article,Other relevant publications,"vermicompost, review","Enebe, M.C. and M. Erasmus","Journal of Environmental Management, 345:118585","Reviews vermicompost production technologies, their limitations and future prospects.","People starting or scaling a worm farm, to compare production systems.",,https://doi.org/10.1016/j.jenvman.2023.118585,https://doi.org/10.1016/j.jenvman.2023.118585,,Review,Global
,Soil security: The cornerstone of national security in an era of global disruptions,publish,2024,Journal article,Other relevant publications,"farms and crops, policy and soil security","Basset, C.","Soil Security, 16:100154",Argues that soil security should be treated as a part of national security in a time of global disruption.,"Readers working on soil policy, to see the case for soil in national security planning.",,https://doi.org/10.1016/j.soisec.2024.100154,https://doi.org/10.1016/j.soisec.2024.100154,,Article or commentary,Global
,How the soil microbiome could be enhanced by vermicomposting strategies: An experimental case,publish,2024,Conference proceedings,Other relevant publications,vermicompost,"Basset, C. and Q. Lambert","Soil Health in Achieving the Sustainable Development Goals (Soil microbiomes: Importance for climate resilient future, degraded lands restoration and plant health control), p. 58",A conference paper presenting an experimental case on how vermicomposting strategies may enhance the soil microbiome.,"Vermicompost users, to see an example of vermicomposting aimed at soil microbes.",,https://drive.google.com/file/d/1mcbITzR1wfY1b4vLAaceHAyg_y_K3vzq/view,https://drive.google.com/file/d/1mcbITzR1wfY1b4vLAaceHAyg_y_K3vzq/view,,Greenhouse or pot trial,Europe
,Vermicompost application enhances soil health and plant physiological and antioxidant defense to conferring heavy metals tolerance in fragrant rice,publish,2024,Journal article,Other relevant publications,"vermicompost, food quality, remediation, farms and crops","Iqbal, A., R. Khan, Q. Hussain, M. Imran, Z. Mo, T. Hua, M. Adnan, I. Abid, H. Rizwana, M. Soliman Elshikh, A. El Sabagh, R. Lal and X. Tang","Frontiers in Sustainable Food Systems, 8:1418554",Tests vermicompost on fragrant rice grown in heavy metal-contaminated soil and measures soil health and plant defences.,"Rice growers on contaminated soil, to see vermicompost tested for reducing heavy metal stress.",,https://doi.org/10.3389/fsufs.2024.1418554,https://doi.org/10.3389/fsufs.2024.1418554,,Greenhouse or pot trial,Asia
,"Enhancing sustainable crop production through integrated nutrient management: A focus on vermicompost, bio-enriched rock phosphate, and inorganic fertilisers. A systematic review",publish,2024,Journal article,Other relevant publications,"vermicompost, nutrient cycling, farms and crops, lab methods and microscopy, review","Sande, T.J., H.J. Tindwa, A.M.T. Alovisi, M.J. Shitindi and J.M. Semoka","Frontiers in Agronomy, 6:1422876","A systematic review of combining vermicompost, bio-enriched rock phosphate and mineral fertilisers for crop production.","Farmers and advisors, to see how vermicompost can be combined with other inputs.",,https://doi.org/10.3389/fagro.2024.1422876,https://doi.org/10.3389/fagro.2024.1422876,,Review,Global
,"The role of AI-enhanced microscopy in soil biodiversity assessment: Advancing soil security, connectivity and governance with implications for the European Directive on Soil Monitoring and Resilience, and global agendas",publish,2025,Journal article,Other relevant publications,"lab methods and microscopy, soil biodiversity, policy and soil security, review","Basset, C. and Q. Zaldo-Aubanell","Soil Security, 21:100203",Reviews AI-enhanced microscopy for assessing soil biodiversity and its links to soil security and EU soil monitoring policy.,"Soil lab techs and policy readers, to see how AI microscopy may scale up soil biology testing.",,https://doi.org/10.1016/j.soisec.2025.100203,https://doi.org/10.1016/j.soisec.2025.100203,,Review,Europe
,"Vermicomposting for sustainable soil health in sub-Saharan Africa focusing on Ethiopia: Opportunities, adoption barriers, and policy pathways",publish,2025,Journal article,Other relevant publications,"vermicompost, lab methods and microscopy, policy and soil security, review","Gebrehana, Z.G., M.T. Gebremikael, S. Beyene, W.M.L. Wesemael and S. De Neve",International Journal of Recycling of Organic Waste in Agriculture (in press),"Reviews opportunities, adoption barriers and policy pathways for vermicomposting in sub-Saharan Africa, focusing on Ethiopia.","People working on agricultural development in Africa, to understand what helps or hinders vermicompost adoption.",,https://doi.org/10.57647/IJROWA-2026-17444,https://doi.org/10.57647/IJROWA-2026-17444,,Review,Africa
,Solid vermicompost and its liquid derivative exhibit strong biocontrol properties against Myzus persicae aphids on sweet pepper,publish,2025,Journal article,Other relevant publications,"compost tea and extracts, vermicompost, pest suppression, farms and crops","Jerbi-Elayed, M., S. Brandl, G. Sempo, J. Riviere, D. Lanterbecq, M. Annet, L. Grawez Demoulin, M. Quinet, S. Lutts, T. Hance and F. Renoz","Journal of Pest Science, 98(4):2265-2286",Tests solid vermicompost and its liquid extract against green peach aphids on sweet pepper.,"Pepper and greenhouse growers, to see vermicompost tested against aphids.",,https://doi.org/10.1007/s10340-025-01937-8,https://doi.org/10.1007/s10340-025-01937-8,,Greenhouse or pot trial,Europe
,"Adoption of a biologically-enhanced agricultural management (BEAM) approach in agroecosystems for regenerating soil fertility, improving farm profitability and achieving productive utilization of atmospheric CO2",publish,2025,Journal article,Other relevant publications,"soil carbon, farms and crops, lab methods and microscopy","Johnson, D.C. and H.-C.S. Johnson","PeerJ, 13:e19167","Reports on the BEAM approach, a biological farming method, and its effects on soil fertility, farm profitability and carbon capture.","Farmers considering biological methods, to see reported results on fertility, profit and carbon.",,https://doi.org/10.7717/peerj.19167,https://doi.org/10.7717/peerj.19167,,Field study,North America
,Global trends and advances in vermicomposting: A bibliometric analysis of its multidisciplinary applications,publish,2025,Journal article,Other relevant publications,"vermicompost, review","Kumar, A., M. Pandey, A. Srivastava, K. Pant, A. Gupta and P. Ranjan",Circular Economy and Sustainability,A bibliometric analysis of global research trends in vermicomposting across many fields of use.,"Researchers and students, to see how widely vermicomposting is studied.",,https://doi.org/10.1007/s43615-025-00628-x,https://doi.org/10.1007/s43615-025-00628-x,,Review,Global
,Assessing the efficacy of vermiremediation in mitigating heavy metal contamination in soil systems,publish,2025,Journal article,Other relevant publications,"earthworms, remediation, review","Kumar, V., H. Sable, S. Singh, R. Mishra, V. Singh, N. Ranjan, A. Kumar, K. Sharma and A. Roy","Environmental Quality Management, 34(3):e70044",Reviews the effectiveness of earthworms in reducing heavy metal contamination in soil.,"People working on contaminated land, to see a summary of the evidence on earthworm clean-up.",,https://doi.org/10.1002/tqem.70044,https://doi.org/10.1002/tqem.70044,,Review,Global
,Tigray government scales vermi-composting technology to boost agricultural productivity in times of conflict (Ethiopia),publish,2025,Internet article,Other relevant publications,"vermicompost, farms and crops, policy and soil security","Machua-Muniu, N., M. Ostwald and L. Hansson",SLU Global Change Stories,A case story on how the Tigray regional government in Ethiopia scaled up vermicomposting during conflict.,"People working on agricultural development, to see a real example of vermicompost adoption at scale.",,https://www.slu.se/en/collaboration/international-collaboration/slu-global/agrifose2030/change-stories/tigray-government-scales-vermi-composting-technology-to-boost-agricultural-productivity-in-times-of-conflict/,https://www.slu.se/en/collaboration/international-collaboration/slu-global/agrifose2030/change-stories/tigray-government-scales-vermi-composting-technology-to-boost-agricultural-productivity-in-times-of-conflict/,,Article or commentary,Africa
,Effectiveness of microdosing in comparison to broadcasting and banding vermicompost application for maize (Zea mays L.) production in smallholder farming of semiarid Tigray Region of Ethiopia,publish,2025,Journal article,Other relevant publications,"vermicompost, farms and crops","Tekulu, K., G. Kahsu, W. Gebrehiwot, T. Berhe, S. Mebrahtom and T. Tadele","International Journal of Agronomy, 2025:7191844","Compares microdosing, broadcasting and banding of vermicompost for maize on smallholder farms in semiarid Tigray, Ethiopia.","Smallholder maize farmers and extension workers, to choose an application method.",,https://doi.org/10.1155/ioa/7191844,https://doi.org/10.1155/ioa/7191844,,Field study,Africa
,"Study finds fungi, not plant matter, responsible for most carbon sequestration in northern forests",publish,2013,Internet article,Internet articles,"fungi, soil carbon, decomposition, forests",,"March 19, 2013","A news article on research suggesting that fungi associated with roots, more than surface plant litter, account for most carbon stored in northern forest soils.","Readers interested in soil carbon, to learn about the role of fungi in storing carbon.",,https://phys.org/news/2013-03-fungi-responsible-carbon-sequestration-northern.html,https://phys.org/news/2013-03-fungi-responsible-carbon-sequestration-northern.html,,Article or commentary,Europe
,Compost could be worth double or triple of current price only if…,publish,2018,Internet article,Internet articles,"compost, farms and crops",,"September 18, 2018",A LinkedIn article arguing that compost is undervalued and describing what could raise its price.,"Compost producers and sellers, to think about how to position and price their product.",,https://www.linkedin.com/pulse/compost-could-worth-double-triple-current-price-only-daniel-tyrkiel,https://www.linkedin.com/pulse/compost-could-worth-double-triple-current-price-only-daniel-tyrkiel,,Article or commentary,Global
,Carbon sequestration: The climate change solution that virtually all climate activists ignore,publish,2015,Internet article,Internet articles,soil carbon,,"February 3, 2015",An opinion article arguing that soil carbon sequestration is an overlooked tool against climate change.,"General readers, to see the argument for soil carbon in climate action.",,https://articles.mercola.com/sites/articles/archive/2015/02/03/carbon-sequestration-climate-change.aspx,https://articles.mercola.com/sites/articles/archive/2015/02/03/carbon-sequestration-climate-change.aspx,,Article or commentary,Global
,Researchers propose ecological route to plant disease control,publish,2015,Internet article,Internet articles,"disease suppression, farms and crops",,"September 24, 2015","A university news article on researchers proposing ecological approaches, using beneficial microbes, to control plant disease in tomatoes.","Growers interested in biological disease control, to see the research direction in plain language.",,https://www.york.ac.uk/news-and-events/news/2015/research/tomatoes-disease-biology/,https://www.york.ac.uk/news-and-events/news/2015/research/tomatoes-disease-biology/,,Article or commentary,Europe
,Predatory earwigs are attracted by herbivore-induced plant volatiles linked with plant growth-promoting rhizobacteria,publish,2021,Internet article,Internet articles,"bacteria, pest suppression, plant growth and yield",,"September 24, 2021","A study reporting that plant growth-promoting root bacteria changed the scents plants release when attacked, and that these scents attracted predatory earwigs.","Growers interested in natural pest control, to see how root microbes may help bring in pest predators.",,https://drive.google.com/file/d/1nxNVpghLhyqI8rndiSyNhlg9wiBZ_qRK/view,https://drive.google.com/file/d/1nxNVpghLhyqI8rndiSyNhlg9wiBZ_qRK/view,,Lab study,Global
